LapStartTime,LapNumber,LapTime,DriverNumber,Compound,TyreLife,TrackStatus,Stint,DistanceToDriverAhead,DriverAhead,Track,AirTemp,Humidity,Pressure,Rainfall,TrackTemp,WindDirection,WindSpeed
2039.522,1,,11,SOFT,4.0,1,1,,,Baku,24.5,52.3,1015.1,False,40.0,221,0.3
2039.522,1,,10,SOFT,6.0,1,1,,,Baku,24.5,52.3,1015.1,False,40.0,221,0.3
2039.522,1,,16,SOFT,4.0,1,1,,,Baku,24.5,52.3,1015.1,False,40.0,221,0.3
2039.522,1,,4,SOFT,4.0,1,1,,,Baku,24.5,52.3,1015.1,False,40.0,221,0.3
2039.522,1,,14,SOFT,4.0,1,1,,,Baku,24.5,52.3,1015.1,False,40.0,221,0.3
2039.522,1,,22,SOFT,7.0,1,1,,,Baku,24.5,52.3,1015.1,False,40.0,221,0.3
2039.522,1,,55,SOFT,4.0,1,1,,,Baku,24.5,52.3,1015.1,False,40.0,221,0.3
2039.522,1,,3,SOFT,1.0,1,1,,,Baku,24.5,52.3,1015.1,False,40.0,221,0.3
2039.522,1,,7,MEDIUM,1.0,1,1,,,Baku,24.5,52.3,1015.1,False,40.0,221,0.3
2039.522,1,,77,SOFT,5.0,1,1,,,Baku,24.5,52.3,1015.1,False,40.0,221,0.3
2039.522,1,,47,SOFT,1.0,1,1,,,Baku,24.5,52.3,1015.1,False,40.0,221,0.3
2039.522,1,,9,SOFT,1.0,1,1,,,Baku,24.5,52.3,1015.1,False,40.0,221,0.3
2039.522,1,,44,SOFT,5.0,1,1,,,Baku,24.5,52.3,1015.1,False,40.0,221,0.3
2039.522,1,,99,SOFT,1.0,1,1,,,Baku,24.5,52.3,1015.1,False,40.0,221,0.3
2039.522,1,,5,SOFT,1.0,1,1,,,Baku,24.5,52.3,1015.1,False,40.0,221,0.3
2039.522,1,,6,MEDIUM,1.0,1,1,,,Baku,24.5,52.3,1015.1,False,40.0,221,0.3
2039.522,1,,31,SOFT,1.0,1,1,,,Baku,24.5,52.3,1015.1,False,40.0,221,0.3
2039.522,1,,18,HARD,1.0,1,1,,,Baku,24.5,52.3,1015.1,False,40.0,221,0.3
2039.522,1,,63,MEDIUM,1.0,1,1,,,Baku,24.5,52.3,1015.1,False,40.0,221,0.3
2039.522,1,,33,SOFT,2.0,1,1,,,Baku,24.5,52.3,1015.1,False,40.0,221,0.3
2151.899,2,109.672,16,SOFT,5.0,1,1,,,Baku,24.6,51.4,1015.1,False,40.5,272,0.1
2152.26,2,109.236,44,SOFT,6.0,1,1,39.68916666666155,16,Baku,24.6,51.4,1015.1,False,40.5,272,0.1
2152.945,2,109.55,33,SOFT,3.0,1,1,40.8861111111155,44,Baku,24.6,51.4,1015.1,False,40.5,272,0.1
2154.231,2,109.18,11,SOFT,5.0,1,1,101.88027777777825,33,Baku,24.6,51.4,1015.1,False,40.5,272,0.1
2154.936,2,109.031,10,SOFT,7.0,1,1,80.00722222222521,11,Baku,24.6,51.4,1015.1,False,40.5,272,0.1
2155.515,2,109.542,55,SOFT,5.0,1,1,14.742500000000291,10,Baku,24.6,51.4,1015.1,False,40.5,272,0.1
2156.846,2,110.062,14,SOFT,5.0,1,1,107.4647222222211,55,Baku,24.6,51.4,1015.1,False,40.5,272,0.1
2157.284,2,110.071,22,SOFT,8.0,1,1,43.705277777778974,14,Baku,24.6,51.4,1015.1,False,40.5,272,0.1
2158.086,2,110.157,5,SOFT,2.0,1,1,71.9894444444435,22,Baku,24.6,51.4,1015.1,False,40.5,272,0.1
2159.205,2,110.418,77,SOFT,6.0,1,1,5.349722222225864,31,Baku,24.6,51.4,1015.1,False,40.5,272,0.1
2159.791,2,110.85,31,SOFT,2.0,1,1,102.71222222222059,5,Baku,24.6,51.4,1015.1,False,40.5,272,0.1
2159.9,2,111.296,4,SOFT,5.0,1,1,22.182499999997162,77,Baku,24.6,51.4,1015.1,False,40.5,272,0.1
2160.335,2,110.972,3,SOFT,2.0,1,1,6.364444444448964,4,Baku,24.6,51.4,1015.1,False,40.5,272,0.1
2161.261,2,111.655,7,MEDIUM,2.0,1,1,82.27861111110815,3,Baku,24.6,51.4,1015.1,False,40.5,272,0.1
2162.105,2,115.997,99,SOFT,2.0,1,1,30.341666666665333,7,Baku,24.6,51.4,1015.1,False,40.5,272,0.1
2163.984,2,111.395,18,HARD,2.0,1,1,186.2411111111105,99,Baku,24.6,51.4,1015.1,False,40.5,272,0.1
2164.615,2,112.208,6,MEDIUM,2.0,1,1,55.57638888888687,18,Baku,24.6,51.4,1015.1,False,40.5,272,0.1
2165.409,2,112.393,47,SOFT,2.0,1,1,42.91694444444602,6,Baku,24.6,53.2,1015.0,False,40.4,261,0.8
2165.76,2,113.144,9,SOFT,2.0,1,1,36.96000000000549,47,Baku,24.6,53.2,1015.0,False,40.4,261,0.8
2167.906,2,127.33,63,HARD,1.0,1,2,226.2236111111115,9,Baku,24.6,53.2,1015.0,False,40.4,261,0.8
2261.496,3,108.06,44,SOFT,7.0,1,1,27.703333333320188,16,Baku,24.4,54.5,1015.1,False,40.4,252,0.3
2261.571,3,108.746,16,SOFT,6.0,1,1,,,Baku,24.4,54.5,1015.1,False,40.4,252,0.3
2262.495,3,108.04,33,SOFT,4.0,1,1,61.94027777777592,44,Baku,24.4,54.5,1015.1,False,40.4,252,0.3
2263.411,3,108.644,11,SOFT,6.0,1,1,68.13055555555911,33,Baku,24.4,54.5,1015.1,False,40.4,252,0.3
2263.967,3,109.207,10,SOFT,8.0,1,1,75.03027777779789,11,Baku,24.4,54.5,1015.1,False,40.4,252,0.3
2265.057,3,109.3,55,SOFT,6.0,1,1,45.9327777777944,10,Baku,24.4,54.5,1015.1,False,40.4,252,0.3
2266.908,3,108.76,14,SOFT,6.0,1,1,157.1427777777444,55,Baku,24.4,54.5,1015.1,False,40.4,252,0.3
2267.355,3,108.534,22,SOFT,9.0,1,1,46.57666666667501,14,Baku,24.4,54.5,1015.1,False,40.4,252,0.3
2268.243,3,109.02,5,SOFT,3.0,1,1,111.7541666666657,22,Baku,24.4,54.5,1015.1,False,40.4,252,0.3
2269.623,3,109.315,77,SOFT,7.0,1,1,121.2302777777677,5,Baku,24.4,54.5,1015.1,False,40.4,252,0.3
2270.641,3,130.806,31,SOFT,3.0,1,1,17.25722222220611,77,Baku,24.4,54.5,1015.1,False,40.4,252,0.3
2271.196,3,109.911,4,SOFT,6.0,1,1,17.038611111123828,3,Baku,24.4,54.5,1015.1,False,40.4,252,0.3
2271.307,3,110.246,3,SOFT,3.0,1,1,38.001944444458786,31,Baku,24.4,54.5,1015.1,False,40.4,252,0.3
2272.916,3,111.973,7,MEDIUM,3.0,1,1,112.34249999998428,4,Baku,24.4,54.5,1015.1,False,40.4,252,0.3
2275.379,3,109.532,18,HARD,3.0,1,1,193.3744444444419,7,Baku,24.4,54.5,1015.1,False,40.4,252,0.3
2276.823,3,110.685,6,MEDIUM,3.0,1,1,114.07777777780393,18,Baku,24.4,54.5,1015.1,False,40.4,252,0.3
2277.802,3,110.49,47,SOFT,3.0,1,1,59.661666666661404,6,Baku,24.4,54.5,1015.1,False,40.4,252,0.3
2278.102,3,126.274,99,HARD,1.0,1,2,53.325277777777956,47,Baku,24.4,54.5,1015.1,False,40.4,252,0.3
2278.904,3,111.22,9,SOFT,3.0,1,1,0.7636111110969068,99,Baku,24.4,54.5,1015.1,False,40.4,252,0.3
2295.236,3,110.787,63,HARD,2.0,1,2,287.35249999998086,99,Baku,24.3,54.5,1015.1,False,40.4,252,0.3
2369.556,4,107.462,44,SOFT,8.0,2,1,,,Baku,24.4,53.6,1015.1,False,40.6,269,0.5
2370.317,4,107.6,16,SOFT,7.0,2,1,26.30722222218901,44,Baku,24.4,53.6,1015.1,False,40.6,269,0.5
2370.535,4,107.826,33,SOFT,5.0,2,1,30.093055555578758,16,Baku,24.4,53.6,1015.1,False,40.6,269,0.5
2372.055,4,107.842,11,SOFT,7.0,2,1,145.45666666665056,33,Baku,24.4,53.6,1015.1,False,40.6,269,0.5
2373.174,4,107.938,10,SOFT,9.0,2,1,130.8469444445036,11,Baku,24.4,53.6,1015.1,False,40.6,269,0.5
2374.357,4,108.563,55,SOFT,7.0,2,1,30.977777777770825,10,Baku,24.4,53.6,1015.1,False,40.6,269,0.5
2375.668,4,108.662,14,SOFT,7.0,2,1,120.22694444441368,55,Baku,24.4,53.6,1015.1,False,40.6,269,0.5
2375.889,4,108.998,22,SOFT,10.0,2,1,31.76250000002983,14,Baku,24.4,53.6,1015.1,False,40.6,269,0.5
2377.263,4,108.427,5,SOFT,4.0,2,1,179.45888888886475,22,Baku,24.4,53.6,1015.1,False,40.6,269,0.5
2378.938,4,109.208,77,SOFT,8.0,2,1,141.5986111111015,5,Baku,24.4,53.6,1015.1,False,40.6,269,0.5
2381.107,4,107.49,4,SOFT,7.0,2,1,102.98861111111182,77,Baku,24.4,53.6,1015.1,False,40.6,269,0.5
2381.553,4,108.635,3,SOFT,4.0,2,1,17.29750000000422,4,Baku,24.4,53.6,1015.1,False,40.6,269,0.5
2384.889,4,110.255,7,MEDIUM,4.0,2,1,212.76972222222685,77,Baku,24.4,53.6,1015.1,False,40.6,269,0.5
2384.911,4,108.911,18,HARD,4.0,2,1,2.0877777777604933,7,Baku,24.4,53.6,1015.1,False,40.6,269,0.5
2387.508,4,109.947,6,MEDIUM,4.0,2,1,182.19250000000466,7,Baku,24.4,53.6,1015.1,False,40.6,269,0.5
2388.292,4,110.588,47,SOFT,4.0,2,1,47.72972222224416,6,Baku,24.4,53.6,1015.1,False,40.6,269,0.5
2390.124,4,109.955,9,SOFT,4.0,2,1,166.37555555550352,47,Baku,24.4,53.6,1015.1,False,40.6,269,0.5
2404.376,4,108.836,99,HARD,2.0,2,2,693.6730555556023,9,Baku,24.4,53.6,1015.1,False,40.6,269,0.5
2406.023,4,109.894,63,HARD,3.0,2,2,180.609999999946,99,Baku,24.4,54.4,1015.0,False,40.8,6,0.3
2477.018,5,107.642,44,SOFT,9.0,1,1,,,Baku,24.7,54.6,1015.0,False,40.9,237,0.4
2477.917,5,107.26,16,SOFT,8.0,1,1,39.301944444338005,44,Baku,24.7,54.6,1015.0,False,40.9,237,0.4
2478.361,5,107.107,33,SOFT,6.0,1,1,60.00305555563682,16,Baku,24.7,54.6,1015.0,False,40.9,237,0.4
2479.897,5,107.157,11,SOFT,8.0,1,1,141.447499999922,33,Baku,24.7,54.6,1015.0,False,40.9,237,0.4
2481.112,5,107.643,10,SOFT,10.0,1,1,140.48527777785785,11,Baku,24.7,54.6,1015.0,False,40.9,237,0.4
2482.92,5,107.796,55,SOFT,8.0,1,1,66.74277777778116,10,Baku,24.7,54.6,1015.0,False,40.9,237,0.4
2484.33,5,108.448,14,SOFT,8.0,1,1,141.81249999992724,55,Baku,24.7,54.6,1015.0,False,40.9,237,0.4
2484.887,5,108.142,22,SOFT,11.0,1,1,67.66055555562707,14,Baku,24.7,54.6,1015.0,False,40.9,237,0.4
2485.69,5,108.787,5,SOFT,5.0,1,1,126.969722222173,22,Baku,24.7,54.6,1015.0,False,40.9,237,0.4
2488.146,5,108.222,77,SOFT,9.0,1,1,50.04888888887217,4,Baku,24.7,54.6,1015.0,False,40.9,237,0.4
2488.597,5,109.001,4,SOFT,8.0,1,1,113.80611111115286,5,Baku,24.7,54.6,1015.0,False,40.9,237,0.4
2490.188,5,108.401,3,SOFT,5.0,1,1,69.44222222225653,77,Baku,24.7,54.6,1015.0,False,40.9,237,0.4
2493.822,5,108.862,18,HARD,5.0,1,1,208.6152777776988,77,Baku,24.7,54.6,1015.0,False,40.9,237,0.4
2495.144,5,108.865,7,MEDIUM,5.0,1,1,98.67388888895584,18,Baku,24.7,54.6,1015.0,False,40.9,237,0.4
2497.455,5,109.472,6,MEDIUM,5.0,1,1,172.97277777775162,7,Baku,24.7,54.6,1015.0,False,40.9,237,0.4
2498.88,5,110.103,47,SOFT,5.0,1,1,104.76277777780342,6,Baku,24.7,54.6,1015.0,False,40.9,237,0.4
2500.079,5,109.871,9,SOFT,5.0,1,1,110.73111111107937,47,Baku,24.7,54.6,1015.0,False,40.9,237,0.4
2513.212,5,108.592,99,HARD,3.0,1,2,633.1136111111591,9,Baku,24.7,54.6,1015.0,False,40.9,237,0.4
2515.917,5,109.098,63,HARD,4.0,1,2,253.83444444437555,99,Baku,24.7,54.6,1015.0,False,40.9,237,0.4
2584.66,6,107.394,44,SOFT,10.0,1,1,,,Baku,24.8,54.6,1015.0,False,40.9,237,0.4
2585.177,6,107.963,16,SOFT,9.0,1,1,10.04583333325354,44,Baku,24.8,53.5,1014.9,False,41.0,278,0.5
2585.468,6,107.548,33,SOFT,7.0,1,1,57.17166666673802,16,Baku,24.8,53.5,1014.9,False,41.0,278,0.5
2587.054,6,107.513,11,SOFT,9.0,1,1,146.59749999991254,33,Baku,24.8,53.5,1014.9,False,41.0,278,0.5
2588.755,6,107.915,10,SOFT,11.0,1,1,188.05055555568106,11,Baku,24.8,53.5,1014.9,False,41.0,278,0.5
2590.716,6,107.894,55,SOFT,9.0,1,1,62.62166666661142,10,Baku,24.8,53.5,1014.9,False,41.0,278,0.5
2592.778,6,108.932,14,SOFT,9.0,1,1,200.90055555543586,10,Baku,24.8,53.5,1014.9,False,41.0,278,0.5
2593.029,6,108.695,22,SOFT,12.0,1,1,38.30555555566025,14,Baku,24.8,53.5,1014.9,False,41.0,278,0.5
2594.477,6,108.717,5,SOFT,6.0,1,1,203.49555555548068,22,Baku,24.8,53.5,1014.9,False,41.0,278,0.5
2596.368,6,108.335,77,SOFT,10.0,1,1,129.49750000005952,5,Baku,24.8,53.5,1014.9,False,41.0,278,0.5
2597.598,6,108.772,4,SOFT,9.0,1,1,11.68611111109567,77,Baku,24.8,53.5,1014.9,False,41.0,278,0.5
2598.589,6,108.255,3,SOFT,6.0,1,1,62.25750000002881,4,Baku,24.8,53.5,1014.9,False,41.0,278,0.5
2602.684,6,108.509,18,HARD,6.0,1,1,247.91555555543528,77,Baku,24.8,53.5,1014.9,False,41.0,278,0.5
2604.009,6,109.024,7,MEDIUM,6.0,1,1,79.0897222223175,18,Baku,24.8,53.5,1014.9,False,41.0,278,0.5
2606.927,6,109.469,6,MEDIUM,6.0,1,1,197.3580555554945,7,Baku,24.8,53.5,1014.9,False,41.0,278,0.5
2608.983,6,109.707,47,SOFT,6.0,1,1,149.8066666666964,6,Baku,24.8,53.5,1014.9,False,41.0,278,0.5
2609.95,6,110.279,9,SOFT,6.0,1,1,85.29999999996289,47,Baku,24.8,53.5,1014.9,False,41.0,278,0.5
2621.804,6,108.784,99,HARD,4.0,1,2,607.5136111111497,9,Baku,24.8,53.5,1014.9,False,41.0,278,0.5
2625.015,6,109.339,63,HARD,5.0,1,2,274.713888888793,99,Baku,24.8,53.5,1014.9,False,41.0,278,0.5
2692.054,7,107.056,44,SOFT,11.0,1,1,,,Baku,24.8,53.5,1014.9,False,41.0,278,0.5
2693.016,7,107.218,33,SOFT,8.0,1,1,20.24000000016531,16,Baku,24.8,53.5,1014.9,False,41.0,278,0.5
2693.14,7,108.611,16,SOFT,10.0,1,1,69.40638888870308,44,Baku,24.8,53.5,1014.9,False,41.0,278,0.5
2694.567,7,107.046,11,SOFT,10.0,1,1,149.06277777768992,33,Baku,24.8,53.5,1014.9,False,41.0,278,0.5
2696.67,7,107.705,10,SOFT,12.0,1,1,222.08083333347895,11,Baku,24.8,53.5,1014.9,False,41.0,278,0.5
2698.61,7,108.084,55,SOFT,10.0,1,1,50.00305555551313,10,Baku,24.8,53.5,1014.9,False,41.0,278,0.5
2701.71,7,114.515,14,SOFT,10.0,1,1,225.69138888872112,10,Baku,24.8,53.5,1014.9,False,41.0,278,0.5
2701.724,7,108.91,22,SOFT,13.0,1,1,23.315555555658648,14,Baku,24.8,53.5,1014.9,False,41.0,278,0.5
2703.194,7,108.43,5,SOFT,7.0,1,1,213.39222222212993,22,Baku,24.8,53.5,1014.9,False,41.0,278,0.5
2704.703,7,108.877,77,SOFT,11.0,1,1,92.98138888894755,5,Baku,24.8,53.5,1014.9,False,41.0,278,0.5
2706.37,7,112.031,4,SOFT,10.0,1,1,48.715833333284536,77,Baku,24.7,53.9,1015.0,False,41.0,225,0.4
2706.844,7,108.938,3,SOFT,7.0,1,1,26.312222222288256,4,Baku,24.7,53.9,1015.0,False,41.0,225,0.4
2711.193,7,108.233,18,HARD,7.0,1,1,264.92805555539235,77,Baku,24.7,53.9,1015.0,False,41.0,225,0.4
2713.033,7,108.785,7,MEDIUM,7.0,1,1,104.09388888905232,18,Baku,24.7,53.9,1015.0,False,41.0,225,0.4
2716.396,7,109.322,6,MEDIUM,7.0,1,1,233.2511111110216,7,Baku,24.7,53.9,1015.0,False,41.0,225,0.4
2718.69,7,109.824,47,SOFT,7.0,1,1,157.97944444449968,6,Baku,24.7,53.9,1015.0,False,41.0,225,0.4
2720.229,7,110.664,9,SOFT,7.0,1,1,135.73361111101985,47,Baku,24.7,53.9,1015.0,False,41.0,225,0.4
2730.588,7,108.703,99,HARD,5.0,1,2,559.3150000000896,9,Baku,24.7,53.9,1015.0,False,41.0,225,0.4
2734.354,7,109.446,63,HARD,6.0,1,2,292.85611111095204,99,Baku,24.7,53.9,1015.0,False,41.0,225,0.4
2799.11,8,107.084,44,SOFT,12.0,1,1,,,Baku,24.7,53.9,1015.0,False,41.0,225,0.4
2800.234,8,107.149,33,SOFT,9.0,1,1,96.47694444446824,44,Baku,24.7,53.9,1015.0,False,41.0,225,0.4
2801.613,8,107.273,11,SOFT,11.0,1,1,16.16000000001077,16,Baku,24.7,53.9,1015.0,False,41.0,225,0.4
2801.751,8,108.721,16,SOFT,11.0,1,1,105.44694444433117,33,Baku,24.7,53.9,1015.0,False,41.0,225,0.4
2804.375,8,107.396,10,SOFT,13.0,1,1,276.89083333346935,11,Baku,24.7,53.9,1015.0,False,41.0,225,0.4
2806.694,8,107.762,55,SOFT,11.0,1,1,68.52583333334769,10,Baku,24.7,53.9,1015.0,False,41.0,225,0.4
2810.634,8,108.338,22,SOFT,14.0,1,1,288.10138888876827,10,Baku,24.7,53.9,1015.0,False,41.0,225,0.4
2811.624,8,108.189,5,SOFT,8.0,1,1,169.85555555547035,22,Baku,24.7,53.9,1015.0,False,41.0,225,0.4
2813.58,8,108.418,77,SOFT,12.0,1,1,133.61722222236858,5,Baku,24.7,53.9,1015.0,False,41.0,225,0.4
2815.782,8,108.211,3,SOFT,8.0,1,1,79.26666666669189,77,Baku,24.7,53.9,1015.0,False,41.0,225,0.4
2816.225,8,125.508,14,HARD,1.0,1,2,96.37666666657606,3,Baku,24.7,53.9,1015.0,False,41.0,225,0.4
2818.401,8,124.045,4,HARD,1.0,1,2,200.25722222217883,77,Baku,24.7,53.9,1015.0,False,41.0,225,0.4
2819.426,8,108.315,18,HARD,8.0,1,1,5.379722222103737,14,Baku,24.7,53.9,1015.0,False,41.0,225,0.4
2821.818,8,108.567,7,MEDIUM,8.0,1,1,10.284444444485416,14,Baku,24.7,53.9,1015.0,False,41.0,225,0.4
2825.718,8,109.254,6,MEDIUM,8.0,1,1,251.5036111110967,7,Baku,24.8,53.7,1015.0,False,41.2,257,0.4
2828.514,8,113.586,47,SOFT,8.0,1,1,181.3099999999904,6,Baku,24.8,53.7,1015.0,False,41.2,257,0.4
2830.893,8,110.991,9,SOFT,8.0,1,1,31.593055555495084,4,Baku,24.8,53.7,1015.0,False,41.2,257,0.4
2839.291,8,108.64,99,HARD,6.0,1,2,201.07222222233395,4,Baku,24.8,53.7,1015.0,False,41.2,257,0.4
2843.8,8,108.919,63,HARD,7.0,1,2,314.10083333308285,99,Baku,24.8,53.7,1015.0,False,41.2,257,0.4
2906.194,9,107.399,44,SOFT,13.0,1,1,,,Baku,24.8,53.8,1014.9,False,41.4,245,0.3
2907.383,9,107.125,33,SOFT,10.0,1,1,96.03555555547064,44,Baku,24.8,53.8,1014.9,False,41.4,245,0.3
2908.886,9,107.415,11,SOFT,12.0,1,1,139.24722222208948,33,Baku,24.8,53.8,1014.9,False,41.4,245,0.3
2910.472,9,111.823,16,SOFT,12.0,1,1,102.67083333327173,11,Baku,24.8,53.8,1014.9,False,41.4,245,0.3
2911.771,9,107.41,10,SOFT,14.0,1,1,203.43305555581173,16,Baku,24.8,53.8,1014.9,False,41.4,245,0.3
2914.456,9,107.295,55,SOFT,12.0,1,1,75.42388888888672,10,Baku,24.8,53.8,1014.9,False,41.4,245,0.3
2918.972,9,111.376,22,SOFT,15.0,1,1,330.2449999998498,10,Baku,24.8,53.8,1014.9,False,41.4,245,0.3
2919.813,9,109.127,5,SOFT,9.0,1,1,175.34083333335002,22,Baku,24.8,53.8,1014.9,False,41.4,245,0.3
2921.998,9,108.134,77,SOFT,13.0,1,1,130.02138888903573,5,Baku,24.8,53.8,1014.9,False,41.4,245,0.3
2923.993,9,108.407,3,SOFT,9.0,1,1,60.89416666681791,77,Baku,24.8,53.8,1014.9,False,41.4,245,0.3
2927.741,9,108.007,18,HARD,9.0,1,1,235.44083333310846,77,Baku,24.8,53.8,1014.9,False,41.4,245,0.3
2930.385,9,108.499,7,MEDIUM,9.0,1,1,120.88166666673351,18,Baku,24.8,53.8,1014.9,False,41.4,245,0.3
2934.972,9,114.357,6,MEDIUM,9.0,1,1,281.61472222224984,7,Baku,24.8,53.8,1014.9,False,41.4,245,0.3
2941.733,9,108.046,14,HARD,2.0,1,2,147.118611111051,47,Baku,24.8,53.8,1014.9,False,41.4,245,0.3
2941.884,9,117.044,9,SOFT,9.0,1,1,341.10888888883346,6,Baku,24.8,53.8,1014.9,False,41.4,245,0.3
2942.1,9,128.615,47,HARD,1.0,1,2,22.95694444453693,9,Baku,24.8,53.8,1014.9,False,41.4,245,0.3
2942.446,9,107.474,4,HARD,2.0,1,2,12.199444444457185,14,Baku,24.8,53.8,1014.9,False,41.4,245,0.3
2947.931,9,108.238,99,HARD,7.0,1,2,114.84888888888236,47,Baku,24.9,52.5,1014.9,False,41.2,220,0.5
2952.719,9,108.821,63,HARD,8.0,1,2,246.27749999986554,47,Baku,24.9,52.5,1014.9,False,41.2,220,0.5
3013.593,10,107.441,44,SOFT,14.0,1,1,,,Baku,24.7,52.5,1014.9,False,41.2,220,0.5
3014.508,10,107.295,33,SOFT,11.0,1,1,72.03861111094739,44,Baku,24.7,52.5,1014.9,False,41.2,220,0.5
3016.301,10,106.881,11,SOFT,13.0,1,1,171.21833333314135,33,Baku,24.7,52.5,1014.9,False,41.2,220,0.5
3019.181,10,107.098,10,SOFT,15.0,1,1,18.143055555767205,16,Baku,24.7,52.5,1014.9,False,41.2,220,0.5
3021.751,10,111.542,55,SOFT,13.0,1,1,54.21916666670586,10,Baku,24.7,52.5,1014.9,False,41.2,220,0.5
3022.295,10,123.438,16,HARD,1.0,1,2,104.4377777775153,55,Baku,24.7,52.5,1014.9,False,41.2,220,0.5
3028.94,10,107.658,5,SOFT,10.0,1,1,71.49361111116741,22,Baku,24.7,52.5,1014.9,False,41.2,220,0.5
3030.132,10,108.326,77,SOFT,14.0,1,1,33.854166666853416,22,Baku,24.7,52.5,1014.9,False,41.2,220,0.5
3030.348,10,125.319,22,HARD,1.0,1,2,19.36055555549683,5,Baku,24.7,52.5,1014.9,False,41.2,220,0.5
3032.4,10,108.715,3,SOFT,10.0,1,1,76.284444444791,5,Baku,24.7,52.5,1014.9,False,41.2,220,0.5
3035.748,10,108.182,18,HARD,10.0,1,1,62.84472222223849,22,Baku,24.7,52.5,1014.9,False,41.2,220,0.5
3038.884,10,109.285,7,MEDIUM,10.0,1,1,22.14666666676203,22,Baku,24.7,52.5,1014.9,False,41.2,220,0.5
3049.329,10,128.706,6,HARD,1.0,1,2,161.96361111126316,22,Baku,24.7,52.5,1014.9,False,41.2,220,0.5
3049.779,10,109.436,14,HARD,3.0,1,2,34.903333333320916,4,Baku,24.7,52.5,1014.9,False,41.2,220,0.5
3049.92,10,106.978,4,HARD,3.0,1,2,67.00722222223703,6,Baku,24.7,52.5,1014.9,False,41.2,220,0.5
3056.169,10,108.307,99,HARD,8.0,1,2,92.99638888885966,6,Baku,24.7,52.5,1014.9,False,41.2,220,0.5
3058.928,10,130.548,9,HARD,1.0,1,2,178.89305555557803,6,Baku,24.7,52.5,1014.9,False,41.2,220,0.5
3061.54,10,109.02,63,HARD,9.0,1,2,48.33444444430643,9,Baku,24.7,52.5,1014.9,False,41.2,220,0.5
3070.715,10,107.915,47,HARD,2.0,1,2,231.2800000000134,6,Baku,24.6,55.3,1014.9,False,40.9,252,0.2
3121.034,11,111.218,44,SOFT,15.0,2,1,,,Baku,24.6,55.3,1014.9,False,40.9,252,0.2
3121.803,11,107.327,33,SOFT,12.0,2,1,58.09388888871035,44,Baku,24.6,55.3,1014.9,False,40.9,252,0.2
3123.182,11,107.497,11,SOFT,14.0,2,1,147.39472222206678,33,Baku,24.6,55.3,1014.9,False,40.9,252,0.2
3126.279,11,111.282,10,SOFT,16.0,2,1,299.2277777779309,11,Baku,24.6,55.3,1014.9,False,40.9,252,0.2
3133.293,11,144.01,55,HARD,1.0,2,2,246.66277777784853,10,Baku,24.6,55.3,1014.9,False,40.9,252,0.2
3136.598,11,107.274,5,SOFT,11.0,2,1,259.8266666665877,55,Baku,24.6,55.3,1014.9,False,40.9,252,0.2
3138.458,11,112.171,77,SOFT,15.0,2,1,94.87250000009954,5,Baku,24.6,55.3,1014.9,False,40.9,252,0.2
3141.115,11,112.582,3,SOFT,11.0,2,1,105.250000000211,77,Baku,24.6,55.3,1014.9,False,40.9,252,0.2
3143.93,11,108.086,18,HARD,11.0,2,1,234.97333333307324,77,Baku,24.6,55.3,1014.9,False,40.9,252,0.2
3145.733,11,108.105,16,HARD,2.0,2,2,152.345000000023,18,Baku,24.6,55.3,1014.9,False,40.9,252,0.2
3148.169,11,109.351,7,MEDIUM,11.0,2,1,88.44527777786425,16,Baku,24.6,55.3,1014.9,False,40.9,252,0.2
3155.667,11,107.98,22,HARD,2.0,2,2,486.9891666664189,55,Baku,24.6,55.3,1014.9,False,40.9,252,0.2
3156.898,11,108.712,4,HARD,4.0,2,2,26.026388889105874,22,Baku,24.6,55.3,1014.9,False,40.9,252,0.2
3159.215,11,109.303,14,HARD,4.0,2,2,229.6475000001883,22,Baku,24.6,55.3,1014.9,False,40.9,252,0.2
3164.476,11,109.199,99,HARD,9.0,2,2,117.15555555540777,14,Baku,24.6,55.3,1014.9,False,40.9,252,0.2
3170.56,11,109.07,63,HARD,10.0,2,2,361.29694444431516,99,Baku,24.6,55.3,1014.9,False,40.9,252,0.2
3178.035,11,108.547,6,HARD,2.0,2,2,13.608333333293558,47,Baku,24.6,55.3,1014.9,False,40.9,252,0.2
3178.63,11,109.616,47,HARD,3.0,2,2,405.74138888908783,63,Baku,24.6,55.3,1014.9,False,40.9,252,0.2
3189.476,11,111.471,9,HARD,2.0,2,2,574.0627777777627,6,Baku,24.7,53.3,1014.8,False,41.4,326,0.3
3229.13,12,110.389,33,SOFT,13.0,2,1,,,Baku,24.7,53.3,1014.8,False,41.4,326,0.3
3230.679,12,106.8,11,SOFT,15.0,2,1,153.64444444426772,33,Baku,24.7,53.3,1014.8,False,41.4,326,0.3
3232.252,12,126.683,44,HARD,1.0,1,2,135.75833333377523,11,Baku,24.7,53.3,1014.8,False,41.4,326,0.3
3237.561,12,124.046,10,HARD,1.0,1,2,473.56694444477034,11,Baku,24.7,53.3,1014.8,False,41.4,326,0.3
3243.872,12,107.065,5,SOFT,12.0,1,1,188.72666666661098,10,Baku,24.7,53.3,1014.8,False,41.4,326,0.3
3250.629,12,124.342,77,HARD,1.0,1,2,15.8919444441417,3,Baku,24.8,53.3,1014.8,False,41.4,326,0.3
3252.016,12,108.432,18,HARD,12.0,1,1,114.08444444420456,10,Baku,24.8,53.3,1014.8,False,41.4,326,0.3
3253.697,12,125.143,3,HARD,1.0,1,2,122.93750000058935,18,Baku,24.8,53.3,1014.8,False,41.4,326,0.3
3253.838,12,109.086,16,HARD,3.0,1,2,115.1730555554168,10,Baku,24.8,53.3,1014.8,False,41.4,326,0.3
3257.52,12,109.263,7,MEDIUM,12.0,1,1,100.95333333326562,10,Baku,24.8,53.3,1014.8,False,41.4,326,0.3
3263.647,12,107.429,22,HARD,3.0,1,2,123.27416666642966,77,Baku,24.8,53.3,1014.8,False,41.4,326,0.3
3265.61,12,107.556,4,HARD,5.0,1,2,83.32416666687641,22,Baku,24.8,53.3,1014.8,False,41.4,326,0.3
3268.518,12,108.142,14,HARD,5.0,1,2,217.93583333327115,77,Baku,24.8,53.3,1014.8,False,41.4,326,0.3
3273.675,12,108.243,99,HARD,10.0,1,2,114.00499999981548,14,Baku,24.8,53.3,1014.8,False,41.4,326,0.3
3277.303,12,107.524,55,HARD,2.0,1,2,306.5066666669809,99,Baku,24.8,53.3,1014.8,False,41.4,326,0.3
3279.63,12,108.867,63,HARD,11.0,1,2,158.56444444409863,55,Baku,24.8,53.3,1014.8,False,41.4,326,0.3
3286.582,12,108.609,6,HARD,3.0,1,2,408.4775000000591,63,Baku,24.8,53.3,1014.8,False,41.4,326,0.3
3288.246,12,108.415,47,HARD,4.0,1,2,79.99472222229815,6,Baku,24.8,53.3,1014.8,False,41.4,326,0.3
3300.947,12,109.607,9,HARD,3.0,1,2,654.2127777777787,6,Baku,24.8,53.3,1014.8,False,41.4,326,0.3
3337.479,13,109.96,11,SOFT,16.0,1,1,,,Baku,24.7,52.5,1014.8,False,41.8,214,0.3
3339.519,13,122.951,33,HARD,1.0,1,2,159.31388888921356,11,Baku,24.7,52.5,1014.8,False,41.8,214,0.3
3350.937,13,107.184,5,SOFT,13.0,1,1,304.89527777755575,33,Baku,24.7,52.5,1014.8,False,41.8,214,0.3
3358.935,13,106.6,44,HARD,2.0,1,2,312.1847222224751,5,Baku,24.7,52.5,1014.8,False,41.8,214,0.3
3360.448,13,108.095,18,HARD,13.0,1,1,134.37555555526342,44,Baku,24.7,52.5,1014.8,False,41.8,214,0.3
3361.607,13,107.362,10,HARD,2.0,1,2,22.424444444695837,16,Baku,24.7,52.5,1014.8,False,41.8,214,0.3
3362.924,13,108.039,16,HARD,4.0,1,2,153.89555555554398,18,Baku,24.7,52.5,1014.8,False,41.8,214,0.3
3366.783,13,114.15,7,MEDIUM,13.0,1,1,75.72083333303453,10,Baku,24.8,52.5,1014.8,False,41.8,214,0.3
3371.076,13,107.482,22,HARD,4.0,1,2,443.47083333318005,7,Baku,24.8,52.5,1014.8,False,41.8,214,0.3
3373.166,13,107.478,4,HARD,6.0,1,2,103.9080555557739,22,Baku,24.8,52.5,1014.8,False,41.8,214,0.3
3374.971,13,107.664,77,HARD,2.0,1,2,251.57722222236043,4,Baku,24.8,52.5,1014.8,False,41.8,214,0.3
3376.66,13,108.233,14,HARD,6.0,1,2,95.85527777764946,77,Baku,24.8,52.5,1014.8,False,41.8,214,0.3
3378.84,13,107.98,3,HARD,2.0,1,2,140.79444444496767,14,Baku,24.8,52.5,1014.8,False,41.8,214,0.3
3381.918,13,108.168,99,HARD,11.0,1,2,84.38555555473431,3,Baku,24.8,52.5,1014.8,False,41.8,214,0.3
3384.827,13,107.216,55,HARD,3.0,1,2,207.2608333328535,3,Baku,24.8,52.5,1014.8,False,41.8,214,0.3
3388.497,13,108.799,63,HARD,12.0,1,2,245.02916666651436,55,Baku,24.8,52.5,1014.8,False,41.8,214,0.3
3395.191,13,108.413,6,HARD,4.0,1,2,381.04888888896676,63,Baku,24.8,52.5,1014.8,False,41.8,214,0.3
3396.661,13,108.642,47,HARD,5.0,1,2,55.31472222226148,6,Baku,24.8,52.5,1014.8,False,41.8,214,0.3
3410.554,13,109.01,9,HARD,4.0,1,2,687.5508333330799,6,Baku,24.8,52.5,1014.8,False,41.8,214,0.3
3447.439,14,124.379,11,HARD,1.0,1,2,,,Baku,24.8,51.8,1014.9,False,42.2,348,0.3
3458.121,14,106.852,5,SOFT,14.0,1,1,219.95972222232376,11,Baku,24.8,51.8,1014.9,False,42.2,348,0.3
3462.47,14,106.192,33,HARD,2.0,1,2,122.35638888918038,5,Baku,24.8,51.8,1014.9,False,42.2,348,0.3
3465.535,14,106.67,44,HARD,3.0,1,2,240.98083333371324,11,Baku,24.8,51.8,1014.9,False,42.2,348,0.3
3468.543,14,107.262,18,HARD,14.0,1,1,249.8094444440503,44,Baku,24.8,51.8,1014.9,False,42.2,348,0.3
3468.969,14,107.88,10,HARD,3.0,1,2,114.65500000023167,18,Baku,24.8,51.8,1014.9,False,42.2,348,0.3
3470.963,14,107.674,16,HARD,5.0,1,2,31.41555555515515,10,Baku,24.8,51.8,1014.9,False,42.2,348,0.3
3478.558,14,107.272,22,HARD,5.0,1,2,97.02138888870832,7,Baku,24.8,51.8,1014.9,False,42.2,348,0.3
3480.644,14,107.256,4,HARD,7.0,1,2,79.43250000021362,7,Baku,24.8,51.8,1014.9,False,42.2,348,0.3
3480.933,14,125.079,7,HARD,1.0,1,2,34.94527777800977,22,Baku,24.8,51.8,1014.9,False,42.2,348,0.3
3482.635,14,107.352,77,HARD,3.0,1,2,207.27472222242795,7,Baku,24.8,51.8,1014.9,False,42.2,348,0.3
3484.893,14,108.362,14,HARD,7.0,1,2,149.80888888874324,77,Baku,24.8,51.8,1014.9,False,42.2,348,0.3
3486.82,14,107.58,3,HARD,3.0,1,2,112.72861111164093,14,Baku,24.8,51.8,1014.9,False,42.2,348,0.3
3490.086,14,107.832,99,HARD,12.0,1,2,105.83944444365625,3,Baku,24.8,51.8,1014.9,False,42.2,348,0.3
3492.043,14,107.108,55,HARD,4.0,1,2,166.27361111117352,7,Baku,24.8,51.8,1014.9,False,42.2,348,0.3
3497.296,14,110.084,63,HARD,13.0,1,2,208.76583333335293,7,Baku,24.8,51.8,1014.9,False,42.2,348,0.3
3503.604,14,108.134,6,HARD,5.0,1,2,371.9924999997602,63,Baku,24.8,51.8,1014.9,False,42.2,348,0.3
3505.303,14,108.641,47,HARD,6.0,1,2,64.59444444467954,6,Baku,24.8,51.8,1014.9,False,42.2,348,0.3
3519.564,14,109.435,9,HARD,5.0,1,2,713.5158333329018,47,Baku,24.8,51.8,1014.9,False,42.2,348,0.3
3564.973,15,106.643,5,SOFT,15.0,1,1,,,Baku,24.7,53.0,1014.8,False,42.0,85,0.3
3568.662,15,106.385,33,HARD,3.0,1,2,89.44472222260083,5,Baku,24.7,53.0,1014.8,False,42.0,85,0.3
3571.818,15,105.868,11,HARD,2.0,1,2,241.3541666668898,5,Baku,24.7,53.0,1014.8,False,42.0,85,0.3
3572.205,15,106.913,44,HARD,4.0,1,2,49.87583333349903,11,Baku,24.7,53.0,1014.8,False,42.0,85,0.3
3575.805,15,106.882,18,HARD,15.0,1,1,279.2861111108068,44,Baku,24.7,53.0,1014.8,False,42.0,85,0.3
3576.849,15,106.929,10,HARD,4.0,1,2,1.1775000003690366,16,Baku,24.7,53.0,1014.8,False,42.0,85,0.3
3578.637,15,107.272,16,HARD,6.0,1,2,141.75527777770185,18,Baku,24.7,53.0,1014.8,False,42.0,85,0.3
3585.83,15,106.842,22,HARD,6.0,1,2,409.10888888841146,10,Baku,24.7,53.0,1014.8,False,42.0,85,0.3
3587.9,15,107.313,4,HARD,8.0,1,2,104.13388888920599,22,Baku,24.7,53.0,1014.8,False,42.0,85,0.3
3589.987,15,107.023,77,HARD,4.0,1,2,254.62055555562256,4,Baku,24.7,53.0,1014.8,False,42.0,85,0.3
3593.255,15,108.101,14,HARD,8.0,1,2,211.32749999986845,77,Baku,24.7,53.0,1014.8,False,42.0,85,0.3
3594.4,15,106.981,3,HARD,4.0,1,2,38.219722222784185,14,Baku,24.7,53.0,1014.8,False,42.0,85,0.3
3597.918,15,107.919,99,HARD,13.0,1,2,89.41472222197626,14,Baku,24.7,53.0,1014.8,False,42.0,85,0.3
3599.151,15,107.136,55,HARD,5.0,1,2,125.63583333353745,99,Baku,24.7,53.0,1014.8,False,42.0,85,0.3
3606.012,15,108.235,7,HARD,2.0,1,2,400.05194444449444,55,Baku,24.6,53.0,1014.8,False,42.0,85,0.3
3607.38,15,109.163,63,HARD,14.0,1,2,86.71527777779556,7,Baku,24.6,53.0,1014.8,False,42.0,85,0.3
3611.738,15,108.536,6,HARD,6.0,1,2,302.3605555554386,63,Baku,24.6,53.0,1014.8,False,42.0,85,0.3
3613.944,15,108.383,47,HARD,7.0,1,2,95.7833333335875,6,Baku,24.6,53.0,1014.8,False,42.0,85,0.3
3628.999,15,109.724,9,HARD,6.0,1,2,772.4447222218296,47,Baku,24.6,53.0,1014.8,False,42.0,85,0.3
3671.616,16,106.609,5,SOFT,16.0,1,1,,,Baku,24.7,53.6,1014.8,False,40.9,235,0.2
3675.047,16,105.741,33,HARD,4.0,1,2,65.99277777808311,5,Baku,24.7,53.6,1014.8,False,40.9,235,0.2
3677.686,16,106.341,11,HARD,3.0,1,2,197.6927777781675,5,Baku,24.7,53.6,1014.8,False,40.9,235,0.2
3679.118,16,105.675,44,HARD,5.0,1,2,146.16166666673962,11,Baku,24.7,53.6,1014.8,False,40.9,235,0.2
3682.687,16,106.798,18,HARD,16.0,1,1,282.05805555514235,44,Baku,24.7,53.6,1014.8,False,40.9,235,0.2
3683.778,16,107.048,10,HARD,5.0,1,2,186.0900000003603,18,Baku,24.7,53.6,1014.8,False,40.9,235,0.2
3685.909,16,107.24,16,HARD,7.0,1,2,7.853611110680504,10,Baku,24.7,53.6,1014.8,False,40.9,235,0.2
3692.672,16,107.023,22,HARD,7.0,1,2,387.0966666662134,10,Baku,24.7,53.6,1014.8,False,40.9,235,0.2
3695.213,16,106.845,4,HARD,9.0,1,2,143.0994444446551,22,Baku,24.7,53.6,1014.8,False,40.9,235,0.2
3697.01,16,106.626,77,HARD,5.0,1,2,223.8450000002049,4,Baku,24.7,53.6,1014.8,False,40.9,235,0.2
3701.356,16,108.945,14,HARD,9.0,1,2,65.01333333284128,3,Baku,24.7,53.6,1014.8,False,40.9,235,0.2
3701.381,16,107.324,3,HARD,5.0,1,2,197.39166666699748,77,Baku,24.7,53.6,1014.8,False,40.9,235,0.2
3705.837,16,107.989,99,HARD,14.0,1,2,75.88583333324641,14,Baku,24.7,53.6,1014.8,False,40.9,235,0.2
3706.287,16,107.956,55,HARD,6.0,1,2,42.369722222167184,99,Baku,24.7,53.6,1014.8,False,40.9,235,0.2
3714.247,16,108.408,7,HARD,3.0,1,2,429.2122222225007,55,Baku,24.7,53.6,1014.8,False,40.9,235,0.2
3716.543,16,108.684,63,HARD,15.0,1,2,186.1755555554555,7,Baku,24.7,53.6,1014.8,False,40.9,235,0.2
3720.274,16,108.063,6,HARD,7.0,1,2,283.4174999997049,63,Baku,24.7,53.6,1014.8,False,40.9,235,0.2
3722.327,16,108.469,47,HARD,8.0,1,2,86.19888888926653,6,Baku,24.7,53.6,1014.8,False,40.9,235,0.2
3738.723,16,109.15,9,HARD,7.0,1,2,836.8605555553077,47,Baku,24.6,53.6,1014.8,False,40.9,235,0.2
3778.225,17,106.582,5,SOFT,17.0,1,1,,,Baku,24.6,53.6,1014.8,False,40.9,235,0.2
3780.788,17,105.92,33,HARD,5.0,1,2,9.271111111578648,5,Baku,24.6,53.6,1014.8,False,40.9,235,0.2
3784.027,17,106.122,11,HARD,4.0,1,2,175.32416666713834,5,Baku,24.6,53.6,1014.8,False,40.9,235,0.2
3784.793,17,106.145,44,HARD,6.0,1,2,94.05277777771698,11,Baku,24.6,53.6,1014.8,False,40.9,235,0.2
3789.485,17,106.953,18,HARD,17.0,1,1,334.6966666664375,44,Baku,24.7,53.4,1014.9,False,39.9,0,0.3
3790.826,17,107.607,10,HARD,6.0,1,2,188.54388888925314,18,Baku,24.7,53.4,1014.9,False,39.9,0,0.3
3793.149,17,107.574,16,HARD,8.0,1,2,12.252777777452138,10,Baku,24.7,53.4,1014.9,False,39.9,0,0.3
3799.695,17,106.921,22,HARD,8.0,1,2,383.58666666624777,10,Baku,24.7,53.4,1014.9,False,39.9,0,0.3
3802.058,17,106.758,4,HARD,10.0,1,2,122.7666666668083,22,Baku,24.7,53.4,1014.9,False,39.9,0,0.3
3803.636,17,106.612,77,HARD,6.0,1,2,201.0050000004121,4,Baku,24.7,53.4,1014.9,False,39.9,0,0.3
3808.705,17,107.822,3,HARD,6.0,1,2,220.89861111117352,77,Baku,24.7,53.4,1014.9,False,39.9,0,0.3
3810.301,17,108.42,14,HARD,10.0,1,2,211.61805555521278,3,Baku,24.7,53.4,1014.9,False,39.9,0,0.3
3813.826,17,107.805,99,HARD,15.0,1,2,43.41861111098842,14,Baku,24.7,53.4,1014.9,False,39.9,0,0.3
3814.243,17,108.058,55,HARD,7.0,1,2,35.13861111114966,99,Baku,24.7,53.4,1014.9,False,39.9,0,0.3
3822.655,17,107.681,7,HARD,4.0,1,2,428.9586111113167,14,Baku,24.7,53.4,1014.9,False,39.9,0,0.3
3825.227,17,108.748,63,HARD,16.0,1,2,214.77861111091624,7,Baku,24.7,53.4,1014.9,False,39.9,0,0.3
3828.337,17,107.868,6,HARD,8.0,1,2,264.0072222219169,63,Baku,24.7,53.4,1014.9,False,39.9,0,0.3
3830.796,17,108.203,47,HARD,9.0,1,2,98.06388888928632,6,Baku,24.7,53.4,1014.9,False,39.9,0,0.3
3847.873,17,109.154,9,HARD,8.0,1,2,900.9533333331055,47,Baku,24.6,53.4,1014.9,False,39.9,0,0.3
3884.807,18,110.359,5,SOFT,18.0,1,1,39.07249999942724,33,Baku,24.6,53.4,1014.9,False,39.9,0,0.3
3886.708,18,106.101,33,HARD,6.0,1,2,,,Baku,24.6,53.4,1014.9,False,39.9,0,0.3
3890.149,18,106.063,11,HARD,5.0,1,2,147.30888888928166,5,Baku,24.6,53.4,1014.9,False,39.9,0,0.3
3890.938,18,105.763,44,HARD,7.0,1,2,107.59083333329181,11,Baku,24.6,53.4,1014.9,False,39.9,0,0.3
3896.438,18,106.752,18,HARD,18.0,1,1,362.3094444443268,44,Baku,24.6,53.4,1014.9,False,39.9,0,0.3
3898.433,18,107.353,10,HARD,7.0,1,2,243.14250000026368,18,Baku,24.6,53.4,1014.9,False,39.9,0,0.3
3900.723,18,107.204,16,HARD,9.0,1,2,169.88861111106235,18,Baku,24.6,53.4,1014.9,False,39.9,0,0.3
3906.616,18,106.684,22,HARD,9.0,1,2,344.3483333329059,10,Baku,24.7,53.6,1014.9,False,39.5,39,0.3
3908.816,18,106.767,4,HARD,11.0,1,2,114.62555555574363,22,Baku,24.7,53.6,1014.9,False,39.5,39,0.3
3910.248,18,106.253,77,HARD,7.0,1,2,183.23944444494555,4,Baku,24.7,53.6,1014.9,False,39.5,39,0.3
3916.527,18,107.2,3,HARD,7.0,1,2,259.7880555553711,77,Baku,24.7,53.6,1014.9,False,39.5,39,0.3
3918.721,18,108.131,14,HARD,11.0,1,2,272.0983333330223,3,Baku,24.7,53.6,1014.9,False,39.5,39,0.3
3921.631,18,108.093,99,HARD,16.0,1,2,9.541666666569654,14,Baku,24.7,53.6,1014.9,False,39.5,39,0.3
3922.301,18,107.732,55,HARD,8.0,1,2,43.770555555514875,14,Baku,24.7,53.6,1014.9,False,39.5,39,0.3
3930.336,18,107.797,7,HARD,5.0,1,2,395.1280555557314,14,Baku,24.7,53.6,1014.9,False,39.5,39,0.3
3933.975,18,108.378,63,HARD,17.0,1,2,265.02694444438384,7,Baku,24.7,53.6,1014.9,False,39.5,39,0.3
3936.205,18,107.94,6,HARD,9.0,1,2,204.9944444440771,63,Baku,24.7,53.6,1014.9,False,39.5,39,0.3
3938.999,18,108.595,47,HARD,10.0,1,2,104.44333333378017,6,Baku,24.7,53.6,1014.9,False,39.5,39,0.3
3957.027,18,109.033,9,HARD,9.0,1,2,967.1936111108516,47,Baku,24.7,53.6,1014.9,False,39.5,39,0.3
3992.809,19,105.897,33,HARD,7.0,1,2,,,Baku,24.6,53.6,1014.9,False,39.5,39,0.3
3995.166,19,122.792,5,HARD,1.0,1,2,99.25194444420049,11,Baku,24.6,53.6,1014.9,False,39.5,39,0.3
3996.212,19,105.798,11,HARD,6.0,1,2,289.63944444444496,33,Baku,24.6,53.6,1014.9,False,39.5,39,0.3
3996.701,19,106.229,44,HARD,8.0,1,2,102.85111111102742,11,Baku,24.6,53.6,1014.9,False,39.5,39,0.3
4003.19,19,106.737,18,HARD,19.0,1,1,405.323055555491,44,Baku,24.6,53.6,1014.9,False,39.5,39,0.3
4005.786,19,106.751,10,HARD,8.0,1,2,12.648055555808241,16,Baku,24.6,53.6,1014.9,False,39.5,39,0.3
4007.927,19,107.286,16,HARD,10.0,1,2,163.79694444441702,18,Baku,24.6,53.6,1014.9,False,39.5,39,0.3
4013.3,19,106.852,22,HARD,10.0,1,2,158.97333333313873,5,Baku,24.6,53.6,1014.9,False,39.5,39,0.3
4015.583,19,106.424,4,HARD,12.0,1,2,135.49916666666104,22,Baku,24.6,53.6,1014.9,False,39.5,39,0.3
4016.501,19,106.172,77,HARD,8.0,1,2,133.64750000055938,4,Baku,24.6,53.6,1014.9,False,39.5,39,0.3
4023.727,19,106.779,3,HARD,8.0,1,2,298.1836111108569,77,Baku,24.6,53.6,1014.9,False,39.5,39,0.3
4026.852,19,108.25,14,HARD,12.0,1,2,332.20222222202574,3,Baku,24.6,54.7,1014.8,False,39.6,297,0.4
4029.724,19,107.798,99,HARD,17.0,1,2,8.461388888812508,14,Baku,24.6,54.7,1014.8,False,39.6,297,0.4
4030.033,19,107.874,55,HARD,9.0,1,2,18.79888888883579,14,Baku,24.6,54.7,1014.8,False,39.6,297,0.4
4038.133,19,107.474,7,HARD,6.0,1,2,369.49805555581406,14,Baku,24.6,54.7,1014.8,False,39.6,297,0.4
4042.353,19,108.02,63,HARD,18.0,1,2,293.0108333333774,7,Baku,24.6,54.7,1014.8,False,39.6,297,0.4
4044.145,19,107.754,6,HARD,10.0,1,2,180.59527777727635,63,Baku,24.6,54.7,1014.8,False,39.6,297,0.4
4047.594,19,108.035,47,HARD,11.0,1,2,117.89194444498571,6,Baku,24.6,54.7,1014.8,False,39.6,297,0.4
4066.06,19,108.682,9,HARD,10.0,1,2,1005.3180555550498,47,Baku,24.6,54.7,1014.8,False,39.6,297,0.4
4098.706,20,105.966,33,HARD,8.0,1,2,,,Baku,24.6,54.7,1014.8,False,39.6,297,0.4
4102.01,20,105.837,11,HARD,7.0,1,2,275.00638888894173,33,Baku,24.6,54.7,1014.8,False,39.6,297,0.4
4102.93,20,105.91,44,HARD,9.0,1,2,161.93694444416906,11,Baku,24.6,54.7,1014.8,False,39.6,297,0.4
4109.927,20,106.641,18,HARD,20.0,1,1,421.9819444444729,44,Baku,24.6,54.7,1014.8,False,39.6,297,0.4
4112.537,20,106.923,10,HARD,9.0,1,2,270.01277777788346,18,Baku,24.6,54.7,1014.8,False,39.6,297,0.4
4115.213,20,107.182,16,HARD,11.0,1,2,9.395833332877373,10,Baku,24.6,54.7,1014.8,False,39.6,297,0.4
4117.958,20,106.527,5,HARD,2.0,1,2,327.34694444450724,10,Baku,24.6,54.7,1014.8,False,39.6,297,0.4
4120.152,20,106.951,22,HARD,11.0,1,2,53.78805555521103,5,Baku,24.6,54.7,1014.8,False,39.6,297,0.4
4122.007,20,107.001,4,HARD,13.0,1,2,84.4605555551534,5,Baku,24.6,54.7,1014.8,False,39.6,297,0.4
4122.673,20,106.61,77,HARD,9.0,1,2,124.02083333395422,4,Baku,24.6,54.7,1014.8,False,39.6,297,0.4
4130.506,20,107.023,3,HARD,9.0,1,2,319.42305555539497,77,Baku,24.6,54.7,1014.8,False,39.6,297,0.4
4135.102,20,107.835,14,HARD,13.0,1,2,7.676388889012742,99,Baku,24.6,54.7,1014.8,False,39.6,297,0.4
4137.522,20,107.774,99,HARD,18.0,1,2,265.7083333329065,3,Baku,24.6,54.7,1014.8,False,39.6,297,0.4
4137.907,20,108.022,55,HARD,10.0,1,2,25.87888888901216,99,Baku,24.6,54.7,1014.8,False,39.6,297,0.4
4145.607,20,107.202,7,HARD,7.0,1,2,319.57777777776937,14,Baku,24.3,55.4,1014.8,False,39.2,74,0.6
4150.373,20,107.86,63,HARD,19.0,1,2,322.7633333335252,7,Baku,24.3,55.4,1014.8,False,39.2,74,0.6
4151.899,20,108.02,6,HARD,11.0,1,2,167.3669444440602,63,Baku,24.3,55.4,1014.8,False,39.2,74,0.6
4155.629,20,107.971,47,HARD,12.0,1,2,123.39750000048662,6,Baku,24.3,55.4,1014.8,False,39.2,74,0.6
4174.742,20,108.477,9,HARD,11.0,1,2,1041.239999999525,47,Baku,24.3,55.4,1014.8,False,39.2,74,0.6
4204.672,21,105.705,33,HARD,9.0,1,2,,,Baku,24.3,55.4,1014.8,False,39.2,74,0.6
4207.847,21,105.722,11,HARD,8.0,1,2,284.6288888891431,33,Baku,24.3,55.4,1014.8,False,39.2,74,0.6
4208.84,21,105.814,44,HARD,10.0,1,2,180.88027777748357,11,Baku,24.3,55.4,1014.8,False,39.2,74,0.6
4216.568,21,106.813,18,HARD,21.0,1,1,463.9211111109762,44,Baku,24.3,55.4,1014.8,False,39.2,74,0.6
4219.46,21,106.675,10,HARD,10.0,1,2,279.0894444444857,18,Baku,24.3,55.4,1014.8,False,39.2,74,0.6
4222.395,21,107.258,16,HARD,12.0,1,2,19.56472222211596,10,Baku,24.3,55.4,1014.8,False,39.2,74,0.6
4224.485,21,106.593,5,HARD,3.0,1,2,312.1422222223191,10,Baku,24.3,55.4,1014.8,False,39.2,74,0.6
4227.103,21,106.688,22,HARD,12.0,1,2,88.32388888848072,5,Baku,24.3,55.4,1014.8,False,39.2,74,0.6
4229.008,21,107.261,4,HARD,14.0,1,2,112.38555555559287,22,Baku,24.3,55.4,1014.8,False,39.2,74,0.6
4229.283,21,107.358,77,HARD,10.0,1,2,90.10861111171835,4,Baku,24.3,55.4,1014.8,False,39.2,74,0.6
4237.529,21,107.034,3,HARD,10.0,1,2,322.48777777762734,77,Baku,24.3,55.4,1014.8,False,39.2,74,0.6
4242.937,21,107.927,14,HARD,14.0,1,2,15.446666666772217,99,Baku,24.3,55.4,1014.8,False,39.2,74,0.6
4245.296,21,107.507,99,HARD,19.0,1,2,310.81027777721465,3,Baku,24.3,55.4,1014.8,False,39.2,74,0.6
4245.929,21,107.279,55,HARD,11.0,1,2,40.85444444461609,99,Baku,24.3,55.4,1014.8,False,39.2,74,0.6
4252.809,21,107.658,7,HARD,8.0,1,2,284.93583333348215,14,Baku,24.3,55.4,1014.8,False,39.2,74,0.6
4258.233,21,107.524,63,HARD,20.0,1,2,345.48555555552593,7,Baku,24.3,55.4,1014.8,False,39.2,74,0.6
4259.919,21,107.604,6,HARD,12.0,1,2,186.57972222205717,63,Baku,24.3,55.4,1014.8,False,39.2,74,0.6
4263.6,21,107.842,47,HARD,13.0,1,2,117.07916666712845,6,Baku,24.3,55.4,1014.8,False,39.2,74,0.6
4283.219,21,109.043,9,HARD,12.0,1,2,1091.111388888443,47,Baku,24.3,55.8,1014.7,False,39.1,188,0.2
4310.377,22,105.775,33,HARD,10.0,1,2,,,Baku,24.3,55.8,1014.7,False,39.1,188,0.2
4313.569,22,105.898,11,HARD,9.0,1,2,283.59666666686826,33,Baku,24.3,55.8,1014.7,False,39.1,188,0.2
4314.654,22,106.116,44,HARD,11.0,1,2,196.700277777476,11,Baku,24.3,55.8,1014.7,False,39.1,188,0.2
4323.381,22,106.611,18,HARD,22.0,1,1,534.2913888887997,44,Baku,24.3,55.8,1014.7,False,39.1,188,0.2
4326.135,22,106.781,10,HARD,11.0,1,2,279.7444444443827,18,Baku,24.3,55.8,1014.7,False,39.1,188,0.2
4329.653,22,106.512,16,HARD,13.0,1,2,40.19249999994645,10,Baku,24.3,55.8,1014.7,False,39.1,188,0.2
4331.078,22,106.694,5,HARD,4.0,1,2,326.2369444446813,10,Baku,24.3,55.8,1014.7,False,39.1,188,0.2
4333.791,22,106.932,22,HARD,13.0,1,2,81.65361111063976,5,Baku,24.3,55.8,1014.7,False,39.1,188,0.2
4336.269,22,106.879,4,HARD,15.0,1,2,122.96388888842193,5,Baku,24.3,55.8,1014.7,False,39.1,188,0.2
4336.641,22,107.513,77,HARD,11.0,1,2,99.84916666721983,4,Baku,24.3,55.8,1014.7,False,39.1,188,0.2
4344.563,22,106.741,3,HARD,11.0,1,2,285.5330555555847,77,Baku,24.3,55.8,1014.7,False,39.1,188,0.2
4350.864,22,107.669,14,HARD,15.0,1,2,24.845277777742012,55,Baku,24.3,55.8,1014.7,False,39.1,188,0.2
4352.803,22,107.755,99,HARD,20.0,1,2,336.69055555507657,3,Baku,24.3,55.8,1014.7,False,39.1,188,0.2
4353.208,22,107.583,55,HARD,12.0,1,2,20.294166666659294,99,Baku,24.3,55.8,1014.7,False,39.1,188,0.2
4360.467,22,107.458,7,HARD,9.0,1,2,264.4111111113307,14,Baku,24.3,55.8,1014.7,False,39.1,188,0.2
4365.757,22,107.592,63,HARD,21.0,1,2,336.99611111101694,7,Baku,24.3,55.8,1014.7,False,39.1,188,0.2
4367.523,22,107.69,6,HARD,13.0,1,2,191.82694444444496,63,Baku,24.3,55.8,1014.7,False,39.1,188,0.2
4371.442,22,108.363,47,HARD,14.0,1,2,102.18416666702251,6,Baku,24.3,55.8,1014.7,False,39.1,188,0.2
4392.262,22,108.468,9,HARD,13.0,1,2,1183.1338888884493,47,Baku,24.4,54.4,1014.6,False,39.5,116,0.3
4416.152,23,105.676,33,HARD,11.0,1,2,,,Baku,24.4,54.4,1014.6,False,39.5,116,0.3
4419.467,23,105.616,11,HARD,10.0,1,2,291.3836111111741,33,Baku,24.4,54.4,1014.6,False,39.5,116,0.3
4420.77,23,106.379,44,HARD,12.0,1,2,220.4272222219879,11,Baku,24.4,54.4,1014.6,False,39.5,116,0.3
4429.992,23,106.582,18,HARD,23.0,2,1,578.3130555555399,44,Baku,24.4,54.4,1014.6,False,39.5,116,0.3
4432.916,23,106.625,10,HARD,12.0,2,2,275.75749999989057,18,Baku,24.4,54.4,1014.6,False,39.5,116,0.3
4436.165,23,106.358,16,HARD,14.0,2,2,10.672500000015134,10,Baku,24.4,54.4,1014.6,False,39.5,116,0.3
4437.772,23,106.468,5,HARD,5.0,2,2,321.48305555581464,10,Baku,24.4,54.4,1014.6,False,39.5,116,0.3
4440.723,23,106.615,22,HARD,14.0,2,2,88.16805555511382,5,Baku,24.4,54.4,1014.6,False,39.5,116,0.3
4443.148,23,106.448,4,HARD,16.0,2,2,115.98833333287621,5,Baku,24.4,54.4,1014.6,False,39.5,116,0.3
4444.154,23,107.736,77,HARD,12.0,2,2,157.46166666719364,4,Baku,24.4,54.4,1014.6,False,39.5,116,0.3
4451.304,23,106.759,3,HARD,12.0,2,2,249.38111111122998,77,Baku,24.4,54.4,1014.6,False,39.5,116,0.3
4458.533,23,107.528,14,HARD,16.0,2,2,35.95861111111299,55,Baku,24.4,54.4,1014.6,False,39.5,116,0.3
4460.558,23,110.239,99,HARD,21.0,2,2,408.15416666609235,3,Baku,24.4,54.4,1014.6,False,39.5,116,0.3
4460.791,23,108.433,55,HARD,13.0,2,2,0.9675000000133878,99,Baku,24.4,54.4,1014.6,False,39.5,116,0.3
4467.925,23,107.457,7,HARD,10.0,2,2,236.46500000001106,14,Baku,24.4,54.4,1014.6,False,39.5,116,0.3
4473.349,23,107.542,63,HARD,22.0,2,2,350.1288888886629,7,Baku,24.4,54.4,1014.6,False,39.5,116,0.3
4475.213,23,107.48,6,HARD,14.0,2,2,205.0013888891699,63,Baku,24.4,54.4,1014.6,False,39.5,116,0.3
4479.805,23,107.844,47,HARD,15.0,2,2,119.92305555584608,6,Baku,24.4,54.4,1014.6,False,39.5,116,0.3
4500.73,23,108.723,9,HARD,14.0,2,2,1212.6108333330485,47,Baku,24.4,54.4,1014.6,False,39.5,116,0.3
4521.828,24,105.456,33,HARD,12.0,2,2,,,Baku,24.4,54.6,1014.6,False,39.1,76,0.2
4525.083,24,105.591,11,HARD,11.0,2,2,290.83361111112754,33,Baku,24.4,54.6,1014.6,False,39.1,76,0.2
4527.149,24,106.283,44,HARD,13.0,2,2,301.8502777774993,11,Baku,24.4,54.6,1014.6,False,39.1,76,0.2
4536.574,24,106.421,18,HARD,24.0,1,1,602.3533333332743,44,Baku,24.4,54.6,1014.6,False,39.1,76,0.2
4539.541,24,107.113,10,HARD,13.0,2,2,263.61444444436347,18,Baku,24.4,54.6,1014.6,False,39.1,76,0.2
4542.523,24,106.492,16,HARD,15.0,2,2,131.26361111106235,18,Baku,24.4,54.6,1014.6,False,39.1,76,0.2
4544.24,24,106.521,5,HARD,6.0,2,2,336.141111111152,10,Baku,24.4,54.6,1014.6,False,39.1,76,0.2
4547.338,24,106.388,22,HARD,15.0,2,2,87.17944444462773,5,Baku,24.4,54.6,1014.6,False,39.1,76,0.2
4549.596,24,106.566,4,HARD,17.0,2,2,103.77805555542,5,Baku,24.4,54.6,1014.6,False,39.1,76,0.2
4551.89,24,106.903,77,HARD,13.0,2,2,259.7344444450864,4,Baku,24.4,54.6,1014.6,False,39.1,76,0.2
4558.063,24,106.731,3,HARD,13.0,2,2,202.63166666647885,77,Baku,24.4,54.6,1014.6,False,39.1,76,0.2
4566.061,24,107.225,14,HARD,17.0,2,2,551.7627777772141,3,Baku,24.4,54.6,1014.6,False,39.1,76,0.2
4569.224,24,106.035,55,HARD,14.0,2,2,473.00499999983003,3,Baku,24.4,54.6,1014.6,False,39.1,76,0.2
4570.797,24,108.258,99,HARD,22.0,2,2,65.78083333355607,14,Baku,24.4,54.6,1014.6,False,39.1,76,0.2
4575.382,24,107.535,7,HARD,11.0,2,2,232.36055555570056,99,Baku,24.4,54.6,1014.6,False,39.1,76,0.2
4580.891,24,107.209,63,HARD,23.0,2,2,344.98027777750394,7,Baku,24.4,54.6,1014.6,False,39.1,76,0.2
4582.693,24,107.954,6,HARD,15.0,2,2,192.972222222219,63,Baku,24.4,54.6,1014.6,False,39.1,76,0.2
4587.649,24,108.157,47,HARD,16.0,2,2,123.29416666686302,6,Baku,24.4,54.6,1014.6,False,39.1,76,0.2
4609.453,24,123.145,9,HARD,15.0,2,2,1279.7958333335118,47,Baku,24.4,54.6,1014.6,False,39.1,76,0.2
4627.284,25,105.415,33,HARD,13.0,2,2,,,Baku,24.3,55.3,1014.4,False,37.9,116,0.4
4630.674,25,105.605,11,HARD,12.0,2,2,286.422500000539,33,Baku,24.3,55.3,1014.4,False,37.9,116,0.4
4633.432,25,105.62,44,HARD,14.0,2,2,355.46861111104954,11,Baku,24.3,55.3,1014.4,False,37.9,116,0.4
4642.995,25,106.296,18,HARD,25.0,2,1,620.1024999996007,44,Baku,24.3,55.3,1014.4,False,37.9,116,0.4
4646.654,25,106.957,10,HARD,14.0,2,2,47.97999999934109,16,Baku,24.3,55.3,1014.4,False,37.9,116,0.4
4649.015,25,106.641,16,HARD,16.0,2,2,114.41111111169448,18,Baku,24.3,55.3,1014.4,False,37.9,116,0.4
4650.761,25,106.344,5,HARD,7.0,2,2,325.6205555557972,10,Baku,24.3,55.3,1014.4,False,37.9,116,0.4
4653.726,25,106.5,22,HARD,16.0,2,2,61.88722222260549,5,Baku,24.3,55.3,1014.4,False,37.9,116,0.4
4656.162,25,106.559,4,HARD,18.0,1,2,102.01611111135571,5,Baku,24.3,55.3,1014.4,False,37.9,116,0.4
4658.793,25,106.77,77,HARD,14.0,1,2,272.72805555566447,4,Baku,24.3,55.3,1014.4,False,37.9,116,0.4
4664.794,25,107.021,3,HARD,14.0,1,2,189.20472222194076,77,Baku,24.3,55.3,1014.4,False,37.9,116,0.4
4673.286,25,107.344,14,HARD,18.0,1,2,82.54583333313349,55,Baku,24.3,55.3,1014.4,False,37.9,116,0.4
4675.259,25,106.342,55,HARD,15.0,1,2,432.59388888903777,3,Baku,24.3,55.3,1014.4,False,37.9,116,0.4
4679.055,25,107.482,99,HARD,23.0,1,2,116.89833333343267,14,Baku,24.3,55.3,1014.4,False,37.9,116,0.4
4682.917,25,106.956,7,HARD,12.0,1,2,197.1466666670458,99,Baku,24.3,55.3,1014.4,False,37.9,116,0.4
4688.1,25,107.095,63,HARD,24.0,1,2,347.07861111077364,7,Baku,24.3,55.3,1014.4,False,37.9,116,0.4
4690.647,25,107.796,6,HARD,16.0,1,2,246.8758333332371,63,Baku,24.3,55.3,1014.4,False,37.9,116,0.4
4695.806,25,107.834,47,HARD,17.0,1,2,120.32277777788113,6,Baku,24.3,55.3,1014.4,False,37.9,116,0.4
4732.598,25,111.506,9,HARD,16.0,1,2,1954.731388889195,6,Baku,24.3,55.3,1014.4,False,37.9,116,0.4
4732.699,26,105.352,33,HARD,14.0,1,2,,,Baku,24.3,55.3,1014.4,False,37.9,116,0.4
4736.279,26,106.973,11,HARD,13.0,1,2,301.9561111116782,33,Baku,24.3,55.3,1014.4,False,37.9,116,0.4
4739.052,26,106.044,44,HARD,15.0,1,2,373.81333333285875,11,Baku,24.3,55.3,1014.4,False,37.9,116,0.4
4749.291,26,106.553,18,HARD,26.0,1,1,650.1466666662309,44,Baku,24.1,55.7,1014.7,False,38.3,66,0.3
4753.611,26,106.735,10,HARD,15.0,1,2,83.77277777684503,16,Baku,24.1,55.7,1014.7,False,38.3,66,0.3
4755.656,26,106.387,16,HARD,17.0,1,2,120.59472222308978,18,Baku,24.1,55.7,1014.7,False,38.3,66,0.3
4757.105,26,106.112,5,HARD,8.0,1,2,313.22361111157807,10,Baku,24.1,55.7,1014.7,False,38.3,66,0.3
4760.226,26,106.727,22,HARD,17.0,1,2,61.29916666724603,5,Baku,24.1,55.7,1014.7,False,38.3,66,0.3
4762.721,26,106.613,4,HARD,19.0,1,2,95.16861111143953,5,Baku,24.1,55.7,1014.7,False,38.3,66,0.3
4765.563,26,106.336,77,HARD,15.0,1,2,282.41666666665697,4,Baku,24.1,55.7,1014.7,False,38.3,66,0.3
4771.815,26,106.596,3,HARD,15.0,1,2,207.33638888850692,77,Baku,24.1,55.7,1014.7,False,38.3,66,0.3
4780.63,26,107.613,14,HARD,19.0,1,2,181.42944444401655,55,Baku,24.1,55.7,1014.7,False,38.3,66,0.3
4781.601,26,106.595,55,HARD,16.0,1,2,395.0447222224029,3,Baku,24.1,55.7,1014.7,False,38.3,66,0.3
4786.537,26,107.359,99,HARD,24.0,1,2,112.17750000031083,14,Baku,24.1,55.7,1014.7,False,38.3,66,0.3
4789.873,26,107.106,7,HARD,13.0,1,2,167.908888889011,99,Baku,24.1,55.7,1014.7,False,38.3,66,0.3
4795.195,26,107.081,63,HARD,25.0,1,2,345.48027777764946,7,Baku,24.1,55.7,1014.7,False,38.3,66,0.3
4798.443,26,107.636,6,HARD,17.0,1,2,293.29944444441935,63,Baku,24.1,55.7,1014.7,False,38.3,66,0.3
4803.64,26,107.943,47,HARD,18.0,1,2,102.21222222212236,6,Baku,24.1,55.7,1014.7,False,38.3,66,0.3
4838.051,27,105.452,33,HARD,15.0,1,2,,,Baku,24.1,55.7,1014.7,False,38.3,66,0.3
4843.252,27,105.995,11,HARD,14.0,1,2,342.75222222233424,33,Baku,24.1,55.7,1014.7,False,38.3,66,0.3
4844.104,26,111.008,9,HARD,17.0,1,2,2104.120555556001,6,Baku,24.1,55.7,1014.7,False,38.3,66,0.3
4845.096,27,106.346,44,HARD,16.0,1,2,307.69361111082253,11,Baku,24.1,55.7,1014.7,False,38.3,66,0.3
4855.844,27,106.408,18,HARD,27.0,1,1,666.9619444444252,44,Baku,24.1,55.7,1014.7,False,38.3,66,0.3
4860.346,27,106.801,10,HARD,16.0,1,2,124.8027777762909,16,Baku,24.1,55.7,1014.7,False,38.3,66,0.3
4862.043,27,106.669,16,HARD,18.0,1,2,92.65111111232545,18,Baku,24.1,55.7,1014.7,False,38.3,66,0.3
4863.217,27,106.649,5,HARD,9.0,1,2,290.3616666670423,10,Baku,24.1,55.7,1014.7,False,38.3,66,0.3
4866.953,27,106.57,22,HARD,18.0,1,2,65.64472222290351,5,Baku,24.2,55.3,1014.7,False,38.2,23,0.3
4869.334,27,106.536,4,HARD,20.0,1,2,114.8611111115315,5,Baku,24.2,55.3,1014.7,False,38.2,23,0.3
4871.899,27,106.385,77,HARD,16.0,1,2,267.31555555557134,4,Baku,24.2,55.3,1014.7,False,38.2,23,0.3
4878.411,27,106.567,3,HARD,16.0,1,2,217.82333333280985,77,Baku,24.2,55.3,1014.7,False,38.2,23,0.3
4888.196,27,107.451,55,HARD,17.0,1,2,385.19194444449386,3,Baku,24.2,55.3,1014.7,False,38.2,23,0.3
4888.243,27,108.973,14,HARD,20.0,1,2,280.6741666663729,55,Baku,24.2,55.3,1014.7,False,38.2,23,0.3
4893.896,27,107.362,99,HARD,25.0,1,2,74.34361111174803,14,Baku,24.2,55.3,1014.7,False,38.2,23,0.3
4896.979,27,107.696,7,HARD,14.0,1,2,149.2827777780476,14,Baku,24.2,55.3,1014.7,False,38.2,23,0.3
4902.276,27,107.497,63,HARD,26.0,1,2,337.2972222222015,7,Baku,24.2,55.3,1014.7,False,38.2,23,0.3
4906.079,27,107.56,6,HARD,18.0,1,2,312.5799999999581,63,Baku,24.2,55.3,1014.7,False,38.2,23,0.3
4911.583,27,108.519,47,HARD,19.0,1,2,125.69999999977881,6,Baku,24.2,55.3,1014.7,False,38.2,23,0.3
4943.503,28,105.55,33,HARD,16.0,1,2,,,Baku,24.3,55.3,1014.7,False,38.2,23,0.3
4949.247,28,105.86,11,HARD,15.0,1,2,365.9227777776832,33,Baku,24.3,55.3,1014.7,False,38.2,23,0.3
4951.442,28,106.101,44,HARD,17.0,1,2,339.07305555499624,11,Baku,24.3,55.3,1014.7,False,38.2,23,0.3
4955.112,27,109.012,9,HARD,18.0,1,2,2206.483888889663,47,Baku,24.3,55.3,1014.7,False,38.2,23,0.3
4962.252,28,106.207,18,HARD,28.0,1,1,686.6711111110635,44,Baku,24.3,55.3,1014.7,False,38.2,23,0.3
4967.147,28,106.585,10,HARD,17.0,1,2,144.3549999986426,16,Baku,24.3,55.3,1014.7,False,38.2,23,0.3
4968.712,28,106.516,16,HARD,19.0,1,2,90.54250000123284,18,Baku,24.3,55.3,1014.7,False,38.2,23,0.3
4969.866,28,106.611,5,HARD,10.0,1,2,298.58694444430876,10,Baku,24.3,55.3,1014.7,False,38.2,23,0.3
4973.523,28,106.53,22,HARD,19.0,1,2,47.745277778973104,5,Baku,24.3,55.3,1014.7,False,38.2,23,0.3
4975.87,28,106.458,4,HARD,21.0,1,2,91.75472222309327,5,Baku,24.3,55.3,1014.7,False,38.2,23,0.3
4978.284,28,106.064,77,HARD,17.0,1,2,255.03499999985797,4,Baku,24.3,55.3,1014.7,False,38.2,23,0.3
4984.978,28,106.82,3,HARD,17.0,1,2,233.62305555524654,77,Baku,24.3,55.3,1014.7,False,38.2,23,0.3
4995.647,28,106.299,55,HARD,18.0,1,2,402.23999999984517,3,Baku,24.2,55.8,1014.5,False,38.4,112,0.3
4997.216,28,107.235,14,HARD,21.0,1,2,425.98555555549683,55,Baku,24.2,55.8,1014.5,False,38.4,112,0.3
5001.258,28,107.498,99,HARD,26.0,1,2,29.08777777821524,14,Baku,24.2,55.8,1014.5,False,38.4,112,0.3
5004.675,28,107.061,7,HARD,15.0,1,2,97.98277777805924,14,Baku,24.2,55.8,1014.5,False,38.4,112,0.3
5009.773,28,107.466,63,HARD,27.0,1,2,324.51666666651727,7,Baku,24.2,55.8,1014.5,False,38.4,112,0.3
5013.639,28,107.649,6,HARD,19.0,1,2,319.28305555542465,63,Baku,24.2,55.8,1014.5,False,38.4,112,0.3
5020.102,28,108.489,47,HARD,20.0,1,2,135.790833332896,6,Baku,24.2,55.8,1014.5,False,38.4,112,0.3
5049.053,29,105.394,33,HARD,17.0,1,2,,,Baku,24.2,56.7,1014.6,False,38.1,39,0.4
5055.107,29,105.81,11,HARD,16.0,1,2,382.75277777787414,33,Baku,24.2,56.7,1014.6,False,38.1,39,0.4
5057.543,29,105.846,44,HARD,18.0,1,2,364.52499999915017,11,Baku,24.2,56.7,1014.6,False,38.1,39,0.4
5064.124,28,108.639,9,HARD,19.0,1,2,2234.815833334229,47,Baku,24.2,56.7,1014.6,False,38.1,39,0.4
5068.459,29,106.534,18,HARD,29.0,1,1,702.6000000003842,44,Baku,24.2,56.7,1014.6,False,38.1,39,0.4
5073.732,29,106.362,10,HARD,18.0,1,2,149.01833333191462,16,Baku,24.2,56.7,1014.6,False,38.1,39,0.4
5075.228,29,106.178,16,HARD,20.0,1,2,94.51638888983871,18,Baku,24.2,56.7,1014.6,False,38.1,39,0.4
5076.477,29,106.298,5,HARD,11.0,1,2,306.59277777772513,10,Baku,24.2,56.7,1014.6,False,38.1,39,0.4
5080.053,29,106.64,22,HARD,20.0,1,2,52.67111111214035,5,Baku,24.2,56.7,1014.6,False,38.1,39,0.4
5082.328,29,106.67,4,HARD,22.0,1,2,79.48888889013324,5,Baku,24.2,56.7,1014.6,False,38.1,39,0.4
5084.348,29,106.175,77,HARD,18.0,1,2,224.98305555508705,4,Baku,24.2,56.7,1014.6,False,38.1,39,0.4
5091.798,29,106.549,3,HARD,18.0,1,2,268.8886111107713,77,Baku,24.2,56.7,1014.6,False,38.1,39,0.4
5101.946,29,105.971,55,HARD,19.0,1,2,378.10388888866873,3,Baku,24.2,56.7,1014.6,False,38.1,39,0.4
5104.451,29,107.202,14,HARD,22.0,1,2,506.8719444447197,55,Baku,24.2,56.7,1014.6,False,38.1,39,0.4
5108.756,29,107.317,99,HARD,27.0,1,2,41.65222222250304,14,Baku,24.3,56.3,1014.5,False,38.1,51,0.5
5111.736,29,106.644,7,HARD,16.0,1,2,80.96833333346876,14,Baku,24.3,56.3,1014.5,False,38.1,51,0.5
5117.239,29,107.048,63,HARD,28.0,1,2,338.17777777757146,7,Baku,24.3,56.3,1014.5,False,38.1,51,0.5
5121.288,29,107.623,6,HARD,20.0,1,2,323.97527777790674,63,Baku,24.3,56.3,1014.5,False,38.1,51,0.5
5128.591,29,108.33,47,HARD,21.0,1,2,164.02583333238726,6,Baku,24.3,56.3,1014.5,False,38.1,51,0.5
5154.447,30,105.653,33,HARD,18.0,1,2,,,Baku,24.3,56.3,1014.5,False,38.1,51,0.5
5160.917,30,106.023,11,HARD,17.0,1,2,403.3400000007532,33,Baku,24.3,56.3,1014.5,False,38.1,51,0.5
5163.389,30,105.592,44,HARD,19.0,1,2,373.55305555451196,11,Baku,24.3,56.3,1014.5,False,38.1,51,0.5
5172.763,29,108.358,9,HARD,20.0,2,2,2267.4627777788555,47,Baku,24.3,56.6,1014.6,False,38.0,9,0.3
5174.993,30,,18,HARD,30.0,24,1,718.3472222223936,44,Baku,24.3,56.6,1014.6,False,38.0,9,0.3
5180.094,30,106.856,10,HARD,19.0,2,2,172.75944444310153,16,Baku,24.3,56.6,1014.6,False,38.0,9,0.3
5181.406,30,106.478,16,HARD,21.0,2,2,64.52805555640953,18,Baku,24.3,56.6,1014.6,False,38.0,9,0.3
5182.775,30,107.095,5,HARD,12.0,2,2,331.3319444441877,10,Baku,24.3,56.6,1014.6,False,38.0,9,0.3
5186.693,30,107.042,22,HARD,21.0,2,2,30.069444445718545,5,Baku,24.3,56.6,1014.6,False,38.0,9,0.3
5188.998,30,108.166,4,HARD,23.0,2,2,74.56138889031718,5,Baku,24.3,56.6,1014.6,False,38.0,9,0.3
5190.523,30,108.298,77,HARD,19.0,2,2,181.0297222218651,4,Baku,24.3,56.6,1014.6,False,38.0,9,0.3
5198.347,30,107.757,3,HARD,19.0,2,2,287.57861111074453,77,Baku,24.3,56.6,1014.6,False,38.0,9,0.3
5207.917,30,115.573,55,HARD,20.0,24,2,342.05916666646954,3,Baku,24.3,56.6,1014.6,False,38.0,9,0.3
5211.653,30,116.935,14,HARD,23.0,24,2,576.0847222227021,55,Baku,24.3,56.6,1014.6,False,38.0,9,0.3
5216.073,30,120.15,99,HARD,28.0,24,2,31.209999999962747,14,Baku,24.3,56.6,1014.6,False,38.0,9,0.3
5218.38,30,121.82,7,HARD,17.0,24,2,53.3813888891018,14,Baku,24.3,56.6,1014.6,False,38.0,9,0.3
5224.287,30,123.604,63,HARD,29.0,24,2,338.320833333215,14,Baku,24.3,56.6,1014.6,False,38.0,9,0.3
5228.911,30,128.49,6,HARD,21.0,24,2,348.5669444447558,63,Baku,24.3,56.4,1014.4,False,38.0,324,0.4
5236.921,30,129.562,47,HARD,22.0,24,2,198.65111111002625,6,Baku,24.3,56.4,1014.4,False,38.0,324,0.4
5260.1,31,132.177,33,HARD,19.0,24,2,,,Baku,24.3,56.4,1014.4,False,38.0,324,0.4
5266.94,31,135.567,11,HARD,18.0,24,2,413.0925000012794,33,Baku,24.3,56.4,1014.4,False,38.0,324,0.4
5268.981,31,138.41,44,HARD,20.0,24,2,357.07305555432686,11,Baku,24.3,56.4,1014.4,False,38.0,324,0.4
5281.121,30,138.302,9,HARD,21.0,24,2,2274.2344444453483,47,Baku,24.3,56.4,1014.4,False,38.0,324,0.4
5286.95,31,138.563,10,HARD,20.0,24,2,228.13166666551842,16,Baku,24.4,56.4,1014.4,False,38.0,324,0.4
5287.884,31,139.518,16,HARD,22.0,24,2,832.6586111122742,44,Baku,24.4,56.4,1014.4,False,38.0,324,0.4
5289.87,31,141.217,5,HARD,13.0,24,2,340.56583333251183,10,Baku,24.4,56.4,1014.4,False,38.0,324,0.4
5293.735,31,141.75,22,HARD,22.0,24,2,5.980833334324416,5,Baku,24.4,56.4,1014.4,False,38.0,324,0.4
5297.164,31,,4,HARD,24.0,24,2,105.8841666681983,5,Baku,24.4,56.4,1014.4,False,38.0,324,0.4
5298.821,31,,77,HARD,20.0,24,2,179.16416666598525,4,Baku,24.4,56.4,1014.4,False,38.0,324,0.4
5306.104,31,148.09,3,HARD,20.0,24,2,225.43361111084232,77,Baku,24.4,56.4,1014.4,False,38.0,324,0.4
5323.49,31,,55,HARD,21.0,4,2,461.3427777775214,3,Baku,24.4,56.4,1014.4,False,38.0,324,0.4
5328.588,31,147.25,14,HARD,24.0,4,2,566.3558333340625,55,Baku,24.4,56.4,1014.4,False,38.0,324,0.4
5336.223,31,147.093,99,HARD,29.0,4,2,48.67472222261131,14,Baku,24.4,56.4,1014.4,False,38.0,324,0.4
5340.2,31,148.201,7,HARD,18.0,4,2,149.83194444494438,14,Baku,24.4,56.4,1014.4,False,38.0,324,0.4
5347.891,31,148.426,63,HARD,30.0,4,2,361.8424999997369,7,Baku,24.6,55.6,1014.5,False,38.4,267,0.2
5357.401,31,144.259,6,HARD,22.0,4,2,488.46666666693636,63,Baku,24.6,55.6,1014.5,False,38.4,267,0.2
5366.483,31,149.746,47,HARD,23.0,4,2,128.05972222067066,6,Baku,24.6,55.6,1014.5,False,38.4,267,0.2
5392.277,32,,33,HARD,20.0,4,2,,,Baku,24.6,55.6,1014.5,False,38.4,267,0.2
5402.507,32,,11,HARD,19.0,4,2,460.61250000153086,33,Baku,24.6,55.6,1014.5,False,38.4,267,0.2
5407.391,32,,44,HARD,21.0,4,2,489.07666666494333,11,Baku,24.6,55.6,1014.5,False,38.4,267,0.2
5419.423,31,,9,HARD,22.0,4,2,2255.535277779214,47,Baku,24.6,55.6,1014.5,False,38.4,267,0.2
5425.513,32,,10,HARD,21.0,4,2,185.212499998539,16,Baku,24.6,55.6,1014.5,False,38.4,267,0.2
5427.402,32,,16,HARD,23.0,4,2,635.2525000018359,44,Baku,24.6,55.6,1014.5,False,38.4,267,0.2
5431.087,32,,5,HARD,14.0,4,2,406.5074999992503,10,Baku,24.6,55.6,1014.5,False,38.4,267,0.2
5435.485,32,,22,HARD,23.0,4,2,296.8900000004505,10,Baku,24.6,55.6,1014.5,False,38.4,267,0.2
5448.524,32,,4,HARD,25.0,4,2,385.3658333347703,5,Baku,24.6,55.6,1014.5,False,38.4,267,0.2
5451.07,32,,77,HARD,21.0,4,2,217.21277777751675,4,Baku,24.6,55.6,1014.5,False,38.4,267,0.2
5454.194,32,,3,HARD,21.0,4,2,43.727222221757984,77,Baku,24.6,55.6,1014.5,False,38.4,267,0.2
5474.006,32,140.384,55,HARD,22.0,4,2,612.4633333327365,3,Baku,24.5,55.6,1014.4,False,38.5,84,0.4
5475.838,32,147.2,14,HARD,25.0,4,2,462.69055555658997,55,Baku,24.5,55.6,1014.4,False,38.5,84,0.4
5483.316,32,142.062,99,HARD,30.0,4,2,67.03277777830954,14,Baku,24.5,55.6,1014.4,False,38.5,84,0.4
5488.401,32,139.686,7,HARD,19.0,4,2,206.55861111098784,99,Baku,24.5,55.6,1014.4,False,38.5,84,0.4
5496.317,32,135.643,63,HARD,31.0,4,2,366.9649999999965,7,Baku,24.5,55.6,1014.4,False,38.5,84,0.4
5501.66,32,132.845,6,HARD,23.0,4,2,363.9825000001292,63,Baku,24.5,55.6,1014.4,False,38.5,84,0.4
5516.229,32,129.207,47,HARD,24.0,4,2,284.307777775859,6,Baku,24.5,55.6,1014.4,False,38.5,84,0.4
5589.639,33,,33,HARD,21.0,4,2,,,Baku,24.5,55.7,1014.4,False,38.7,237,0.2
5590.383,33,,11,HARD,20.0,4,2,73.28611111218925,33,Baku,24.5,55.7,1014.4,False,38.7,237,0.2
5592.145,33,,44,HARD,22.0,4,2,50.87277777583222,16,Baku,24.5,55.7,1014.4,False,38.7,237,0.2
5593.818,32,,9,HARD,23.0,4,2,3574.5416666681704,47,Baku,24.5,55.7,1014.4,False,38.7,237,0.2
5595.898,33,,10,HARD,22.0,4,2,225.78166666688048,44,Baku,24.5,55.7,1014.4,False,38.7,237,0.2
5599.143,33,,16,HARD,24.0,4,2,249.30555555596948,11,Baku,24.5,55.7,1014.4,False,38.7,237,0.2
5601.297,33,,5,HARD,15.0,4,2,61.983055553835584,4,Baku,24.5,55.7,1014.4,False,38.7,237,0.2
5603.067,33,,22,HARD,24.0,4,2,117.08972222264856,10,Baku,24.5,55.7,1014.4,False,38.7,237,0.2
5606.272,33,,4,HARD,26.0,4,2,78.85000000050059,22,Baku,24.5,55.7,1014.4,False,38.7,237,0.2
5610.345,33,,77,HARD,22.0,4,2,62.13111111143371,3,Baku,24.5,55.7,1014.4,False,38.7,237,0.2
5611.883,33,,3,HARD,22.0,4,2,101.80555555634783,55,Baku,24.5,55.7,1014.4,False,38.7,237,0.2
5614.39,33,,55,HARD,23.0,4,2,62.56611111017992,10,Baku,24.5,55.7,1014.4,False,38.7,237,0.2
5623.038,33,,14,HARD,26.0,4,2,106.69361111070612,99,Baku,24.5,55.7,1014.4,False,38.7,237,0.2
5625.378,33,,99,HARD,31.0,4,2,164.0188888903067,5,Baku,24.5,55.7,1014.4,False,38.7,237,0.2
5628.087,33,,7,HARD,20.0,4,2,116.53027777766692,99,Baku,24.5,55.7,1014.4,False,38.7,237,0.2
5631.96,33,,63,HARD,32.0,4,2,88.73444444462075,14,Baku,24.5,55.7,1014.4,False,38.7,237,0.2
5634.505,33,,6,HARD,24.0,4,2,248.54361111109029,63,Baku,24.5,55.7,1014.4,False,38.7,237,0.2
5645.436,33,,47,HARD,25.0,4,2,179.34583333155024,6,Baku,24.4,55.2,1014.4,False,38.9,227,0.1
5764.931,34,,33,HARD,22.0,4,2,,,Baku,24.4,56.2,1014.4,False,38.6,13,0.3
5765.777,34,,11,HARD,21.0,4,2,86.12277777885902,33,Baku,24.4,56.0,1014.4,False,38.1,239,0.3
5767.167,34,,44,HARD,23.0,4,2,284.89222222028184,11,Baku,24.4,56.0,1014.4,False,38.1,239,0.3
5769.135,33,,9,HARD,24.0,4,2,4767.7986111112405,14,Baku,24.4,56.0,1014.4,False,38.1,239,0.3
5771.234,34,,10,HARD,23.0,4,2,226.4880555558484,44,Baku,24.4,56.0,1014.4,False,38.1,239,0.3
5772.687,34,,16,HARD,25.0,4,2,207.418888888933,11,Baku,24.4,56.0,1014.4,False,38.1,239,0.3
5773.829,34,,5,HARD,16.0,4,2,97.81972222306649,47,Baku,24.4,56.0,1014.4,False,38.1,239,0.3
5775.274,34,,22,HARD,25.0,4,2,52.759444444818655,10,Baku,24.4,56.0,1014.4,False,38.1,239,0.3
5780.965,34,,4,HARD,27.0,4,2,13.933333335618954,55,Baku,24.4,56.0,1014.4,False,38.1,239,0.3
5782.314,34,,77,HARD,23.0,4,2,57.71166666719364,5,Baku,24.4,56.0,1014.4,False,38.1,239,0.3
5785.352,34,,3,HARD,23.0,4,2,3.957222223485587,47,Baku,24.4,56.0,1014.4,False,38.1,239,0.3
5788.201,34,,55,HARD,24.0,4,2,38.430277776526054,10,Baku,24.4,56.0,1014.4,False,38.1,239,0.3
5789.708,34,,14,HARD,27.0,4,2,16.585555555444444,63,Baku,24.4,56.0,1014.4,False,38.1,239,0.3
5790.546,34,,99,HARD,32.0,4,2,82.71555555670056,3,Baku,24.4,56.0,1014.4,False,38.1,239,0.3
5793.088,34,,7,HARD,21.0,4,2,7.775000000518048,77,Baku,24.4,56.0,1014.4,False,38.1,239,0.3
5795.575,34,,63,HARD,33.0,4,2,43.021388890076196,5,Baku,24.4,56.0,1014.4,False,38.1,239,0.3
5797.665,34,,6,HARD,25.0,4,2,86.34888888933347,14,Baku,24.4,56.0,1014.4,False,38.1,239,0.3
5799.663,34,,47,HARD,26.0,4,2,53.10111110919388,22,Baku,24.4,56.0,1014.4,False,38.1,239,0.3
5937.521,35,,33,HARD,23.0,4,2,,,Baku,24.3,56.6,1014.5,False,38.2,36,0.2
5937.862,34,125.129,9,HARD,25.0,4,2,4916.181666666875,14,Baku,24.3,56.6,1014.5,False,38.2,36,0.2
5938.979,35,,11,HARD,22.0,4,2,112.465277779178,33,Baku,24.3,56.6,1014.5,False,38.2,36,0.2
5939.938,35,,44,HARD,24.0,4,2,37.056388890196104,47,Baku,24.3,56.6,1014.5,False,38.2,36,0.2
5941.814,35,,10,HARD,24.0,4,2,18.250555554404855,99,Baku,24.3,56.6,1014.5,False,38.2,36,0.2
5943.17,35,,16,HARD,26.0,4,2,67.57055555513944,11,Baku,24.3,56.6,1014.5,False,38.2,36,0.2
5944.658,35,,5,HARD,17.0,4,2,10.243055554718012,14,Baku,24.3,56.6,1014.5,False,38.2,36,0.2
5946.13,35,,22,HARD,26.0,4,2,6.826944445201661,63,Baku,24.2,57.1,1014.4,False,38.0,231,0.2
5947.562,35,,4,HARD,28.0,4,2,13.682500000635628,63,Baku,24.2,57.1,1014.4,False,38.0,231,0.2
5949.405,35,,77,HARD,24.0,4,2,61.18833333233488,6,Baku,24.2,57.1,1014.4,False,38.0,231,0.2
5951.295,35,,3,HARD,24.0,4,2,32.817777777439915,10,Baku,24.2,57.1,1014.4,False,38.0,231,0.2
5952.102,35,,55,HARD,25.0,4,2,37.28777777770301,47,Baku,24.2,57.1,1014.4,False,38.0,231,0.2
5953.802,35,,7,HARD,22.0,4,2,137.4663888909854,55,Baku,24.2,57.1,1014.4,False,38.0,231,0.2
5954.629,35,,14,SOFT,3.0,4,3,5.868333334190538,5,Baku,24.2,57.1,1014.4,False,38.0,231,0.2
5954.999,35,,6,HARD,26.0,4,2,4.886666666367091,99,Baku,24.2,57.1,1014.4,False,38.0,231,0.2
5955.688,35,,99,HARD,1.0,4,3,0.989444445411209,63,Baku,24.2,57.1,1014.4,False,38.0,231,0.2
5957.117,35,,63,HARD,1.0,4,3,1.6825000000826549,10,Baku,24.2,57.1,1014.4,False,38.0,231,0.2
5958.612,35,,47,SOFT,3.0,4,3,75.02638888609363,16,Baku,24.2,57.1,1014.4,False,38.0,231,0.2
6062.991,35,131.838,9,SOFT,3.0,4,3,2087.4338888905477,47,Baku,24.2,57.0,1014.4,False,37.8,264,0.3
6122.693,36,107.649,33,HARD,24.0,1,2,23.529444446699927,55,Baku,24.1,56.7,1014.5,False,37.3,297,0.3
6123.139,36,109.238,11,HARD,23.0,1,2,28.532777778367745,16,Baku,24.1,56.7,1014.5,False,37.3,297,0.3
6123.309,36,110.101,44,HARD,25.0,1,2,19.30555555454339,4,Baku,24.1,56.7,1014.5,False,37.3,297,0.3
6123.431,36,111.912,10,HARD,25.0,1,2,25.9047222212248,22,Baku,24.1,56.7,1014.5,False,37.3,297,0.3
6123.745,36,112.944,16,HARD,27.0,1,2,4.46305555611616,7,Baku,24.1,56.7,1014.5,False,37.3,297,0.3
6123.862,36,111.402,5,HARD,18.0,1,2,164.1627777767717,77,Baku,24.1,56.7,1014.5,False,37.3,297,0.3
6124.132,36,113.216,22,HARD,27.0,1,2,22.281111112621147,44,Baku,24.1,56.7,1014.5,False,37.3,297,0.3
6124.516,36,113.425,4,HARD,29.0,1,2,96.15500000075554,3,Baku,24.1,56.7,1014.5,False,37.3,297,0.3
6124.789,36,116.702,77,HARD,25.0,1,2,9.11222222232027,14,Baku,24.1,56.7,1014.5,False,37.3,297,0.3
6124.862,36,114.044,3,HARD,25.0,1,2,91.43472222203854,63,Baku,24.1,56.7,1014.5,False,37.3,297,0.3
6125.069,36,113.772,55,HARD,26.0,1,2,,,Baku,24.1,56.7,1014.5,False,37.3,297,0.3
6125.383,36,115.163,7,HARD,23.0,1,2,0.7369444438663777,16,Baku,24.1,56.7,1014.5,False,37.3,297,0.3
6125.637,36,117.301,6,HARD,27.0,1,2,9.861388888471993,99,Baku,24.1,56.7,1014.5,False,37.3,297,0.3
6125.732,36,114.09,14,SOFT,4.0,1,3,13.853611111146165,10,Baku,24.1,56.7,1014.5,False,37.3,297,0.3
6125.929,36,116.087,99,HARD,2.0,1,3,57.011666666308884,11,Baku,24.1,56.7,1014.5,False,37.3,297,0.3
6126.422,36,117.492,63,HARD,2.0,1,3,11.704166665731464,6,Baku,24.1,56.7,1014.5,False,37.3,297,0.3
6136.462,36,108.452,47,SOFT,4.0,1,3,25.401666664372897,6,Baku,24.1,56.7,1014.5,False,37.3,297,0.3
6194.829,36,110.393,9,SOFT,4.0,1,3,2235.5122222223436,77,Baku,24.1,57.0,1014.6,False,37.3,244,0.2
6230.342,37,105.752,33,HARD,25.0,1,2,,,Baku,24.1,57.0,1014.6,False,37.3,244,0.2
6232.377,37,106.516,11,HARD,24.0,1,2,259.57805555610685,33,Baku,24.1,57.0,1014.6,False,37.3,244,0.2
6233.41,37,106.514,44,HARD,26.0,1,2,73.22111110971309,16,Baku,24.1,57.0,1014.6,False,37.3,244,0.2
6235.264,37,106.757,5,HARD,19.0,1,2,20.32305555351195,99,Baku,24.1,57.0,1014.6,False,37.3,244,0.2
6235.343,37,108.223,10,HARD,26.0,1,2,53.28833333498915,47,Baku,24.1,57.0,1014.6,False,37.3,244,0.2
6236.689,37,107.663,16,HARD,28.0,1,2,12.432777780340984,55,Baku,24.1,57.0,1014.6,False,37.3,244,0.2
6237.348,37,107.86,22,HARD,28.0,1,2,12.2344444442424,4,Baku,24.1,57.0,1014.6,False,37.3,244,0.2
6237.941,37,108.098,4,HARD,30.0,1,2,41.93166666731122,3,Baku,24.1,57.0,1014.6,False,37.3,244,0.2
6238.841,37,108.282,55,HARD,27.0,1,2,65.4558333302266,11,Baku,24.1,57.0,1014.6,False,37.3,244,0.2
6238.906,37,109.082,3,HARD,26.0,1,2,86.46250000054715,44,Baku,24.1,57.0,1014.6,False,37.3,244,0.2
6239.822,37,109.079,14,SOFT,5.0,1,3,95.10138888747315,99,Baku,24.1,57.0,1014.6,False,37.3,244,0.2
6240.546,37,109.247,7,HARD,24.0,1,2,134.29277777730022,16,Baku,24.1,57.0,1014.6,False,37.3,244,0.2
6241.491,37,108.988,77,HARD,26.0,1,2,104.0316666677245,5,Baku,24.1,57.0,1014.6,False,37.3,244,0.2
6242.016,37,109.507,99,HARD,3.0,1,3,41.806111112382496,3,Baku,24.1,57.0,1014.6,False,37.3,244,0.2
6242.938,37,109.57,6,HARD,28.0,1,2,6.864444444538094,4,Baku,24.1,57.0,1014.6,False,37.3,244,0.2
6243.914,37,109.524,63,HARD,3.0,1,3,41.82388888776768,6,Baku,24.1,57.0,1014.6,False,37.3,244,0.2
6244.914,37,109.281,47,SOFT,5.0,1,3,17.593611111020437,55,Baku,24.1,57.0,1014.6,False,37.3,244,0.2
6305.222,37,108.315,9,SOFT,5.0,1,3,2237.4358333334094,77,Baku,24.1,57.0,1014.6,False,37.3,244,0.2
6336.094,38,105.326,33,HARD,26.0,1,2,,,Baku,24.0,58.2,1014.5,False,36.9,282,0.2
6338.893,38,105.889,11,HARD,25.0,1,2,320.65138888999354,33,Baku,24.0,58.2,1014.5,False,36.9,282,0.2
6339.924,38,105.215,44,HARD,27.0,1,2,366.98972221981967,11,Baku,24.0,58.2,1014.5,False,36.9,282,0.2
6342.021,38,105.928,5,HARD,20.0,1,2,13.551666667539394,47,Baku,24.0,58.2,1014.5,False,36.9,282,0.2
6343.566,38,106.332,10,HARD,27.0,1,2,293.71444444640656,55,Baku,24.0,58.2,1014.5,False,36.9,282,0.2
6344.352,38,106.886,16,HARD,29.0,1,2,223.07055555464467,11,Baku,24.0,58.2,1014.5,False,36.9,282,0.2
6345.208,38,106.373,22,HARD,29.0,1,2,30.96444444693043,47,Baku,24.0,58.2,1014.5,False,36.9,282,0.2
6346.039,38,106.777,4,HARD,31.0,1,2,3.292777778056916,22,Baku,24.0,58.2,1014.5,False,36.9,282,0.2
6347.123,38,106.966,55,HARD,28.0,1,2,25.010833330801688,16,Baku,24.0,58.2,1014.5,False,36.9,282,0.2
6347.988,38,107.29,3,HARD,27.0,1,2,17.0594444439339,10,Baku,24.0,58.2,1014.5,False,36.9,282,0.2
6348.901,38,106.996,14,SOFT,6.0,1,3,24.230555556277977,5,Baku,24.0,58.2,1014.5,False,36.9,282,0.2
6349.793,38,107.662,7,HARD,25.0,1,2,60.79472222345066,44,Baku,24.0,58.2,1014.5,False,36.9,282,0.2
6350.479,38,108.389,77,HARD,27.0,1,2,135.55722222308395,63,Baku,24.0,58.2,1014.5,False,36.9,282,0.2
6351.523,38,107.142,99,HARD,4.0,1,3,50.492500001506414,3,Baku,24.0,58.2,1014.5,False,36.9,282,0.2
6352.508,38,108.667,6,HARD,29.0,1,2,29.531111111631617,22,Baku,24.0,58.2,1014.5,False,36.9,282,0.2
6353.438,38,107.739,63,HARD,4.0,1,3,41.6555555544619,22,Baku,24.0,58.2,1014.5,False,36.9,282,0.2
6354.195,38,108.709,47,SOFT,6.0,1,3,41.806666663935175,16,Baku,24.0,58.2,1014.5,False,36.9,282,0.2
6413.537,38,108.11,9,SOFT,6.0,1,3,2213.6047222217603,77,Baku,24.0,58.2,1014.5,False,36.9,282,0.2
6441.42,39,105.125,33,HARD,27.0,1,2,,,Baku,23.9,58.8,1014.6,False,36.4,0,0.3
6444.782,39,105.405,11,HARD,26.0,1,2,345.872777778859,33,Baku,23.9,58.8,1014.6,False,36.4,0,0.3
6445.139,39,106.02,44,HARD,28.0,1,2,318.68472221979755,11,Baku,23.9,58.8,1014.6,False,36.4,0,0.3
6447.949,39,105.481,5,HARD,21.0,1,2,38.75527777650859,10,Baku,23.9,58.8,1014.6,False,36.4,0,0.3
6449.898,39,106.032,10,HARD,28.0,1,2,237.70055555735598,55,Baku,23.9,58.8,1014.6,False,36.4,0,0.3
6451.238,39,105.805,16,HARD,30.0,1,2,260.6791666658537,11,Baku,23.9,58.8,1014.6,False,36.4,0,0.3
6451.581,39,106.039,22,HARD,30.0,1,2,69.19777777811396,10,Baku,23.9,58.8,1014.6,False,36.4,0,0.3
6452.816,39,106.075,4,HARD,32.0,1,2,48.12083333337796,22,Baku,23.9,58.8,1014.6,False,36.4,0,0.3
6454.089,39,106.229,55,HARD,29.0,1,2,22.886111108673504,16,Baku,23.9,58.8,1014.6,False,36.4,0,0.3
6455.278,39,106.295,3,HARD,28.0,1,2,57.096388888545334,10,Baku,23.9,58.8,1014.6,False,36.4,0,0.3
6455.897,39,106.314,14,SOFT,7.0,1,3,44.75444444335881,99,Baku,23.9,58.8,1014.6,False,36.4,0,0.3
6457.455,39,106.164,7,HARD,26.0,1,2,112.5377777783724,44,Baku,23.9,58.8,1014.6,False,36.4,0,0.3
6458.665,39,106.22,99,HARD,5.0,1,3,17.20250000071246,10,Baku,23.9,58.8,1014.6,False,36.4,0,0.3
6458.868,39,107.724,77,HARD,28.0,1,2,157.70833333273185,6,Baku,23.9,58.8,1014.6,False,36.4,0,0.3
6461.175,39,108.612,6,HARD,30.0,1,2,19.88777778003714,5,Baku,23.9,58.8,1014.6,False,36.4,0,0.3
6461.177,39,107.34,63,HARD,5.0,1,3,115.27749999953085,3,Baku,23.9,58.8,1014.6,False,36.4,0,0.3
6462.904,39,107.784,47,SOFT,7.0,1,3,15.287777776393341,44,Baku,23.9,58.8,1014.6,False,36.4,0,0.3
6521.647,39,107.819,9,SOFT,7.0,1,3,2202.462222221715,77,Baku,23.9,58.8,1014.6,False,36.4,0,0.3
6546.545,40,104.805,33,HARD,28.0,1,2,,,Baku,24.0,58.6,1014.6,False,37.0,213,0.2
6550.187,40,105.196,11,HARD,27.0,1,2,366.86361111249425,33,Baku,24.0,58.6,1014.6,False,37.0,213,0.2
6551.159,40,105.019,44,HARD,29.0,1,2,377.1824999973178,11,Baku,24.0,58.6,1014.6,False,37.0,213,0.2
6553.43,40,105.462,5,HARD,22.0,1,2,8.197499998728745,10,Baku,24.0,58.6,1014.6,False,37.0,213,0.2
6555.93,40,105.38,10,HARD,29.0,1,2,220.17527777983923,55,Baku,24.0,58.6,1014.6,False,37.0,213,0.2
6557.043,40,105.753,16,HARD,31.0,1,2,275.89555555433617,11,Baku,24.0,58.6,1014.6,False,37.0,213,0.2
6557.62,40,106.099,22,HARD,31.0,1,2,72.38083333394025,10,Baku,24.0,58.6,1014.6,False,37.0,213,0.2
6558.891,40,106.1,4,HARD,33.0,1,2,54.401111110899365,22,Baku,24.0,58.6,1014.6,False,37.0,213,0.2
6560.318,40,105.735,55,HARD,30.0,1,2,49.169166663865326,16,Baku,24.0,58.6,1014.6,False,37.0,213,0.2
6561.573,40,106.101,3,HARD,29.0,1,2,64.68333333279588,10,Baku,24.0,58.6,1014.6,False,37.0,213,0.2
6562.211,40,106.649,14,SOFT,8.0,1,3,64.04805555430357,99,Baku,24.0,58.6,1014.6,False,37.0,213,0.2
6563.619,40,106.272,7,HARD,27.0,1,2,133.3505555560114,44,Baku,24.0,58.6,1014.6,False,37.0,213,0.2
6564.885,40,106.36,99,HARD,6.0,1,3,31.876666668016696,3,Baku,24.0,58.6,1014.6,False,37.0,213,0.2
6566.592,40,106.432,77,HARD,29.0,1,2,81.89416666599573,6,Baku,24.0,58.6,1014.6,False,37.0,213,0.2
6568.517,40,106.781,63,HARD,6.0,1,3,41.398611110431375,14,Baku,24.0,58.6,1014.6,False,37.0,213,0.2
6569.787,40,107.68,6,HARD,31.0,1,2,140.0719444459828,14,Baku,24.0,58.6,1014.6,False,37.0,213,0.2
6570.688,40,108.272,47,SOFT,8.0,1,3,176.1483333320066,44,Baku,24.0,58.6,1014.6,False,37.0,213,0.2
6629.466,40,107.747,9,SOFT,8.0,1,3,2223.547499999404,77,Baku,24.0,58.6,1014.6,False,37.4,266,0.3
6651.35,41,104.861,33,HARD,29.0,1,2,,,Baku,24.0,58.6,1014.6,False,37.4,266,0.3
6655.383,41,104.95,11,HARD,28.0,1,2,367.5458333347342,33,Baku,24.0,58.6,1014.6,False,37.4,266,0.3
6656.178,41,105.027,44,HARD,30.0,1,2,381.6902777751384,11,Baku,24.0,58.6,1014.6,False,37.4,266,0.3
6658.892,41,104.89,5,HARD,23.0,1,2,35.40638888787362,10,Baku,24.0,58.6,1014.6,False,37.4,266,0.3
6661.31,41,105.486,10,HARD,30.0,1,2,194.6030555575271,55,Baku,24.0,58.6,1014.6,False,37.4,266,0.3
6662.796,41,105.732,16,HARD,32.0,1,2,308.04472222109325,11,Baku,24.0,58.6,1014.6,False,37.4,266,0.3
6663.719,41,105.809,22,HARD,32.0,1,2,132.1955555564491,10,Baku,24.0,58.6,1014.6,False,37.4,266,0.3
6664.991,41,105.326,4,HARD,34.0,1,2,55.198611110972706,22,Baku,24.0,58.6,1014.6,False,37.4,266,0.3
6666.053,41,105.901,55,HARD,31.0,1,2,52.90416666393867,16,Baku,24.0,58.2,1014.6,False,37.1,263,0.3
6667.674,41,106.009,3,HARD,30.0,1,2,9.321111112163635,5,Baku,24.0,58.2,1014.6,False,37.1,263,0.3
6668.86,41,106.344,14,SOFT,9.0,1,3,87.88888888744987,99,Baku,24.0,58.2,1014.6,False,37.1,263,0.3
6669.891,41,106.29,7,HARD,28.0,1,2,158.05777777868207,44,Baku,24.0,58.2,1014.6,False,37.1,263,0.3
6671.245,41,106.022,99,HARD,7.0,1,3,14.001388889271766,4,Baku,24.0,58.2,1014.6,False,37.1,263,0.3
6673.024,41,106.362,77,HARD,30.0,1,2,211.88777777951327,63,Baku,24.0,58.2,1014.6,False,37.1,263,0.3
6675.298,41,106.162,63,HARD,7.0,1,3,48.01305555499857,14,Baku,24.0,58.2,1014.6,False,37.1,263,0.3
6677.467,41,107.546,6,HARD,32.0,1,2,201.77083333506016,14,Baku,24.0,58.2,1014.6,False,37.1,263,0.3
6678.96,41,107.624,47,SOFT,9.0,1,3,10.131944442429813,10,Baku,24.0,58.2,1014.6,False,37.1,263,0.3
6737.213,41,107.939,9,SOFT,9.0,1,3,2272.384722221177,77,Baku,24.0,58.2,1014.6,False,37.1,263,0.3
6756.211,42,105.186,33,HARD,30.0,1,2,,,Baku,24.0,58.2,1014.6,False,37.1,263,0.3
6760.333,42,105.051,11,HARD,29.0,1,2,377.8683333347144,33,Baku,24.0,58.2,1014.6,False,37.1,263,0.3
6761.205,42,105.258,44,HARD,31.0,1,2,400.04805555264466,11,Baku,24.0,58.2,1014.6,False,37.1,263,0.3
6763.782,42,105.376,5,HARD,24.0,1,2,147.5250000010128,55,Baku,24.0,58.2,1014.6,False,37.1,263,0.3
6766.796,42,105.266,10,HARD,31.0,1,2,171.0066666683997,55,Baku,24.0,58.2,1014.6,False,37.1,263,0.3
6768.528,42,105.712,16,HARD,33.0,1,2,344.78444444332854,11,Baku,24.0,58.2,1014.6,False,37.1,263,0.3
6769.528,42,105.893,22,HARD,33.0,1,2,29.877777779387543,5,Baku,24.0,58.2,1014.6,False,37.1,263,0.3
6770.317,42,105.603,4,HARD,35.0,1,2,2.852500001725275,5,Baku,24.0,58.2,1014.6,False,37.1,263,0.3
6771.954,42,105.7,55,HARD,32.0,1,2,59.995277775102295,16,Baku,24.0,58.2,1014.6,False,37.1,263,0.3
6773.683,42,105.923,3,HARD,31.0,1,2,62.1652777774143,7,Baku,24.0,58.2,1014.6,False,37.1,263,0.3
6775.204,42,105.624,14,SOFT,10.0,1,3,122.60305555447121,99,Baku,24.0,58.2,1014.6,False,37.1,263,0.3
6776.181,42,105.631,7,HARD,29.0,1,2,205.2252777790709,44,Baku,24.0,58.2,1014.6,False,37.1,263,0.3
6777.267,42,106.109,99,HARD,8.0,1,3,20.644166666839737,22,Baku,24.0,58.2,1014.6,False,37.1,263,0.3
6779.386,42,105.976,77,HARD,31.0,1,2,234.90250000194646,63,Baku,24.0,58.2,1014.6,False,37.1,263,0.3
6781.46,42,106.054,63,HARD,8.0,1,3,9.6883333347796,47,Baku,24.0,58.2,1014.6,False,37.1,263,0.3
6785.013,42,106.608,6,HARD,33.0,1,2,276.51250000149594,14,Baku,24.0,58.2,1014.6,False,37.1,263,0.3
6786.584,42,107.89,47,SOFT,10.0,1,3,8.617777774983551,4,Baku,24.0,58.5,1014.5,False,36.9,225,0.3
6845.152,42,108.846,9,SOFT,10.0,1,3,2384.7927777762234,77,Baku,24.0,58.5,1014.5,False,36.9,225,0.3
6861.397,43,104.929,33,HARD,31.0,1,2,,,Baku,24.0,58.5,1014.5,False,36.9,225,0.3
6865.384,43,104.794,11,HARD,30.0,1,2,377.48194444633555,33,Baku,24.0,58.5,1014.5,False,36.9,225,0.3
6866.463,43,104.769,44,HARD,32.0,1,2,424.97138888554764,11,Baku,24.0,58.5,1014.5,False,36.9,225,0.3
6869.158,43,105.25,5,HARD,25.0,1,2,133.96305555669824,55,Baku,24.0,58.5,1014.5,False,36.9,225,0.3
6872.062,43,105.669,10,HARD,32.0,1,2,151.67388889065478,55,Baku,24.0,58.5,1014.5,False,36.9,225,0.3
6874.24,43,105.594,16,HARD,34.0,1,2,375.47361110997736,11,Baku,24.0,58.5,1014.5,False,36.9,225,0.3
6875.421,43,105.744,22,HARD,34.0,1,2,0.579722222260898,4,Baku,24.0,58.5,1014.5,False,36.9,225,0.3
6875.92,43,105.83,4,HARD,36.0,1,2,21.62111111282138,5,Baku,24.0,58.5,1014.5,False,36.9,225,0.3
6877.654,43,105.823,55,HARD,33.0,1,2,62.91305555248982,16,Baku,24.0,58.5,1014.5,False,36.9,225,0.3
6879.606,43,105.713,3,HARD,32.0,1,2,90.03416666560224,22,Baku,24.0,58.5,1014.5,False,36.9,225,0.3
6880.828,43,106.035,14,SOFT,11.0,1,3,79.71833333204268,99,Baku,24.0,58.5,1014.5,False,36.9,225,0.3
6881.812,43,105.601,7,HARD,30.0,1,2,5.616388889437076,10,Baku,24.0,58.5,1014.5,False,36.9,225,0.3
6883.376,43,105.911,99,HARD,9.0,1,3,7.047500001848675,5,Baku,24.0,58.5,1014.5,False,36.9,225,0.3
6885.362,43,105.665,77,HARD,32.0,1,2,96.70027778134681,47,Baku,24.0,58.5,1014.5,False,36.9,225,0.3
6887.514,43,105.959,63,HARD,9.0,1,3,64.56888888854883,14,Baku,24.0,58.5,1014.5,False,36.9,225,0.3
6891.621,43,107.098,6,HARD,34.0,1,2,249.54305555904284,47,Baku,24.0,58.5,1014.5,False,36.9,225,0.3
6894.474,43,108.923,47,SOFT,11.0,1,3,56.22527777592768,3,Baku,24.0,58.5,1014.5,False,36.9,225,0.3
6953.998,43,110.255,9,SOFT,11.0,1,3,2525.550833331683,6,Baku,24.0,58.4,1014.5,False,36.9,345,0.1
6966.326,44,104.481,33,HARD,32.0,1,2,,,Baku,24.0,58.2,1014.6,False,37.1,121,0.1
6970.178,44,104.873,11,HARD,31.0,1,2,372.703055557271,33,Baku,24.0,58.2,1014.6,False,37.1,121,0.1
6971.232,44,104.779,44,HARD,33.0,1,2,430.50694444132387,11,Baku,24.0,58.2,1014.6,False,37.1,121,0.1
6974.408,44,104.914,5,HARD,26.0,1,2,102.71750000116299,55,Baku,24.0,58.2,1014.6,False,37.1,121,0.1
6977.731,44,105.22,10,HARD,33.0,1,2,143.52888889075257,55,Baku,24.0,58.2,1014.6,False,37.1,121,0.1
6979.834,44,105.78,16,HARD,35.0,1,2,12.35833333528717,44,Baku,24.0,58.2,1014.6,False,37.1,121,0.1
6981.165,44,105.894,22,HARD,35.0,1,2,63.621388890460366,5,Baku,24.0,58.2,1014.6,False,37.1,121,0.1
6981.75,44,106.602,4,HARD,37.0,1,2,2.605833333451301,22,Baku,24.0,58.2,1014.6,False,37.1,121,0.1
6983.477,44,106.245,55,HARD,34.0,1,2,64.75249999723746,16,Baku,24.0,58.2,1014.6,False,37.1,121,0.1
6985.319,44,105.779,3,HARD,33.0,1,2,83.74111111016828,22,Baku,24.0,58.2,1014.6,False,37.1,121,0.1
6986.863,44,106.276,14,SOFT,12.0,1,3,90.50777777648182,99,Baku,24.0,58.2,1014.6,False,37.1,121,0.1
6987.413,44,105.924,7,HARD,31.0,1,2,269.192777778866,44,Baku,24.0,58.2,1014.6,False,37.1,121,0.1
6989.287,44,105.575,99,HARD,10.0,1,3,36.359722224005964,5,Baku,24.0,58.2,1014.6,False,37.1,121,0.1
6991.027,44,105.817,77,HARD,33.0,1,2,197.30972222427954,63,Baku,24.0,58.2,1014.6,False,37.1,121,0.1
6993.473,44,106.717,63,HARD,10.0,1,3,65.87194444413763,14,Baku,24.0,58.2,1014.6,False,37.1,121,0.1
6998.719,44,107.077,6,HARD,35.0,1,2,32.065555555629544,77,Baku,24.0,58.2,1014.6,False,37.1,121,0.1
7003.397,44,113.919,47,SOFT,12.0,1,3,53.89777777611744,14,Baku,24.0,58.2,1014.6,False,37.1,121,0.1
7064.253,44,114.527,9,SOFT,12.0,1,3,2675.739999998099,6,Baku,24.1,57.6,1014.5,False,37.2,230,0.1
7070.807,45,104.488,33,HARD,33.0,1,2,,,Baku,24.1,57.6,1014.5,False,37.2,230,0.1
7075.051,45,104.687,11,HARD,32.0,1,2,382.37611111300066,33,Baku,24.1,57.6,1014.5,False,37.2,230,0.1
7076.011,45,104.857,44,HARD,34.0,1,2,425.17722221888835,11,Baku,24.1,57.6,1014.5,False,37.2,230,0.1
7079.322,45,105.789,5,HARD,27.0,1,2,10.541111112339422,55,Baku,24.1,57.6,1014.5,False,37.2,230,0.1
7082.951,45,105.442,10,HARD,34.0,1,2,62.80055555753643,55,Baku,24.1,57.6,1014.5,False,37.2,230,0.1
7085.614,45,105.538,16,HARD,36.0,1,2,59.200833335198695,44,Baku,24.1,56.5,1014.5,False,37.9,354,0.5
7087.059,45,105.481,22,HARD,36.0,1,2,110.23361111312988,5,Baku,24.1,56.5,1014.5,False,37.9,354,0.5
7088.352,45,105.917,4,HARD,38.0,1,2,63.833611110720085,22,Baku,24.1,56.5,1014.5,False,37.9,354,0.5
7089.722,45,105.701,55,HARD,35.0,1,2,7.607499998994172,44,Baku,24.1,56.5,1014.5,False,37.9,354,0.5
7091.098,45,106.053,3,HARD,34.0,1,2,63.53333333259798,4,Baku,24.1,56.5,1014.5,False,37.9,354,0.5
7093.139,45,107.271,14,SOFT,13.0,1,3,149.12611110982834,99,Baku,24.1,56.5,1014.5,False,37.9,354,0.5
7093.337,45,107.316,7,HARD,32.0,1,2,29.33638888920541,10,Baku,24.1,56.5,1014.5,False,37.9,354,0.5
7094.862,45,106.683,99,HARD,11.0,1,3,5.659444444871042,4,Baku,24.1,56.5,1014.5,False,37.9,354,0.5
7096.844,45,106.196,77,HARD,34.0,1,2,122.8044444466068,63,Baku,24.1,56.5,1014.5,False,37.9,354,0.5
7100.19,45,106.121,63,HARD,11.0,1,3,73.42749999964144,14,Baku,24.1,56.5,1014.5,False,37.9,354,0.5
7105.796,45,106.745,6,HARD,36.0,1,2,104.57777777785668,77,Baku,24.1,56.5,1014.5,False,37.9,354,0.5
7117.316,45,126.429,47,SOFT,3.0,1,4,125.93388888548361,6,Baku,24.1,56.5,1014.5,False,37.9,354,0.5
7175.295,46,,33,HARD,34.0,24,2,,,Baku,24.1,58.0,1014.5,False,37.5,281,0.6
7178.78,45,138.566,9,SOFT,6.0,2,4,2310.228055556363,47,Baku,24.1,58.0,1014.5,False,37.5,281,0.6
7179.738,46,104.735,11,HARD,33.0,1,2,395.0444444468594,33,Baku,24.1,58.0,1014.5,False,37.5,281,0.6
7180.868,46,105.104,44,HARD,35.0,1,2,451.1597222178243,11,Baku,24.1,58.0,1014.5,False,37.5,281,0.6
7185.111,46,105.326,5,HARD,28.0,1,2,1.750833332480397,10,Baku,24.1,58.0,1014.5,False,37.5,281,0.6
7188.393,46,105.449,10,HARD,35.0,1,2,37.812222224951256,55,Baku,24.1,58.0,1014.5,False,37.5,281,0.6
7191.152,46,105.382,16,HARD,37.0,1,2,76.84250000293832,44,Baku,24.1,58.0,1014.5,False,37.5,281,0.6
7192.54,46,104.939,22,HARD,37.0,1,2,78.12833333422896,5,Baku,24.1,58.0,1014.5,False,37.5,281,0.6
7194.269,46,106.085,4,HARD,39.0,2,2,111.32555555552244,22,Baku,24.1,58.0,1014.5,False,37.5,281,0.6
7195.423,46,106.94,55,HARD,36.0,2,2,48.55416666652309,44,Baku,24.1,58.0,1014.5,False,37.5,281,0.6
7197.151,46,106.541,3,HARD,35.0,2,2,60.7724999996135,4,Baku,24.1,58.0,1014.5,False,37.5,281,0.6
7200.41,46,106.73,14,SOFT,14.0,2,3,204.5036111099762,99,Baku,24.1,58.0,1014.5,False,37.5,281,0.6
7200.653,46,106.959,7,HARD,33.0,2,2,82.86833333357936,10,Baku,24.1,58.0,1014.5,False,37.5,281,0.6
7201.545,46,107.176,99,HARD,12.0,2,3,42.0313888899982,4,Baku,24.1,58.0,1014.5,False,37.5,281,0.6
7203.04,46,108.552,77,HARD,35.0,2,2,122.73055555840256,63,Baku,24.1,58.0,1014.5,False,37.5,281,0.6
7206.311,46,107.985,63,HARD,12.0,2,3,23.328333332261536,14,Baku,24.0,58.0,1014.5,False,37.5,281,0.6
7212.541,46,111.373,6,HARD,37.0,2,2,119.47972222231328,77,Baku,24.0,58.0,1014.5,False,37.5,281,0.6
7243.745,46,112.849,47,SOFT,4.0,2,4,1141.8536111086723,77,Baku,24.0,58.0,1014.5,False,37.5,281,0.6
7284.473,47,136.165,11,HARD,34.0,24,2,,,Baku,24.1,57.6,1014.5,False,37.3,168,0.1
7285.972,47,135.406,44,HARD,36.0,24,2,496.3572222182993,11,Baku,24.1,57.6,1014.5,False,37.3,168,0.1
7290.437,47,133.659,5,HARD,29.0,24,2,6.020833333488554,10,Baku,24.1,57.6,1014.5,False,37.3,168,0.1
7293.842,47,133.442,10,HARD,36.0,24,2,265.72472222108627,16,Baku,24.1,57.6,1014.5,False,37.3,168,0.1
7296.534,47,133.338,16,HARD,38.0,24,2,46.75972222536802,44,Baku,24.1,57.6,1014.5,False,37.3,168,0.1
7297.479,47,134.982,22,HARD,38.0,24,2,28.94444444513647,5,Baku,24.1,57.6,1014.5,False,37.3,168,0.1
7300.354,47,134.859,4,HARD,40.0,24,2,155.29055555572268,5,Baku,24.1,57.6,1014.5,False,37.3,168,0.1
7302.363,47,135.333,55,HARD,37.0,24,2,95.47388888860587,44,Baku,24.1,57.6,1014.5,False,37.3,168,0.1
7303.692,47,139.455,3,HARD,36.0,24,2,56.023888888710644,4,Baku,24.1,57.6,1014.5,False,37.3,168,0.1
7307.14,47,138.391,14,SOFT,15.0,24,3,157.2911111099529,99,Baku,24.1,57.6,1014.5,False,37.3,168,0.1
7307.612,47,139.263,7,HARD,34.0,24,2,20.685555556381587,5,Baku,24.1,57.6,1014.5,False,37.3,168,0.1
7308.721,47,140.204,99,HARD,13.0,24,3,64.64055555674713,4,Baku,24.1,57.6,1014.5,False,37.3,168,0.1
7311.592,47,138.072,77,HARD,36.0,24,2,250.6319444468827,63,Baku,24.1,57.6,1014.5,False,37.3,168,0.1
7314.296,47,135.933,63,HARD,13.0,24,3,69.73222222173354,14,Baku,24.1,57.6,1014.5,False,37.3,168,0.1
7317.346,46,142.738,9,SOFT,7.0,24,4,3831.369444444834,47,Baku,24.1,57.6,1014.5,False,37.3,168,0.1
7323.914,47,136.549,6,HARD,38.0,24,2,193.98305555578554,77,Baku,24.1,57.6,1014.5,False,37.3,168,0.1
7356.594,47,,47,SOFT,5.0,24,4,1170.8494444412063,6,Baku,24.3,56.8,1014.5,False,37.6,0,0.1
7420.638,48,,11,HARD,35.0,45,3,,,Baku,24.3,56.8,1014.5,False,37.6,0,0.1
7421.378,48,,44,HARD,37.0,45,3,104.26972222264158,55,Baku,24.3,56.8,1014.5,False,37.6,0,0.1
7424.096,48,,5,HARD,30.0,45,3,24.752222221693955,7,Baku,24.3,56.8,1014.5,False,37.6,0,0.1
7427.284,48,,10,HARD,37.0,45,3,82.4944444472203,44,Baku,24.3,56.8,1014.5,False,37.6,0,0.1
7429.872,48,,16,HARD,39.0,45,3,32.391388888063375,11,Baku,24.3,56.8,1014.5,False,37.6,0,0.1
7432.461,48,,22,HARD,39.0,45,3,63.27166666678386,7,Baku,24.3,56.8,1014.5,False,37.6,0,0.1
7435.213,48,,4,HARD,41.0,45,3,4.349722220795229,22,Baku,24.3,56.8,1014.5,False,37.6,0,0.1
7437.696,48,,55,HARD,38.0,45,3,,,Baku,24.3,56.8,1014.5,False,37.6,0,0.1
7443.147,48,,3,HARD,37.0,45,3,0.9472222221083939,4,Baku,24.3,56.8,1014.5,False,37.6,0,0.1
7445.531,48,,14,SOFT,16.0,45,4,75.10305555496598,5,Baku,24.2,57.3,1014.5,False,37.1,0,0.1
7446.875,48,,7,HARD,35.0,45,3,27.07222222548444,44,Baku,24.2,57.3,1014.5,False,37.1,0,0.1
7448.925,48,,99,HARD,14.0,45,4,115.44361111143371,10,Baku,24.2,57.3,1014.5,False,37.1,0,0.1
7449.664,48,,77,SOFT,5.0,45,3,192.12666666827863,14,Baku,24.2,57.3,1014.5,False,37.1,0,0.1
7450.229,48,,63,SOFT,1.0,45,4,4.987777776666917,99,Baku,24.2,57.3,1014.5,False,37.1,0,0.1
7460.084,47,,9,SOFT,8.0,45,5,4057.7108333336655,47,Baku,24.2,57.3,1014.5,False,37.1,0,0.1
7460.463,48,,6,HARD,39.0,45,2,164.47055555769475,3,Baku,24.2,57.3,1014.5,False,37.1,0,0.1
7507.971,48,,47,SOFT,6.0,45,5,744.3752777744667,77,Baku,24.0,57.8,1014.4,False,37.1,230,0.3
7643.851,48,,9,SOFT,9.0,52,6,5175.052499998012,77,Baku,23.9,59.0,1014.5,False,35.9,262,0.1
9600.166,49,,5,SOFT,3.0,1,4,786.465833333903,9,Baku,23.0,58.5,1014.4,False,34.4,165,0.1
9600.166,49,,11,SOFT,3.0,1,5,97.1502777801943,9,Baku,23.0,58.5,1014.4,False,34.4,165,0.1
9600.166,49,,10,SOFT,3.0,1,4,455.3483333334443,9,Baku,23.0,58.5,1014.4,False,34.4,165,0.1
9600.166,49,,9,SOFT,10.0,1,7,,,Baku,23.0,58.5,1014.4,False,34.4,165,0.1
9600.166,49,,47,SOFT,4.0,1,7,,,Baku,23.0,58.5,1014.4,False,34.4,165,0.1
9600.166,49,,4,SOFT,3.0,1,4,403.17305555491475,9,Baku,23.0,58.5,1014.4,False,34.4,165,0.1
9600.166,49,,77,SOFT,5.0,1,4,530.7341666683205,9,Baku,23.0,58.5,1014.4,False,34.4,165,0.1
9600.166,49,,44,SOFT,5.0,1,4,500.05444444261957,9,Baku,23.0,58.5,1014.4,False,34.4,165,0.1
9600.166,49,,14,SOFT,17.0,1,5,388.0938888901146,9,Baku,23.0,58.5,1014.4,False,34.4,165,0.1
9600.166,49,,22,SOFT,3.0,1,4,389.8908333351719,9,Baku,23.0,58.5,1014.4,False,34.4,165,0.1
9600.166,49,,99,SOFT,1.0,1,5,111.591388889472,9,Baku,23.0,58.5,1014.4,False,34.4,165,0.1
9600.166,49,,7,SOFT,1.0,1,4,,,Baku,23.0,58.5,1014.4,False,34.4,165,0.1
9600.166,49,,16,SOFT,3.0,1,4,,,Baku,23.0,58.5,1014.4,False,34.4,165,0.1
9600.166,49,,55,SOFT,3.0,1,4,,,Baku,23.0,58.5,1014.4,False,34.4,165,0.1
9600.166,49,,3,SOFT,3.0,1,4,252.4036111108726,9,Baku,23.0,58.5,1014.4,False,34.4,165,0.1
9600.166,49,,6,SOFT,1.0,1,3,71.44472222431796,9,Baku,23.0,58.5,1014.4,False,34.4,165,0.1
9792.888,50,,11,SOFT,4.0,2,5,21.734444448549766,47,Baku,23.1,59.3,1014.4,False,33.9,46,0.4
9793.798,50,,44,SOFT,6.0,2,4,15.942499998491257,4,Baku,23.1,59.3,1014.4,False,33.9,46,0.4
9795.883,50,,5,SOFT,4.0,2,4,204.86833333363757,14,Baku,23.1,59.3,1014.4,False,33.9,46,0.4
9800.803,50,,10,SOFT,4.0,2,4,14.458055558148772,44,Baku,23.1,59.3,1014.4,False,33.9,46,0.4
9802.384,50,,16,SOFT,4.0,2,4,99.4083333380986,55,Baku,23.1,59.3,1014.4,False,33.9,46,0.4
9804.001,50,,22,SOFT,4.0,2,4,78.70611111063045,6,Baku,23.1,59.3,1014.4,False,33.9,46,0.4
9806.327,50,147.891,4,SOFT,4.0,2,4,12.970555553678423,22,Baku,23.1,59.3,1014.4,False,33.9,46,0.4
9807.449,50,,55,SOFT,4.0,2,4,62.8552777756704,47,Baku,23.1,59.3,1014.4,False,33.9,46,0.4
9808.939,50,149.461,3,SOFT,4.0,2,4,20.25222222157754,99,Baku,23.1,59.3,1014.4,False,33.9,46,0.4
9811.826,50,145.01,14,SOFT,18.0,2,5,9.410000001720618,4,Baku,23.1,59.3,1014.4,False,33.9,46,0.4
9816.738,50,142.545,7,SOFT,2.0,2,4,340.31888889113907,47,Baku,23.1,59.3,1014.4,False,33.9,46,0.4
9819.199,50,140.563,99,SOFT,2.0,2,5,57.22638888953952,9,Baku,23.1,59.3,1014.4,False,33.9,46,0.4
9827.918,50,132.714,77,SOFT,6.0,2,4,439.535000000149,6,Baku,23.1,59.3,1014.4,False,33.9,46,0.4
9844.261,50,116.912,6,SOFT,2.0,2,3,65.16277777828509,7,Baku,23.1,59.3,1014.4,False,33.9,46,0.4
9844.69,50,117.941,47,SOFT,5.0,2,7,,,Baku,23.1,59.3,1014.4,False,33.9,46,0.4
9845.384,50,116.968,9,SOFT,11.0,2,7,44.22583333647344,55,Baku,23.1,59.3,1014.4,False,33.9,46,0.4
9951.455,51,104.703,11,SOFT,5.0,1,5,35.67361111281207,16,Baku,23.0,60.4,1014.4,False,33.5,171,0.4
9952.401,51,105.138,5,SOFT,5.0,1,4,85.49527777772164,6,Baku,23.0,60.4,1014.4,False,33.5,171,0.4
9953.307,51,105.588,10,SOFT,5.0,1,4,36.336666668532416,4,Baku,23.0,60.4,1014.4,False,33.5,171,0.4
9953.313,51,106.692,16,SOFT,5.0,1,4,,,Baku,23.0,60.4,1014.4,False,33.5,171,0.4
9954.218,51,106.663,4,SOFT,5.0,1,4,1.8122222195961513,7,Baku,23.0,60.4,1014.4,False,33.5,171,0.4
9956.836,51,105.715,14,SOFT,19.0,1,5,44.938333334284835,99,Baku,23.0,60.4,1014.4,False,33.5,171,0.4
9957.358,51,105.401,22,SOFT,5.0,1,4,107.99805555527564,6,Baku,23.0,60.4,1014.4,False,33.5,171,0.4
9957.695,51,106.175,55,SOFT,5.0,1,4,102.38305555045372,16,Baku,23.0,60.4,1014.4,False,33.5,171,0.4
9958.4,51,106.618,3,SOFT,5.0,1,4,1.2930555539787747,6,Baku,23.0,60.4,1014.4,False,33.5,171,0.4
9959.283,51,106.426,7,SOFT,3.0,1,4,213.13444444310153,11,Baku,23.0,60.4,1014.4,False,33.5,171,0.4
9959.762,51,106.651,99,SOFT,3.0,1,5,61.940555555862375,9,Baku,23.0,60.4,1014.4,False,33.5,171,0.4
9960.632,51,106.762,77,SOFT,7.0,1,4,50.798333334270865,5,Baku,23.0,60.4,1014.4,False,33.5,171,0.4
9961.173,51,107.331,6,SOFT,3.0,1,3,61.666111112514045,99,Baku,23.0,60.4,1014.4,False,33.5,171,0.4
9962.352,51,108.123,9,SOFT,12.0,1,7,61.752777775458526,7,Baku,23.0,60.4,1014.4,False,33.5,171,0.4
9962.631,51,107.769,47,SOFT,6.0,1,7,,,Baku,23.0,60.4,1014.4,False,33.5,171,0.4
9962.716,51,111.085,44,SOFT,7.0,1,4,252.4849999975413,5,Baku,23.0,60.4,1014.4,False,33.5,171,0.4
