LapStartTime,LapNumber,LapTime,DriverNumber,Compound,TyreLife,TrackStatus,Stint,DistanceToDriverAhead,DriverAhead,PitStatus,IsAccurate,Track,AirTemp,Humidity,Pressure,Rainfall,TrackTemp,WindDirection,WindSpeed
2005.335,1.0,,44,SOFT,4.0,24,1,,,OutLap,False,Mugello,30.0,39.3,993.5,False,44.9,357,2.0
2005.335,1.0,,3,SOFT,4.0,24,1,,,OutLap,False,Mugello,30.0,39.3,993.5,False,44.9,357,2.0
2005.335,1.0,,11,SOFT,4.0,24,1,,,OutLap,False,Mugello,30.0,39.3,993.5,False,44.9,357,2.0
2005.335,1.0,,4,SOFT,1.0,24,1,,,OutLap,False,Mugello,30.0,39.3,993.5,False,44.9,357,2.0
2005.335,1.0,,26,MEDIUM,1.0,24,1,,,OutLap,False,Mugello,30.0,39.3,993.5,False,44.9,357,2.0
2005.335,0.0,,33,SOFT,4.0,24,1,,,NoPit,False,Mugello,30.0,39.3,993.5,False,44.9,357,2.0
2005.335,1.0,,16,SOFT,4.0,24,1,,,OutLap,False,Mugello,30.0,39.3,993.5,False,44.9,357,2.0
2005.335,1.0,,7,MEDIUM,1.0,24,1,,,OutLap,False,Mugello,30.0,39.3,993.5,False,44.9,357,2.0
2005.335,1.0,,23,SOFT,4.0,24,1,,,OutLap,False,Mugello,30.0,39.3,993.5,False,44.9,357,2.0
2005.335,1.0,,5,SOFT,1.0,24,1,,,OutLap,False,Mugello,30.0,39.3,993.5,False,44.9,357,2.0
2005.335,1.0,,8,MEDIUM,1.0,24,1,,,OutLap,False,Mugello,30.0,39.3,993.5,False,44.9,357,2.0
2005.335,1.0,,18,SOFT,4.0,24,1,,,OutLap,False,Mugello,30.0,39.3,993.5,False,44.9,357,2.0
2005.335,1.0,,31,SOFT,4.0,24,1,,,OutLap,False,Mugello,30.0,39.3,993.5,False,44.9,357,2.0
2005.335,1.0,,6,MEDIUM,1.0,24,1,,,OutLap,False,Mugello,30.0,39.3,993.5,False,44.9,357,2.0
2005.335,1.0,,20,SOFT,1.0,24,1,,,OutLap,False,Mugello,30.0,39.3,993.5,False,44.9,357,2.0
2005.335,1.0,,99,SOFT,1.0,24,1,,,OutLap,False,Mugello,30.0,39.3,993.5,False,44.9,357,2.0
2005.335,1.0,,55,SOFT,4.0,24,1,,,OutLap,False,Mugello,30.0,39.3,993.5,False,44.9,357,2.0
2005.335,1.0,,63,MEDIUM,1.0,24,1,,,OutLap,False,Mugello,30.0,39.3,993.5,False,44.9,357,2.0
2005.335,1.0,,77,SOFT,4.0,24,1,,,OutLap,False,Mugello,30.0,39.3,993.5,False,44.9,357,2.0
2005.335,0.0,,10,SOFT,1.0,24,1,,,NoPit,False,Mugello,30.0,39.3,993.5,False,44.9,357,2.0
2112.35,2.0,148.572,77,SOFT,5.0,4,1,,,NoPit,False,Mugello,30.2,38.6,993.6,False,45.5,349,2.5
2115.874,2.0,146.653,44,SOFT,5.0,4,1,199.68277777777348,77,NoPit,False,Mugello,30.2,38.6,993.6,False,45.5,349,2.5
2116.91,2.0,146.424,16,SOFT,5.0,4,1,45.89499999999771,44,NoPit,False,Mugello,30.2,38.6,993.6,False,45.5,349,2.5
2118.228,2.0,145.96,23,SOFT,5.0,4,1,111.75277777777228,16,NoPit,False,Mugello,30.2,38.6,993.6,False,45.5,349,2.5
2119.524,2.0,145.696,18,SOFT,5.0,4,1,87.98027777778589,23,NoPit,False,Mugello,30.2,38.6,993.6,False,45.5,349,2.5
2121.872,2.0,144.786,3,SOFT,5.0,4,1,140.36722222222033,18,NoPit,False,Mugello,30.2,38.6,993.6,False,45.5,349,2.5
2122.609,2.0,145.389,11,SOFT,5.0,4,1,82.82305555555195,3,NoPit,False,Mugello,30.2,38.6,993.6,False,45.5,349,2.5
2125.444,2.0,144.371,4,SOFT,2.0,4,1,177.27833333333456,11,NoPit,False,Mugello,30.2,38.6,993.6,False,45.5,349,2.5
2127.826,2.0,144.13,26,MEDIUM,2.0,4,1,180.93861111111164,4,NoPit,False,Mugello,30.2,38.6,993.6,False,45.5,349,2.5
2129.001,2.0,143.856,31,SOFT,5.0,4,1,23.271111111112077,63,NoPit,False,Mugello,30.2,38.6,993.6,False,45.5,349,2.5
2130.118,2.0,144.48,63,MEDIUM,2.0,4,1,99.30666666666457,26,NoPit,False,Mugello,30.2,38.6,993.6,False,45.5,349,2.5
2133.955,2.0,142.262,20,SOFT,2.0,4,1,290.185277777774,31,NoPit,False,Mugello,30.2,38.6,993.6,False,45.5,349,2.5
2134.923,2.0,142.833,6,MEDIUM,2.0,4,1,68.73888888889178,20,NoPit,False,Mugello,30.2,38.6,993.6,False,45.5,349,2.5
2136.116,2.0,143.099,99,SOFT,2.0,4,1,102.37694444444514,6,NoPit,False,Mugello,30.2,38.6,993.6,False,45.5,349,2.5
2144.46,2.0,135.826,55,SOFT,5.0,4,1,650.0822222222196,99,NoPit,False,Mugello,30.2,38.6,993.6,False,45.5,349,2.5
2161.322,2.0,120.769,7,MEDIUM,1.0,4,2,1.5733333333246264,8,OutLap,False,Mugello,30.3,39.4,993.6,False,45.5,355,3.4
2163.89,2.0,117.221,8,MEDIUM,2.0,4,1,790.2224999999999,55,NoPit,False,Mugello,30.3,39.4,993.6,False,45.5,355,3.4
2172.311,2.0,112.4,5,MEDIUM,1.0,4,2,509.7324999999955,7,OutLap,False,Mugello,30.3,39.4,993.6,False,45.5,355,3.4
2260.922,3.0,137.078,77,SOFT,6.0,4,1,,,NoPit,False,Mugello,30.3,39.3,993.5,False,45.6,16,2.4
2262.527,3.0,136.551,44,SOFT,6.0,4,1,73.50666666664802,77,NoPit,False,Mugello,30.3,39.3,993.5,False,45.6,16,2.4
2263.334,3.0,136.385,16,SOFT,6.0,4,1,11.305555555563842,44,NoPit,False,Mugello,30.3,39.3,993.5,False,45.6,16,2.4
2264.188,3.0,136.967,23,SOFT,6.0,4,1,90.0711111111068,16,NoPit,False,Mugello,30.3,39.3,993.5,False,45.6,16,2.4
2265.22,3.0,137.382,18,SOFT,6.0,4,1,65.96972222223121,23,NoPit,False,Mugello,30.3,39.3,993.5,False,45.6,16,2.4
2266.658,3.0,137.351,3,SOFT,6.0,4,1,36.42916666668498,18,NoPit,False,Mugello,30.3,39.3,993.5,False,45.6,16,2.4
2267.998,3.0,137.193,11,SOFT,6.0,4,1,143.21777777775424,3,NoPit,False,Mugello,30.3,39.3,993.5,False,45.6,16,2.4
2269.815,3.0,137.331,4,SOFT,3.0,4,1,86.37277777777854,11,NoPit,False,Mugello,30.3,39.3,993.5,False,45.6,16,2.4
2271.956,3.0,137.237,26,MEDIUM,3.0,4,1,161.3158333333322,4,NoPit,False,Mugello,30.3,39.3,993.5,False,45.6,16,2.4
2272.857,3.0,137.987,31,SOFT,6.0,4,1,105.34972222225042,26,NoPit,False,Mugello,30.3,39.3,993.5,False,45.6,16,2.4
2274.598,3.0,137.132,63,MEDIUM,3.0,4,1,100.78750000001492,26,NoPit,False,Mugello,30.1,39.3,993.6,False,45.2,346,3.0
2276.217,3.0,137.241,20,SOFT,3.0,4,1,113.1919444444211,31,NoPit,False,Mugello,30.1,39.3,993.6,False,45.2,346,3.0
2277.756,3.0,137.245,6,MEDIUM,3.0,4,1,79.69361111112266,20,NoPit,False,Mugello,30.1,39.3,993.6,False,45.2,346,3.0
2279.215,3.0,136.806,99,SOFT,3.0,4,1,128.19166666667297,6,NoPit,False,Mugello,30.1,39.3,993.6,False,45.2,346,3.0
2280.286,3.0,136.43,55,SOFT,6.0,4,1,144.43305555554798,8,NoPit,False,Mugello,30.1,39.3,993.6,False,45.2,346,3.0
2281.111,3.0,137.211,8,MEDIUM,3.0,4,1,18.44277777777461,99,NoPit,False,Mugello,30.1,39.3,993.6,False,45.2,346,3.0
2282.091,3.0,137.105,7,MEDIUM,2.0,4,2,99.16722222218414,55,NoPit,False,Mugello,30.1,39.3,993.6,False,45.2,346,3.0
2284.711,3.0,135.684,5,MEDIUM,2.0,4,2,187.53527777778254,7,NoPit,False,Mugello,30.1,39.3,993.6,False,45.2,346,3.0
2398.0,4.0,133.468,77,SOFT,7.0,4,1,,,NoPit,False,Mugello,30.1,39.0,993.6,False,45.1,8,3.4
2399.078,4.0,134.621,44,SOFT,7.0,4,1,3.4641666666611854,16,NoPit,False,Mugello,30.1,39.0,993.6,False,45.1,8,3.4
2399.719,4.0,135.131,16,SOFT,7.0,4,1,62.10499999995409,77,NoPit,False,Mugello,30.1,39.0,993.6,False,45.1,8,3.4
2401.155,4.0,134.65,23,SOFT,7.0,4,1,124.58055555558894,44,NoPit,False,Mugello,30.1,39.0,993.6,False,45.1,8,3.4
2402.602,4.0,134.242,18,SOFT,7.0,4,1,99.10527777775496,23,NoPit,False,Mugello,30.1,39.0,993.6,False,45.1,8,3.4
2404.009,4.0,135.385,3,SOFT,7.0,4,1,23.392222222253622,18,NoPit,False,Mugello,30.1,39.0,993.6,False,45.1,8,3.4
2405.191,4.0,134.942,11,SOFT,7.0,4,1,134.04611111108352,3,NoPit,False,Mugello,30.1,39.0,993.6,False,45.1,8,3.4
2407.146,4.0,134.602,4,SOFT,4.0,4,1,97.07944444444001,11,NoPit,False,Mugello,30.1,39.0,993.6,False,45.1,8,3.4
2409.193,4.0,134.702,26,MEDIUM,4.0,4,1,159.55805555555526,4,NoPit,False,Mugello,30.1,39.0,993.6,False,45.1,8,3.4
2410.844,4.0,134.439,31,SOFT,7.0,4,1,63.02722222225202,63,NoPit,False,Mugello,30.1,39.0,993.6,False,45.1,8,3.4
2411.73,4.0,134.898,63,MEDIUM,4.0,4,1,92.73527777777963,26,NoPit,False,Mugello,30.1,39.0,993.6,False,45.1,8,3.4
2413.458,4.0,133.812,20,SOFT,4.0,4,1,50.776944444452965,31,NoPit,False,Mugello,30.1,39.0,993.6,False,45.1,8,3.4
2415.001,4.0,133.727,6,MEDIUM,4.0,4,1,90.5138888888996,20,NoPit,False,Mugello,30.1,39.0,993.6,False,45.1,8,3.4
2416.021,4.0,133.809,99,SOFT,4.0,4,1,32.77638888890033,8,NoPit,False,Mugello,30.1,39.0,993.6,False,45.1,8,3.4
2416.716,4.0,134.153,55,SOFT,7.0,4,1,132.18416666666417,99,NoPit,False,Mugello,30.1,39.0,993.6,False,45.1,8,3.4
2418.322,4.0,134.294,8,MEDIUM,4.0,4,1,1.1911111111021455,99,NoPit,False,Mugello,30.1,39.0,993.6,False,45.1,8,3.4
2419.196,4.0,135.592,7,MEDIUM,3.0,4,2,133.47944444439236,55,NoPit,False,Mugello,30.1,39.0,993.6,False,45.1,8,3.4
2420.395,4.0,136.774,5,MEDIUM,3.0,4,2,57.86250000001746,7,NoPit,False,Mugello,30.1,39.0,993.6,False,45.1,8,3.4
2531.468,5.0,134.247,77,SOFT,8.0,4,1,,,NoPit,False,Mugello,30.2,38.8,993.6,False,45.3,26,2.8
2533.699,5.0,133.693,44,SOFT,8.0,4,1,112.85444444435416,77,NoPit,False,Mugello,30.2,38.8,993.6,False,45.3,26,2.8
2534.85,5.0,133.4,16,SOFT,8.0,4,1,26.644722222252312,44,NoPit,False,Mugello,30.2,38.8,993.6,False,45.3,26,2.8
2535.805,5.0,133.442,23,SOFT,8.0,4,1,107.80888888887421,16,NoPit,False,Mugello,30.2,38.8,993.6,False,45.3,26,2.8
2536.844,5.0,133.467,18,SOFT,8.0,4,1,101.28527777774434,23,NoPit,False,Mugello,30.2,38.8,993.6,False,45.3,26,2.8
2539.394,5.0,132.873,3,SOFT,8.0,4,1,84.94472222228796,18,NoPit,False,Mugello,30.2,38.8,993.6,False,45.3,26,2.8
2540.133,5.0,132.602,11,SOFT,8.0,4,1,106.60916666660705,3,NoPit,False,Mugello,30.2,38.8,993.6,False,45.3,26,2.8
2541.748,5.0,132.713,4,SOFT,5.0,4,1,63.7683333333116,11,NoPit,False,Mugello,30.2,38.8,993.6,False,45.3,26,2.8
2543.895,5.0,132.98,26,MEDIUM,5.0,4,1,179.02583333339135,4,NoPit,False,Mugello,30.2,38.8,993.6,False,45.3,26,2.8
2545.283,5.0,133.705,31,SOFT,8.0,4,1,31.286388888940564,63,NoPit,False,Mugello,30.2,38.8,993.6,False,45.3,26,2.8
2546.628,5.0,133.501,63,MEDIUM,5.0,4,1,84.48277777772091,26,NoPit,False,Mugello,30.2,38.8,993.6,False,45.3,26,2.8
2547.27,5.0,134.825,20,SOFT,5.0,4,1,2.7069444444532564,31,NoPit,False,Mugello,30.2,38.8,993.6,False,45.3,26,2.8
2548.728,5.0,134.383,6,MEDIUM,5.0,4,1,67.67611111110818,20,NoPit,False,Mugello,30.2,38.8,993.6,False,45.3,26,2.8
2549.83,5.0,134.22,99,SOFT,5.0,4,1,10.934722222256823,8,NoPit,False,Mugello,30.2,38.8,993.6,False,45.3,26,2.8
2550.869,5.0,134.103,55,SOFT,8.0,4,1,177.1269444444697,8,NoPit,False,Mugello,30.2,38.8,993.6,False,45.3,26,2.8
2552.616,5.0,134.068,8,MEDIUM,5.0,4,1,22.12027777773983,99,NoPit,False,Mugello,30.2,38.8,993.6,False,45.3,26,2.8
2554.788,5.0,133.244,7,MEDIUM,4.0,4,2,248.1902777777177,55,NoPit,False,Mugello,30.2,38.8,993.6,False,45.3,26,2.8
2557.169,5.0,132.292,5,MEDIUM,4.0,4,2,178.49805555559215,7,NoPit,False,Mugello,30.2,38.8,993.6,False,45.3,26,2.8
2665.715,6.0,142.886,77,SOFT,9.0,4,1,,,NoPit,False,Mugello,30.4,38.6,993.7,False,45.2,357,2.0
2667.392,6.0,141.511,44,SOFT,9.0,4,1,7.236388888824877,16,NoPit,False,Mugello,30.4,38.6,993.7,False,45.2,357,2.0
2668.25,6.0,140.751,16,SOFT,9.0,4,1,0.46361111117585097,44,NoPit,False,Mugello,30.4,38.6,993.7,False,45.2,357,2.0
2669.247,6.0,139.882,23,SOFT,9.0,4,1,121.13555555549465,16,NoPit,False,Mugello,30.4,38.6,993.7,False,45.2,357,2.0
2670.311,6.0,138.951,18,SOFT,9.0,4,1,93.35277777779265,23,NoPit,False,Mugello,30.4,38.6,993.7,False,45.2,357,2.0
2672.267,6.0,137.585,3,SOFT,9.0,4,1,27.321666666743113,18,NoPit,False,Mugello,30.4,38.6,993.7,False,45.2,357,2.0
2672.735,6.0,137.36,11,SOFT,9.0,4,1,104.8166666665602,3,NoPit,False,Mugello,30.4,38.6,993.7,False,45.2,357,2.0
2674.461,6.0,135.809,4,SOFT,6.0,4,1,61.31527777777228,11,NoPit,False,Mugello,30.4,38.6,993.7,False,45.2,357,2.0
2676.875,6.0,133.715,26,MEDIUM,6.0,4,1,210.16138888890055,4,NoPit,False,Mugello,30.4,38.6,993.7,False,45.2,357,2.0
2678.988,6.0,131.793,31,SOFT,9.0,4,1,24.301944444552646,63,NoPit,False,Mugello,30.4,38.6,993.7,False,45.2,357,2.0
2680.129,6.0,130.896,63,MEDIUM,6.0,4,1,122.24944444440916,26,NoPit,False,Mugello,30.4,38.6,993.7,False,45.2,357,2.0
2682.095,6.0,,20,SOFT,6.0,42,1,122.12055555555344,31,NoPit,False,Mugello,30.4,38.6,993.7,False,45.2,357,2.0
2683.111,6.0,131.365,6,MEDIUM,6.0,42,1,42.432222222199925,20,NoPit,False,Mugello,30.4,38.6,993.7,False,45.2,357,2.0
2684.05,6.0,,99,SOFT,6.0,42,1,70.93416666674239,8,NoPit,False,Mugello,30.4,38.6,993.7,False,45.2,357,2.0
2684.972,6.0,,55,SOFT,9.0,42,1,166.405833333356,99,NoPit,False,Mugello,30.4,38.6,993.7,False,45.2,357,2.0
2686.684,6.0,130.396,8,MEDIUM,6.0,42,1,52.37972222216558,6,NoPit,False,Mugello,30.4,38.6,993.7,False,45.2,357,2.0
2688.032,6.0,128.229,7,MEDIUM,5.0,42,2,154.45833333325209,55,NoPit,False,Mugello,30.4,38.6,993.7,False,45.2,357,2.0
2689.461,6.0,127.016,5,MEDIUM,5.0,42,2,94.5577777778235,7,NoPit,False,Mugello,30.4,38.6,993.7,False,45.2,357,2.0
2808.601,7.0,121.252,77,SOFT,10.0,24,1,0.4322222223308927,4,InLap,False,Mugello,30.4,38.8,993.7,False,45.2,4,3.0
2808.903,7.0,123.336,44,SOFT,10.0,24,1,5.128333333290357,20,InLap,False,Mugello,30.4,38.8,993.7,False,45.2,4,3.0
2809.001,7.0,124.466,16,SOFT,10.0,24,1,180.111666666744,8,InLap,False,Mugello,30.4,38.8,993.7,False,45.2,4,3.0
2809.129,7.0,126.021,23,SOFT,10.0,24,1,2.902777777690062,20,InLap,False,Mugello,30.4,38.8,993.7,False,45.2,4,3.0
2809.262,7.0,127.138,18,SOFT,10.0,24,1,8.816388888877555,31,InLap,False,Mugello,30.4,38.8,993.7,False,45.2,4,3.0
2809.852,7.0,127.885,3,SOFT,10.0,24,1,25.21472222219745,16,InLap,False,Mugello,30.4,38.8,993.7,False,45.2,4,3.0
2810.095,7.0,129.425,11,SOFT,10.0,24,1,34.83166666665056,23,InLap,False,Mugello,30.4,38.8,993.7,False,45.2,4,3.0
2810.27,7.0,130.596,4,SOFT,7.0,24,1,4.238333333298215,6,InLap,False,Mugello,30.4,38.8,993.7,False,45.2,4,3.0
2810.59,7.0,132.074,26,MEDIUM,7.0,24,1,7.464444444402034,31,InLap,False,Mugello,30.4,38.8,993.7,False,45.2,4,3.0
2810.781,7.0,133.823,31,SOFT,10.0,24,1,1.6502777777895972,18,InLap,False,Mugello,30.4,38.8,993.7,False,45.2,4,3.0
2811.025,7.0,134.695,63,MEDIUM,7.0,24,1,12.407777777716547,3,InLap,False,Mugello,30.4,38.8,993.7,False,45.2,4,3.0
2814.476,7.0,,6,MEDIUM,7.0,24,1,144.34638888888367,8,NoPit,False,Mugello,30.3,38.9,993.6,False,45.1,347,2.0
2816.261,7.0,130.389,7,MEDIUM,6.0,24,2,84.62305555550847,6,InLap,False,Mugello,30.3,38.9,993.6,False,45.1,347,2.0
2816.477,7.0,131.088,5,MEDIUM,6.0,24,2,20.92166666678895,7,InLap,False,Mugello,30.3,38.9,993.6,False,45.1,347,2.0
2817.08,7.0,139.256,8,MEDIUM,7.0,24,1,132.23111111109756,18,InLap,False,Mugello,30.3,38.9,993.6,False,45.1,347,2.0
2929.853,8.0,,77,SOFT,11.0,45,2,20.495833333239716,16,OutLap,False,Mugello,30.3,38.8,993.5,False,45.1,7,2.6
2932.239,8.0,,44,SOFT,11.0,45,2,50.681111111196515,77,OutLap,False,Mugello,30.3,38.8,993.5,False,45.1,7,2.6
2933.467,8.0,,16,SOFT,11.0,45,2,23.022777777725423,8,OutLap,False,Mugello,30.3,38.8,993.5,False,45.1,7,2.6
2935.15,8.0,,23,SOFT,11.0,45,2,49.10583333320392,3,OutLap,False,Mugello,30.4,38.6,993.6,False,45.3,25,1.9
2936.4,8.0,,18,SOFT,11.0,45,2,0.4133333333375049,11,OutLap,False,Mugello,30.4,38.6,993.6,False,45.3,25,1.9
2937.737,8.0,,3,SOFT,11.0,45,2,46.37472222220822,44,OutLap,False,Mugello,30.4,38.6,993.6,False,45.3,25,1.9
2939.52,8.0,,11,SOFT,11.0,45,2,0.7866666666668607,18,OutLap,False,Mugello,30.4,38.6,993.6,False,45.3,25,1.9
2940.866,8.0,,4,SOFT,8.0,45,2,60.21777777781972,23,OutLap,False,Mugello,30.4,38.6,993.6,False,45.3,25,1.9
2942.664,8.0,,26,MEDIUM,8.0,45,2,10.341666666528909,7,OutLap,False,Mugello,30.4,38.6,993.6,False,45.3,25,1.9
2944.604,8.0,,31,SOFT,11.0,45,2,4.437499999949068,5,OutLap,False,Mugello,30.4,38.6,993.6,False,45.3,25,1.9
2945.72,8.0,,63,MEDIUM,8.0,45,2,39.396388888926595,4,OutLap,False,Mugello,30.4,38.6,993.6,False,45.3,25,1.9
2946.65,8.0,,7,MEDIUM,7.0,45,3,41.20222222231678,63,OutLap,False,Mugello,30.4,38.6,993.6,False,45.3,25,1.9
2947.565,8.0,,5,MEDIUM,7.0,45,3,17.109166666661622,7,OutLap,False,Mugello,30.4,38.6,993.6,False,45.3,25,1.9
2956.336,8.0,,8,HARD,1.0,45,2,37.85111111114384,31,OutLap,False,Mugello,30.4,38.6,993.6,False,45.3,25,1.9
4500.042,9.0,,3,SOFT,3.0,1,3,,,OutLap,False,Mugello,30.4,39.0,993.6,False,44.2,9,2.6
4500.042,9.0,,16,SOFT,4.0,1,3,,,OutLap,False,Mugello,30.4,39.0,993.6,False,44.2,9,2.6
4500.042,9.0,,7,MEDIUM,8.0,1,4,,,OutLap,False,Mugello,30.4,39.0,993.6,False,44.2,9,2.6
4500.042,9.0,,18,SOFT,3.0,1,3,,,OutLap,False,Mugello,30.4,39.0,993.6,False,44.2,9,2.6
4500.042,9.0,,26,SOFT,1.0,1,3,,,OutLap,False,Mugello,30.4,39.0,993.6,False,44.2,9,2.6
4500.042,9.0,,77,MEDIUM,1.0,1,3,,,OutLap,False,Mugello,30.4,39.0,993.6,False,44.2,9,2.6
4500.042,9.0,,23,SOFT,3.0,1,3,,,OutLap,False,Mugello,30.4,39.0,993.6,False,44.2,9,2.6
4500.042,9.0,,4,SOFT,4.0,1,3,,,OutLap,False,Mugello,30.4,39.0,993.6,False,44.2,9,2.6
4500.042,9.0,,5,SOFT,4.0,1,4,,,OutLap,False,Mugello,30.4,39.0,993.6,False,44.2,9,2.6
4500.042,9.0,,8,SOFT,1.0,1,3,,,OutLap,False,Mugello,30.4,39.0,993.6,False,44.2,9,2.6
4500.042,9.0,,44,MEDIUM,1.0,1,3,,,OutLap,False,Mugello,30.4,39.0,993.6,False,44.2,9,2.6
4500.042,9.0,,63,MEDIUM,1.0,1,3,,,OutLap,False,Mugello,30.4,39.0,993.6,False,44.2,9,2.6
4500.042,9.0,,11,SOFT,4.0,1,3,,,OutLap,False,Mugello,30.4,39.0,993.6,False,44.2,9,2.6
4715.643,10.0,84.937,77,MEDIUM,2.0,1,3,0.3452777776765288,11,NoPit,True,Mugello,30.0,40.8,993.6,False,44.1,15,2.9
4715.96,10.0,83.37,44,MEDIUM,2.0,1,3,0.11444444456719793,26,NoPit,True,Mugello,30.0,40.8,993.6,False,44.1,15,2.9
4716.133,10.0,86.608,16,SOFT,5.0,1,3,9.44500000026892,3,NoPit,True,Mugello,30.0,40.8,993.6,False,44.1,15,2.9
4716.476,10.0,89.369,23,SOFT,4.0,1,3,16.136388888895453,11,NoPit,True,Mugello,30.0,40.8,993.6,False,44.1,15,2.9
4716.486,10.0,86.695,18,SOFT,4.0,1,3,37.7124999999578,23,NoPit,True,Mugello,30.0,40.8,993.6,False,44.1,15,2.9
4716.693,10.0,88.423,3,SOFT,4.0,1,3,5.597777777693409,5,NoPit,True,Mugello,30.0,40.8,993.6,False,44.1,15,2.9
4716.975,10.0,87.526,11,SOFT,5.0,1,3,3.918611111213977,77,NoPit,True,Mugello,30.0,40.8,993.6,False,44.1,15,2.9
4717.035,10.0,89.731,4,SOFT,5.0,1,3,34.37611111102888,16,NoPit,True,Mugello,30.0,40.8,993.6,False,44.1,15,2.9
4717.149,10.0,90.149,26,SOFT,2.0,1,3,1.5524999998669955,44,NoPit,True,Mugello,30.0,40.8,993.6,False,44.1,15,2.9
4717.301,10.0,91.259,63,MEDIUM,2.0,1,3,325.63611111095815,8,NoPit,True,Mugello,30.0,40.8,993.6,False,44.1,15,2.9
4717.434,10.0,90.841,7,MEDIUM,9.0,1,4,3.4236111112186336,63,NoPit,True,Mugello,30.0,40.8,993.6,False,44.1,15,2.9
4717.588,10.0,92.463,5,SOFT,5.0,1,4,19.091111111047212,7,NoPit,True,Mugello,30.0,40.8,993.6,False,44.1,15,2.9
4717.834,10.0,91.999,8,SOFT,2.0,1,3,,,NoPit,True,Mugello,30.0,40.8,993.6,False,44.1,15,2.9
4799.33,11.0,82.549,44,MEDIUM,3.0,1,3,,,NoPit,True,Mugello,30.2,40.3,993.7,False,44.1,16,2.9
4800.58,11.0,82.435,77,MEDIUM,3.0,1,3,125.43833333316434,44,NoPit,True,Mugello,30.2,40.3,993.7,False,44.1,16,2.9
4802.741,11.0,83.692,16,SOFT,6.0,1,3,55.639722222535056,77,NoPit,True,Mugello,30.2,40.3,993.7,False,44.1,16,2.9
4803.181,11.0,84.052,18,SOFT,5.0,1,3,31.424166666671226,3,NoPit,True,Mugello,30.2,40.3,993.7,False,44.1,16,2.9
4804.501,11.0,83.762,11,SOFT,6.0,1,3,21.508888888907677,18,NoPit,True,Mugello,30.2,40.3,993.7,False,44.1,16,2.9
4805.116,11.0,84.163,3,SOFT,5.0,1,3,40.39833333311981,8,NoPit,True,Mugello,30.2,40.3,993.7,False,44.1,16,2.9
4805.845,11.0,84.054,23,SOFT,5.0,1,3,51.83916666666482,4,NoPit,True,Mugello,30.2,40.3,993.7,False,44.1,16,2.9
4806.766,11.0,84.739,4,SOFT,6.0,1,3,93.34277777787793,11,NoPit,True,Mugello,30.2,40.3,993.7,False,44.1,16,2.9
4807.298,11.0,85.065,26,SOFT,3.0,1,3,60.4952777777944,63,NoPit,True,Mugello,30.2,40.3,993.7,False,44.1,16,2.9
4808.275,11.0,85.652,7,MEDIUM,10.0,1,4,20.549722222269338,23,NoPit,True,Mugello,30.2,40.3,993.7,False,44.1,16,2.9
4808.56,11.0,85.35,63,MEDIUM,3.0,1,3,10.302222222060664,7,NoPit,True,Mugello,30.2,40.3,993.7,False,44.1,16,2.9
4809.833,11.0,86.648,8,SOFT,3.0,1,3,91.78916666690202,77,NoPit,True,Mugello,30.2,40.3,993.7,False,44.1,16,2.9
4810.051,11.0,85.273,5,SOFT,6.0,1,4,98.6088888889717,26,NoPit,True,Mugello,30.2,40.3,993.7,False,44.1,16,2.9
4881.879,12.0,82.376,44,MEDIUM,4.0,1,3,,,NoPit,True,Mugello,30.1,41.0,993.6,False,43.6,16,3.8
4883.015,12.0,83.268,77,MEDIUM,4.0,1,3,117.43472222213313,44,NoPit,True,Mugello,30.1,41.0,993.6,False,43.6,16,3.8
4886.433,12.0,83.631,16,SOFT,7.0,1,3,140.82083333358605,77,NoPit,True,Mugello,30.1,41.0,993.6,False,43.6,16,3.8
4887.233,12.0,83.888,18,SOFT,6.0,1,3,7.976944444402761,11,NoPit,True,Mugello,30.1,41.0,993.6,False,43.6,16,3.8
4888.263,12.0,84.23,11,SOFT,7.0,1,3,29.36472222215525,3,NoPit,True,Mugello,30.1,41.0,993.6,False,43.6,16,3.8
4889.279,12.0,83.778,3,SOFT,6.0,1,3,204.73611111092032,16,NoPit,True,Mugello,30.1,41.0,993.6,False,43.6,16,3.8
4889.899,12.0,84.049,23,SOFT,6.0,1,3,4.902777777722804,4,NoPit,True,Mugello,30.1,41.0,993.6,False,43.6,16,3.8
4891.505,12.0,83.851,4,SOFT,7.0,1,3,40.53333333321643,8,NoPit,True,Mugello,30.1,41.0,993.6,False,43.6,16,3.8
4892.363,12.0,84.182,26,SOFT,4.0,1,3,39.670277777695446,7,NoPit,True,Mugello,30.1,41.0,993.6,False,43.6,16,3.8
4893.91,12.0,84.867,63,MEDIUM,4.0,1,3,123.67499999987922,4,NoPit,True,Mugello,30.1,41.0,993.6,False,43.6,16,3.8
4893.927,12.0,85.945,7,MEDIUM,11.0,1,4,9.281666666771343,63,NoPit,True,Mugello,30.1,41.0,993.6,False,43.6,16,3.8
4895.324,12.0,85.268,5,SOFT,7.0,1,4,97.53916666676378,26,NoPit,True,Mugello,30.1,41.0,993.6,False,43.6,16,3.8
4896.481,12.0,85.495,8,SOFT,4.0,1,3,20.746666666957026,18,NoPit,True,Mugello,30.1,41.0,993.6,False,43.6,16,3.8
4964.255,13.0,83.064,44,MEDIUM,5.0,1,3,,,NoPit,True,Mugello,30.1,40.2,993.7,False,43.6,26,2.4
4966.283,13.0,82.798,77,MEDIUM,5.0,1,3,193.67333333317947,44,NoPit,True,Mugello,30.1,40.2,993.7,False,43.6,26,2.4
4970.064,13.0,83.491,16,SOFT,8.0,1,3,155.4711111113793,77,NoPit,True,Mugello,30.1,40.2,993.7,False,43.6,26,2.4
4971.121,13.0,83.332,18,SOFT,7.0,1,3,52.597222222044365,3,NoPit,True,Mugello,30.1,40.2,993.7,False,43.6,26,2.4
4972.493,13.0,83.875,11,SOFT,8.0,1,3,17.773333333418122,18,NoPit,True,Mugello,30.1,40.2,993.7,False,43.6,26,2.4
4973.057,13.0,84.037,3,SOFT,7.0,1,3,218.40027777766227,16,NoPit,True,Mugello,30.1,40.2,993.7,False,43.6,26,2.4
4973.948,13.0,83.966,23,SOFT,7.0,1,3,25.69249999998283,4,NoPit,True,Mugello,30.1,40.2,993.7,False,43.6,26,2.4
4975.356,13.0,84.469,4,SOFT,8.0,1,3,138.9730555556598,11,NoPit,True,Mugello,30.3,40.3,993.7,False,43.9,14,2.3
4976.545,13.0,84.505,26,SOFT,5.0,1,3,114.8133333331134,8,NoPit,True,Mugello,30.3,40.3,993.7,False,43.9,14,2.3
4978.777,13.0,84.8,63,MEDIUM,5.0,1,3,5.543611111097562,26,NoPit,True,Mugello,30.3,40.3,993.7,False,43.9,14,2.3
4979.872,13.0,85.371,7,MEDIUM,12.0,1,4,90.27972222229437,63,NoPit,True,Mugello,30.3,40.3,993.7,False,43.9,14,2.3
4980.592,13.0,85.211,5,SOFT,8.0,1,4,88.8894444444959,7,NoPit,True,Mugello,30.3,40.3,993.7,False,43.9,14,2.3
4981.976,13.0,85.447,8,SOFT,5.0,1,3,37.37972222237295,23,NoPit,True,Mugello,30.3,40.3,993.7,False,43.9,14,2.3
5047.319,14.0,83.293,44,MEDIUM,6.0,1,3,,,NoPit,True,Mugello,30.3,39.6,993.7,False,43.9,348,2.2
5049.081,14.0,83.064,77,MEDIUM,6.0,1,3,164.8638888886926,44,NoPit,True,Mugello,30.3,39.6,993.7,False,43.9,348,2.2
5053.555,14.0,84.153,16,SOFT,9.0,1,3,200.5283333335101,77,NoPit,True,Mugello,30.3,39.6,993.7,False,43.9,348,2.2
5054.453,14.0,84.125,18,SOFT,8.0,1,3,271.03083333307586,16,NoPit,True,Mugello,30.3,39.6,993.7,False,43.9,348,2.2
5056.368,14.0,83.793,11,SOFT,9.0,1,3,58.49722222230048,3,NoPit,True,Mugello,30.3,39.6,993.7,False,43.9,348,2.2
5057.094,14.0,83.356,3,SOFT,8.0,1,3,23.674444444623077,18,NoPit,True,Mugello,30.3,39.6,993.7,False,43.9,348,2.2
5057.914,14.0,83.793,23,SOFT,8.0,1,3,179.77888888881716,11,NoPit,True,Mugello,30.3,39.6,993.7,False,43.9,348,2.2
5059.825,14.0,84.415,4,SOFT,9.0,1,3,20.021388888984802,23,NoPit,True,Mugello,30.3,39.6,993.7,False,43.9,348,2.2
5061.05,14.0,84.835,26,SOFT,6.0,1,3,50.7616666664544,8,NoPit,True,Mugello,30.3,39.6,993.7,False,43.9,348,2.2
5063.577,14.0,85.007,63,MEDIUM,6.0,1,3,42.8558333334513,26,NoPit,True,Mugello,30.3,39.6,993.7,False,43.9,348,2.2
5065.243,14.0,85.255,7,MEDIUM,13.0,1,4,127.7450000000681,63,NoPit,True,Mugello,30.3,39.6,993.7,False,43.9,348,2.2
5065.803,14.0,85.304,5,SOFT,9.0,1,4,78.45638888893882,7,NoPit,True,Mugello,30.3,39.6,993.7,False,43.9,348,2.2
5067.423,14.0,85.559,8,SOFT,6.0,1,3,78.17305555571511,23,NoPit,True,Mugello,30.3,39.6,993.7,False,43.9,348,2.2
5130.612,15.0,83.231,44,MEDIUM,7.0,1,3,,,NoPit,True,Mugello,30.0,40.4,993.6,False,43.8,14,2.3
5132.145,15.0,83.201,77,MEDIUM,7.0,1,3,139.31333333310613,44,NoPit,True,Mugello,30.0,40.4,993.6,False,43.8,14,2.3
5137.708,15.0,84.096,16,SOFT,10.0,1,3,279.16000000013446,77,NoPit,True,Mugello,30.0,40.4,993.6,False,43.8,14,2.3
5138.578,15.0,83.885,18,SOFT,9.0,1,3,53.50944444442575,3,NoPit,True,Mugello,30.0,40.4,993.6,False,43.8,14,2.3
5140.161,15.0,85.014,11,SOFT,10.0,1,3,48.24250000019674,18,NoPit,True,Mugello,30.0,40.4,993.6,False,43.8,14,2.3
5140.45,15.0,83.508,3,SOFT,9.0,1,3,224.9077777776256,16,NoPit,True,Mugello,30.0,40.4,993.6,False,43.8,14,2.3
5141.707,15.0,83.917,23,SOFT,9.0,1,3,179.40222222205193,11,NoPit,True,Mugello,30.0,40.4,993.6,False,43.8,14,2.3
5144.24,15.0,84.197,4,SOFT,10.0,1,3,66.47583333343209,23,NoPit,True,Mugello,30.0,40.4,993.6,False,43.8,14,2.3
5145.885,15.0,84.22,26,SOFT,7.0,1,3,15.845277777581941,8,NoPit,True,Mugello,30.0,40.4,993.6,False,43.8,14,2.3
5148.584,15.0,84.89,63,MEDIUM,7.0,1,3,47.75388888870657,8,NoPit,True,Mugello,30.0,40.4,993.6,False,43.8,14,2.3
5150.498,15.0,85.26,7,MEDIUM,14.0,1,4,146.56638888889574,63,NoPit,True,Mugello,30.0,40.4,993.6,False,43.8,14,2.3
5151.107,15.0,85.063,5,SOFT,10.0,1,4,88.08361111131671,7,NoPit,True,Mugello,30.0,40.4,993.6,False,43.8,14,2.3
5152.982,15.0,85.56,8,SOFT,7.0,1,3,8.551666666884557,26,NoPit,True,Mugello,30.0,40.4,993.6,False,43.8,14,2.3
5213.843,16.0,82.997,44,MEDIUM,8.0,1,3,,,NoPit,True,Mugello,30.1,40.4,993.6,False,43.4,38,1.9
5215.346,16.0,82.896,77,MEDIUM,8.0,1,3,129.938333333208,44,NoPit,True,Mugello,30.2,40.2,993.7,False,43.8,350,2.9
5221.804,16.0,84.39,16,SOFT,11.0,1,3,344.585833333389,77,NoPit,True,Mugello,30.2,40.2,993.7,False,43.8,350,2.9
5222.463,16.0,84.507,18,SOFT,10.0,1,3,105.30972222231503,3,NoPit,True,Mugello,30.2,40.2,993.7,False,43.8,350,2.9
5223.958,16.0,83.999,3,SOFT,10.0,1,3,178.69555555544503,16,NoPit,True,Mugello,30.2,40.2,993.7,False,43.8,350,2.9
5225.175,16.0,84.279,11,SOFT,11.0,1,3,137.44750000018394,18,NoPit,True,Mugello,30.2,40.2,993.7,False,43.8,350,2.9
5225.624,16.0,84.336,23,SOFT,10.0,1,3,97.34916666633217,11,NoPit,True,Mugello,30.2,40.2,993.7,False,43.8,350,2.9
5228.437,16.0,84.285,4,SOFT,11.0,1,3,90.0172222222609,23,NoPit,True,Mugello,30.2,40.2,993.7,False,43.8,350,2.9
5230.105,16.0,84.222,26,SOFT,8.0,1,3,219.5616666666465,4,NoPit,True,Mugello,30.2,40.2,993.7,False,43.8,350,2.9
5233.474,16.0,84.851,63,MEDIUM,8.0,1,3,19.94749999990745,8,NoPit,True,Mugello,30.2,40.2,993.7,False,43.8,350,2.9
5235.758,16.0,86.576,7,MEDIUM,15.0,1,4,161.34138888893358,63,NoPit,True,Mugello,30.2,40.2,993.7,False,43.8,350,2.9
5236.17,16.0,84.538,5,SOFT,11.0,1,4,89.53666666685604,7,NoPit,True,Mugello,30.2,40.2,993.7,False,43.8,350,2.9
5238.542,16.0,85.537,8,SOFT,8.0,1,3,1.8058333334338386,63,NoPit,True,Mugello,30.2,40.2,993.7,False,43.8,350,2.9
5296.84,17.0,83.013,44,MEDIUM,9.0,1,3,,,NoPit,True,Mugello,30.1,40.8,993.6,False,43.5,16,1.6
5298.242,17.0,83.45,77,MEDIUM,9.0,1,3,116.72222222216078,44,NoPit,True,Mugello,30.1,40.8,993.6,False,43.5,16,1.6
5306.194,17.0,84.457,16,SOFT,12.0,1,3,411.3575000001583,77,NoPit,True,Mugello,30.1,40.8,993.6,False,43.5,16,1.6
5306.97,17.0,84.194,18,SOFT,11.0,1,3,148.67000000010012,3,NoPit,True,Mugello,30.1,40.8,993.6,False,43.5,16,1.6
5307.957,17.0,84.128,3,SOFT,11.0,1,3,163.02249999971536,16,NoPit,True,Mugello,30.1,40.8,993.6,False,43.5,16,1.6
5309.454,17.0,84.202,11,SOFT,12.0,1,3,113.25555555587925,18,NoPit,True,Mugello,30.1,40.8,993.6,False,43.5,16,1.6
5309.96,17.0,84.072,23,SOFT,11.0,1,3,112.78638888853311,11,NoPit,True,Mugello,30.1,40.8,993.6,False,43.5,16,1.6
5312.722,17.0,84.314,4,SOFT,12.0,1,3,76.23305555562547,23,NoPit,True,Mugello,30.1,40.8,993.6,False,43.5,16,1.6
5314.327,17.0,84.695,26,SOFT,9.0,1,3,204.65444444441528,4,NoPit,True,Mugello,30.1,40.8,993.6,False,43.5,16,1.6
5318.325,17.0,85.358,63,MEDIUM,9.0,1,3,193.29277777798416,26,NoPit,True,Mugello,30.1,40.8,993.6,False,43.5,16,1.6
5320.708,17.0,84.611,5,SOFT,12.0,1,4,171.0722222222248,8,NoPit,True,Mugello,30.1,40.8,993.6,False,43.5,16,1.6
5322.334,17.0,85.159,7,MEDIUM,16.0,1,4,88.3572222221701,5,NoPit,True,Mugello,30.1,40.8,993.6,False,43.5,16,1.6
5324.079,17.0,85.864,8,SOFT,9.0,1,3,57.41194444443681,63,NoPit,True,Mugello,30.1,40.8,993.6,False,43.5,16,1.6
5379.853,18.0,83.683,44,MEDIUM,10.0,1,3,,,NoPit,True,Mugello,30.4,40.0,993.5,False,44.3,26,2.8
5381.692,18.0,83.282,77,MEDIUM,10.0,1,3,146.76222222218348,44,NoPit,True,Mugello,30.4,40.0,993.5,False,44.3,26,2.8
5390.651,18.0,85.338,16,SOFT,13.0,1,3,439.3825000002398,77,NoPit,True,Mugello,30.4,40.0,993.5,False,44.3,26,2.8
5391.164,18.0,83.259,18,SOFT,12.0,1,3,158.2825000002049,3,NoPit,True,Mugello,30.4,40.0,993.5,False,44.3,26,2.8
5392.085,18.0,84.27,3,SOFT,12.0,1,3,150.49249999944004,16,NoPit,True,Mugello,30.4,40.0,993.5,False,44.3,26,2.8
5393.656,18.0,85.413,11,SOFT,13.0,1,3,99.90083333368239,18,NoPit,True,Mugello,30.4,40.0,993.5,False,44.3,26,2.8
5394.032,18.0,83.39,23,SOFT,12.0,1,3,122.76555555526284,11,NoPit,True,Mugello,30.4,40.0,993.5,False,44.3,26,2.8
5397.036,18.0,84.438,4,SOFT,13.0,1,3,83.53194444450492,23,NoPit,True,Mugello,30.2,39.7,993.5,False,44.3,51,2.7
5399.022,18.0,84.453,26,SOFT,10.0,1,3,231.46388888878573,4,NoPit,True,Mugello,30.2,39.7,993.5,False,44.3,51,2.7
5403.683,18.0,85.03,63,MEDIUM,10.0,1,3,256.6930555557774,26,NoPit,True,Mugello,30.2,39.7,993.5,False,44.3,51,2.7
5405.319,18.0,84.82,5,SOFT,13.0,1,4,81.10055555560393,8,NoPit,True,Mugello,30.2,39.7,993.5,False,44.3,51,2.7
5407.493,18.0,84.885,7,MEDIUM,17.0,1,4,131.0491666666203,5,NoPit,True,Mugello,30.2,39.7,993.5,False,44.3,51,2.7
5409.943,18.0,86.083,8,SOFT,10.0,1,3,76.62166666652774,63,NoPit,True,Mugello,30.2,39.7,993.5,False,44.3,51,2.7
5463.536,19.0,82.919,44,MEDIUM,11.0,1,3,,,NoPit,True,Mugello,30.2,40.2,993.7,False,43.3,0,2.6
5464.974,19.0,83.136,77,MEDIUM,11.0,1,3,106.80444444445311,44,NoPit,True,Mugello,30.2,40.2,993.7,False,43.3,0,2.6
5474.423,19.0,83.637,18,SOFT,13.0,1,3,68.27222222267301,3,NoPit,True,Mugello,30.2,40.2,993.7,False,43.3,0,2.6
5475.989,19.0,85.738,16,SOFT,14.0,1,3,503.79833333370334,77,NoPit,True,Mugello,30.2,40.2,993.7,False,43.3,0,2.6
5476.355,19.0,83.372,3,SOFT,13.0,1,3,58.47027777695621,16,NoPit,True,Mugello,30.2,40.2,993.7,False,43.3,0,2.6
5477.422,19.0,84.621,23,SOFT,13.0,1,3,212.3963888888684,18,NoPit,True,Mugello,30.2,40.2,993.7,False,43.3,0,2.6
5479.069,19.0,84.282,11,SOFT,14.0,1,3,44.85111111133301,23,NoPit,True,Mugello,30.2,40.2,993.7,False,43.3,0,2.6
5481.474,19.0,84.554,4,SOFT,14.0,1,3,108.25499999988824,11,NoPit,True,Mugello,30.2,40.2,993.7,False,43.3,0,2.6
5483.475,19.0,84.285,26,SOFT,11.0,1,3,221.93055555543106,4,NoPit,True,Mugello,30.2,40.2,993.7,False,43.3,0,2.6
5488.713,19.0,84.71,63,MEDIUM,11.0,1,3,313.60833333362825,26,NoPit,True,Mugello,30.2,40.2,993.7,False,43.3,0,2.6
5490.139,19.0,84.983,5,SOFT,14.0,1,4,5.709999999933643,8,NoPit,True,Mugello,30.2,40.2,993.7,False,43.3,0,2.6
5492.378,19.0,85.205,7,MEDIUM,18.0,1,4,117.43833333325165,8,NoPit,True,Mugello,30.2,40.2,993.7,False,43.3,0,2.6
5496.026,19.0,85.681,8,SOFT,11.0,1,3,23.94277777784737,5,NoPit,True,Mugello,30.2,40.2,993.7,False,43.3,0,2.6
5546.455,20.0,83.2,44,MEDIUM,12.0,1,3,,,NoPit,True,Mugello,30.2,39.9,993.6,False,43.7,324,1.4
5548.11,20.0,83.205,77,MEDIUM,12.0,1,3,116.67833333341696,44,NoPit,True,Mugello,30.2,39.9,993.6,False,43.7,324,1.4
5558.06,20.0,83.623,18,SOFT,14.0,1,3,90.88416666716512,3,NoPit,True,Mugello,30.2,39.9,993.6,False,43.7,324,1.4
5559.727,20.0,83.71,3,SOFT,14.0,1,3,557.7324999994016,77,NoPit,True,Mugello,30.2,39.9,993.6,False,43.7,324,1.4
5561.727,20.0,86.026,16,SOFT,15.0,1,3,46.44527777809708,18,NoPit,True,Mugello,30.2,39.9,993.6,False,43.7,324,1.4
5562.043,20.0,83.206,23,SOFT,14.0,1,3,271.4072222217801,16,NoPit,True,Mugello,30.2,39.9,993.6,False,43.7,324,1.4
5563.351,20.0,84.837,11,SOFT,15.0,1,3,16.170000000216532,23,NoPit,True,Mugello,30.2,39.9,993.6,False,43.7,324,1.4
5566.028,20.0,84.548,4,SOFT,15.0,1,3,132.53583333344432,11,NoPit,True,Mugello,30.2,39.9,993.6,False,43.7,324,1.4
5567.76,20.0,84.311,26,SOFT,12.0,1,3,204.99944444413995,4,NoPit,True,Mugello,30.2,39.9,993.6,False,43.7,324,1.4
5573.423,20.0,84.773,63,MEDIUM,12.0,1,3,352.2469444448798,26,NoPit,True,Mugello,30.2,39.9,993.6,False,43.7,324,1.4
5575.122,20.0,84.908,5,SOFT,15.0,1,4,145.36333333303628,63,NoPit,True,Mugello,30.3,40.1,993.7,False,44.0,9,1.8
5577.583,20.0,85.06,7,MEDIUM,19.0,1,4,81.71972222212935,8,NoPit,True,Mugello,30.3,40.1,993.7,False,44.0,9,1.8
5581.707,20.0,85.733,8,SOFT,12.0,1,3,68.50222222214506,5,NoPit,True,Mugello,30.3,40.1,993.7,False,44.0,9,1.8
5629.655,21.0,82.818,44,MEDIUM,13.0,1,3,,,NoPit,True,Mugello,30.3,40.1,993.7,False,44.0,9,1.8
5631.315,21.0,83.162,77,MEDIUM,13.0,1,3,110.20611111122707,44,NoPit,True,Mugello,30.3,40.1,993.7,False,44.0,9,1.8
5641.683,21.0,83.821,18,SOFT,15.0,1,3,83.58472222273122,3,NoPit,True,Mugello,30.4,40.1,993.6,False,44.0,10,2.5
5643.437,21.0,83.744,3,SOFT,15.0,1,3,577.2216666659806,77,NoPit,True,Mugello,30.4,40.1,993.6,False,44.0,10,2.5
5645.249,21.0,83.787,23,SOFT,15.0,1,3,36.27805555536179,16,NoPit,True,Mugello,30.4,40.1,993.6,False,44.0,10,2.5
5647.753,21.0,104.937,16,SOFT,16.0,1,3,246.95305555588857,18,InLap,False,Mugello,30.4,40.1,993.6,False,44.0,10,2.5
5648.188,21.0,84.373,11,SOFT,16.0,1,3,132.15305555560917,23,NoPit,True,Mugello,30.4,40.1,993.6,False,44.0,10,2.5
5650.576,21.0,84.704,4,SOFT,16.0,1,3,144.0075000000652,11,NoPit,True,Mugello,30.4,40.1,993.6,False,44.0,10,2.5
5652.071,21.0,85.001,26,SOFT,13.0,1,3,170.1605555551505,4,NoPit,True,Mugello,30.4,40.1,993.6,False,44.0,10,2.5
5658.196,21.0,85.2,63,MEDIUM,13.0,1,3,411.2455555560882,26,NoPit,True,Mugello,30.4,40.1,993.6,False,44.0,10,2.5
5660.03,21.0,85.064,5,SOFT,16.0,1,4,142.21861111086037,63,NoPit,True,Mugello,30.4,40.1,993.6,False,44.0,10,2.5
5662.643,21.0,85.372,7,MEDIUM,20.0,1,4,42.645833333110204,8,NoPit,True,Mugello,30.4,40.1,993.6,False,44.0,10,2.5
5667.44,21.0,85.627,8,SOFT,13.0,1,3,106.8936111110088,5,NoPit,True,Mugello,30.4,40.1,993.6,False,44.0,10,2.5
5712.473,22.0,83.668,44,MEDIUM,14.0,1,3,,,NoPit,True,Mugello,30.4,40.0,993.6,False,43.7,23,3.2
5714.477,22.0,83.331,77,MEDIUM,14.0,1,3,125.03333333347109,44,NoPit,True,Mugello,30.4,40.0,993.6,False,43.7,23,3.2
5725.504,22.0,83.815,18,SOFT,16.0,1,3,79.85027777838695,3,NoPit,True,Mugello,30.4,40.0,993.6,False,43.7,23,3.2
5727.181,22.0,83.464,3,SOFT,16.0,1,3,605.6552777769102,77,NoPit,True,Mugello,30.4,40.0,993.6,False,43.7,23,3.2
5729.036,22.0,83.628,23,SOFT,16.0,1,3,285.37027777786716,18,NoPit,True,Mugello,30.4,40.0,993.6,False,43.7,23,3.2
5732.561,22.0,84.546,11,SOFT,17.0,1,3,168.20805555557308,23,NoPit,True,Mugello,30.4,40.0,993.6,False,43.7,23,3.2
5735.28,22.0,84.042,4,SOFT,17.0,1,3,165.0236111113045,11,NoPit,True,Mugello,30.4,40.0,993.6,False,43.7,23,3.2
5737.072,22.0,84.437,26,SOFT,14.0,1,3,196.5888888884656,4,NoPit,True,Mugello,30.4,40.0,993.6,False,43.7,23,3.2
5743.396,22.0,85.252,63,MEDIUM,14.0,1,3,429.41027777822455,26,NoPit,True,Mugello,30.4,40.0,993.6,False,43.7,23,3.2
5745.094,22.0,85.511,5,SOFT,17.0,1,4,120.06722222197277,63,NoPit,True,Mugello,30.4,40.0,993.6,False,43.7,23,3.2
5748.015,22.0,85.106,7,MEDIUM,21.0,1,4,38.933055555433384,8,NoPit,True,Mugello,30.4,40.0,993.6,False,43.7,23,3.2
5752.69,22.0,90.69,16,HARD,1.0,1,4,469.38888888899237,7,OutLap,False,Mugello,30.4,40.0,993.6,False,43.7,23,3.2
5753.067,22.0,85.676,8,SOFT,14.0,1,3,115.8741666667338,5,NoPit,True,Mugello,30.4,40.0,993.6,False,43.7,23,3.2
5796.141,23.0,83.243,44,MEDIUM,15.0,1,3,,,NoPit,True,Mugello,30.4,39.5,993.6,False,43.6,47,1.2
5797.808,23.0,83.231,77,MEDIUM,15.0,1,3,87.21916666698235,44,NoPit,True,Mugello,30.4,39.5,993.6,False,43.6,47,1.2
5809.319,23.0,83.76,18,SOFT,17.0,1,3,106.98111111158505,3,NoPit,True,Mugello,30.4,39.5,993.6,False,43.6,47,1.2
5810.645,23.0,83.614,3,SOFT,17.0,1,3,613.8352777769032,77,NoPit,True,Mugello,30.4,39.5,993.6,False,43.6,47,1.2
5812.664,23.0,83.899,23,SOFT,17.0,1,3,283.1930555557483,18,NoPit,True,Mugello,30.4,39.5,993.6,False,43.6,47,1.2
5817.107,23.0,85.151,11,SOFT,18.0,1,3,220.60805555545085,23,NoPit,True,Mugello,30.4,39.5,993.6,False,43.5,321,1.1
5819.322,23.0,84.437,4,SOFT,18.0,1,3,136.85527777808602,11,NoPit,True,Mugello,30.4,39.5,993.6,False,43.5,321,1.1
5821.509,23.0,84.765,26,SOFT,15.0,1,3,211.85055555483268,4,NoPit,True,Mugello,30.4,39.5,993.6,False,43.5,321,1.1
5828.648,23.0,85.511,63,MEDIUM,15.0,1,3,484.94027777841256,26,NoPit,True,Mugello,30.4,39.5,993.6,False,43.5,321,1.1
5830.605,23.0,85.679,5,SOFT,18.0,1,4,134.67999999968742,63,NoPit,True,Mugello,30.4,39.5,993.6,False,43.5,321,1.1
5833.121,23.0,85.345,7,MEDIUM,22.0,1,4,138.51583333316376,5,NoPit,True,Mugello,30.4,39.5,993.6,False,43.5,321,1.1
5838.743,23.0,85.93,8,SOFT,15.0,1,3,33.722500000178115,7,NoPit,True,Mugello,30.4,39.5,993.6,False,43.5,321,1.1
5843.38,23.0,84.083,16,HARD,2.0,1,4,753.6391666668933,7,NoPit,True,Mugello,30.4,39.5,993.6,False,43.5,321,1.1
5879.384,24.0,82.994,44,MEDIUM,16.0,1,3,,,NoPit,True,Mugello,30.5,39.8,993.6,False,43.6,25,2.1
5881.039,24.0,83.229,77,MEDIUM,16.0,1,3,72.39972222257347,44,NoPit,True,Mugello,30.5,39.8,993.6,False,43.6,25,2.1
5893.079,24.0,83.919,18,SOFT,18.0,1,3,132.08111111157632,3,NoPit,True,Mugello,30.5,39.8,993.6,False,43.6,25,2.1
5894.259,24.0,83.59,3,SOFT,18.0,1,3,601.9444444434921,77,NoPit,True,Mugello,30.5,39.8,993.6,False,43.6,25,2.1
5896.563,24.0,83.732,23,SOFT,18.0,1,3,307.35333333360904,18,NoPit,True,Mugello,30.5,39.8,993.6,False,43.6,25,2.1
5902.258,24.0,84.699,11,SOFT,19.0,1,3,309.9313888887118,23,NoPit,True,Mugello,30.5,39.8,993.6,False,43.6,25,2.1
5903.759,24.0,84.636,4,SOFT,19.0,1,3,92.78916666700388,11,NoPit,True,Mugello,30.5,39.8,993.6,False,43.6,25,2.1
5906.274,24.0,85.354,26,SOFT,16.0,1,3,224.8536111103458,4,NoPit,True,Mugello,30.5,39.8,993.6,False,43.6,25,2.1
5914.159,24.0,85.099,63,MEDIUM,16.0,1,3,537.0452777785104,26,NoPit,True,Mugello,30.5,39.8,993.6,False,43.6,25,2.1
5916.284,24.0,85.683,5,SOFT,19.0,1,4,135.3349999996426,63,NoPit,True,Mugello,30.5,39.8,993.6,False,43.6,25,2.1
5918.466,24.0,85.561,7,MEDIUM,23.0,1,4,117.4213888887607,5,NoPit,True,Mugello,30.5,39.8,993.6,False,43.6,25,2.1
5924.673,24.0,85.613,8,SOFT,16.0,1,3,84.53472222239361,7,NoPit,True,Mugello,30.5,39.8,993.6,False,43.6,25,2.1
5927.463,24.0,84.285,16,HARD,3.0,1,4,685.4280555558071,7,NoPit,True,Mugello,30.5,39.8,993.6,False,43.6,25,2.1
5962.378,25.0,83.283,44,MEDIUM,17.0,1,3,,,NoPit,True,Mugello,30.4,40.0,993.6,False,43.0,23,2.8
5964.268,25.0,83.172,77,MEDIUM,17.0,1,3,85.67666666705918,44,NoPit,True,Mugello,30.4,40.0,993.6,False,43.0,23,2.8
5976.998,25.0,84.078,18,SOFT,19.0,1,3,159.14083333386225,3,NoPit,True,Mugello,30.4,40.0,993.6,False,43.0,23,2.8
5977.849,25.0,84.374,3,SOFT,19.0,1,3,619.6355555545742,77,NoPit,True,Mugello,30.4,40.0,993.6,False,43.0,23,2.8
5980.295,25.0,83.779,23,SOFT,19.0,1,3,298.38944444477966,18,NoPit,True,Mugello,30.4,40.0,993.6,False,43.0,23,2.8
5986.957,25.0,85.114,11,SOFT,20.0,1,3,378.4674999999115,23,NoPit,True,Mugello,30.4,40.0,993.6,False,43.0,23,2.8
5988.395,25.0,84.958,4,SOFT,20.0,1,3,106.53750000010768,11,NoPit,True,Mugello,30.4,40.0,993.6,False,43.0,23,2.8
5991.628,25.0,85.223,26,SOFT,17.0,1,3,272.3316666659957,4,NoPit,True,Mugello,30.4,40.0,993.6,False,43.0,23,2.8
5999.258,25.0,85.406,63,MEDIUM,17.0,1,3,522.6638888895104,26,NoPit,True,Mugello,30.3,40.5,993.6,False,43.0,7,2.3
6001.967,25.0,85.626,5,SOFT,20.0,1,4,174.88666666632344,63,NoPit,True,Mugello,30.3,40.5,993.6,False,43.0,7,2.3
6004.027,25.0,85.409,7,MEDIUM,24.0,1,4,112.22916666667152,5,NoPit,True,Mugello,30.3,40.5,993.6,False,43.0,7,2.3
6010.286,25.0,86.012,8,SOFT,17.0,1,3,85.77166666685662,7,NoPit,True,Mugello,30.3,40.5,993.6,False,43.0,7,2.3
6011.748,25.0,85.001,16,HARD,4.0,1,4,584.0383333334175,8,NoPit,True,Mugello,30.3,40.5,993.6,False,43.0,7,2.3
6045.661,26.0,83.425,44,MEDIUM,18.0,1,3,,,NoPit,True,Mugello,30.3,40.5,993.6,False,43.0,7,2.3
6047.44,26.0,83.752,77,MEDIUM,18.0,1,3,66.7213888894039,44,NoPit,True,Mugello,30.3,40.5,993.6,False,43.0,7,2.3
6061.076,26.0,84.07,18,SOFT,20.0,1,3,142.25000000059663,3,NoPit,True,Mugello,30.3,40.7,993.6,False,43.3,1,1.7
6062.223,26.0,84.049,3,SOFT,20.0,1,3,652.9955555550114,44,NoPit,True,Mugello,30.3,40.7,993.6,False,43.3,1,1.7
6064.074,26.0,84.076,23,SOFT,20.0,1,3,274.64583333343035,18,NoPit,True,Mugello,30.3,40.7,993.6,False,43.3,1,1.7
6072.071,26.0,85.305,11,SOFT,21.0,1,3,421.76444444477966,23,NoPit,True,Mugello,30.3,40.7,993.6,False,43.3,1,1.7
6073.353,26.0,85.119,4,SOFT,21.0,1,3,122.32944444443274,11,NoPit,True,Mugello,30.3,40.7,993.6,False,43.3,1,1.7
6076.851,26.0,84.951,26,SOFT,18.0,1,3,278.40388888819143,4,NoPit,True,Mugello,30.3,40.7,993.6,False,43.3,1,1.7
6084.664,26.0,85.895,63,MEDIUM,18.0,1,3,532.2311111118033,26,NoPit,True,Mugello,30.3,40.7,993.6,False,43.3,1,1.7
6087.593,26.0,85.756,5,SOFT,21.0,1,4,190.74833333300194,63,NoPit,True,Mugello,30.3,40.7,993.6,False,43.3,1,1.7
6089.436,26.0,85.562,7,MEDIUM,25.0,1,4,95.87000000008265,5,NoPit,True,Mugello,30.3,40.7,993.6,False,43.3,1,1.7
6096.298,26.0,87.007,8,SOFT,18.0,1,3,116.48000000024331,7,NoPit,True,Mugello,30.3,40.7,993.6,False,43.3,1,1.7
6096.749,26.0,83.698,16,HARD,5.0,1,4,525.0827777777158,8,NoPit,True,Mugello,30.3,40.7,993.6,False,43.3,1,1.7
6129.086,27.0,83.316,44,MEDIUM,19.0,1,3,,,NoPit,True,Mugello,30.4,39.8,993.6,False,43.3,19,2.6
6131.192,27.0,83.38,77,MEDIUM,19.0,1,3,84.3430555559753,44,NoPit,True,Mugello,30.4,39.8,993.6,False,43.3,19,2.6
6145.146,27.0,84.301,18,SOFT,21.0,1,3,140.70944444523775,3,NoPit,True,Mugello,30.4,39.8,993.6,False,43.3,19,2.6
6146.272,27.0,101.016,3,SOFT,21.0,1,3,680.8813888880832,77,InLap,False,Mugello,30.4,39.8,993.6,False,43.3,19,2.6
6148.15,27.0,83.927,23,SOFT,21.0,1,3,283.4241666663438,18,NoPit,True,Mugello,30.4,39.8,993.6,False,43.3,19,2.6
6157.376,27.0,85.559,11,SOFT,22.0,1,3,440.04194444496534,23,NoPit,True,Mugello,30.4,39.8,993.6,False,43.3,19,2.6
6158.472,27.0,84.868,4,SOFT,22.0,1,3,127.25083333344082,11,NoPit,True,Mugello,30.4,39.8,993.6,False,43.3,19,2.6
6161.802,27.0,85.205,26,SOFT,19.0,1,3,256.57972222130047,4,NoPit,True,Mugello,30.4,39.8,993.6,False,43.3,19,2.6
6170.559,27.0,85.396,63,MEDIUM,19.0,1,3,577.21777777854,26,NoPit,True,Mugello,30.4,39.8,993.6,False,43.3,19,2.6
6173.349,27.0,85.863,5,SOFT,22.0,1,4,166.9258333328471,63,NoPit,True,Mugello,30.4,39.8,993.6,False,43.3,19,2.6
6174.998,27.0,113.875,7,MEDIUM,26.0,1,4,83.50527777781826,5,InLap,False,Mugello,30.3,40.2,993.6,False,43.0,29,3.4
6180.447,27.0,84.165,16,HARD,6.0,1,4,265.3213888887549,8,NoPit,True,Mugello,30.3,40.2,993.6,False,43.0,29,3.4
6183.305,27.0,86.063,8,SOFT,19.0,1,3,172.69388888930553,7,NoPit,True,Mugello,30.3,40.2,993.6,False,43.0,29,3.4
6212.402,28.0,83.112,44,MEDIUM,20.0,1,3,,,NoPit,True,Mugello,30.3,40.2,993.6,False,43.0,29,3.4
6214.572,28.0,83.535,77,MEDIUM,20.0,1,3,88.91750000027241,44,NoPit,True,Mugello,30.3,40.2,993.6,False,43.0,29,3.4
6229.447,28.0,84.222,18,SOFT,22.0,1,3,898.3391666666139,77,NoPit,True,Mugello,30.3,40.2,993.6,False,43.0,29,3.4
6232.077,28.0,83.675,23,SOFT,22.0,1,3,21.388888889399823,3,NoPit,True,Mugello,30.3,40.2,993.6,False,43.0,29,3.4
6242.935,28.0,104.649,11,SOFT,23.0,1,3,486.99638888952904,23,InLap,False,Mugello,30.1,40.2,993.6,False,42.5,19,2.3
6243.34,28.0,84.258,4,SOFT,23.0,1,3,107.05777777751791,11,NoPit,True,Mugello,30.1,40.2,993.6,False,42.5,19,2.3
6247.007,28.0,85.689,26,SOFT,20.0,1,3,36.696388889075024,3,NoPit,True,Mugello,30.1,40.2,993.6,False,42.5,19,2.3
6247.288,28.0,86.729,3,MEDIUM,1.0,1,4,259.62166666588746,4,OutLap,False,Mugello,30.1,40.2,993.6,False,42.5,19,2.3
6255.955,28.0,85.932,63,MEDIUM,20.0,1,3,388.4850000004226,3,NoPit,True,Mugello,30.1,40.2,993.6,False,42.5,19,2.3
6259.212,28.0,104.436,5,SOFT,23.0,1,4,190.33944444425288,63,InLap,False,Mugello,30.1,40.2,993.6,False,42.5,19,2.3
6264.612,28.0,84.718,16,HARD,7.0,1,4,135.16499999986263,8,NoPit,True,Mugello,30.1,40.2,993.6,False,42.5,19,2.3
6269.368,28.0,104.416,8,SOFT,20.0,1,3,197.643055556342,5,InLap,False,Mugello,30.1,40.2,993.6,False,42.5,19,2.3
6288.873,28.0,95.11,7,HARD,1.0,1,5,1370.1711111107725,16,OutLap,False,Mugello,30.1,40.2,993.6,False,42.5,19,2.3
6295.514,29.0,83.137,44,MEDIUM,21.0,1,3,,,NoPit,True,Mugello,30.0,40.3,993.4,False,42.8,9,3.8
6298.107,29.0,84.805,77,MEDIUM,21.0,1,3,112.52888888923917,44,NoPit,True,Mugello,30.0,40.3,993.4,False,42.8,9,3.8
6313.669,29.0,84.649,18,SOFT,23.0,1,3,922.2955555553199,77,NoPit,True,Mugello,30.0,40.3,993.4,False,42.8,9,3.8
6315.752,29.0,84.459,23,SOFT,23.0,1,3,216.8022222222644,18,NoPit,True,Mugello,30.0,40.3,993.4,False,42.8,9,3.8
6327.598,29.0,104.423,4,SOFT,24.0,1,3,609.136388889543,23,InLap,False,Mugello,30.0,40.3,993.4,False,42.8,9,3.8
6332.696,29.0,103.589,26,SOFT,21.0,1,3,351.2672222215333,4,InLap,False,Mugello,30.0,40.3,993.4,False,42.8,9,3.8
6334.017,29.0,84.891,3,MEDIUM,2.0,1,4,38.502222221926786,26,NoPit,True,Mugello,30.0,40.3,993.4,False,42.8,9,3.8
6341.887,29.0,103.575,63,MEDIUM,21.0,1,3,616.38638888899,26,InLap,False,Mugello,30.0,40.3,993.4,False,42.8,9,3.8
6347.584,29.0,86.963,11,MEDIUM,1.0,1,4,14.03833333356306,8,OutLap,False,Mugello,30.0,40.3,993.4,False,42.8,9,3.8
6349.33,29.0,84.574,16,HARD,8.0,1,4,34.48916666660807,8,NoPit,True,Mugello,30.0,40.3,993.4,False,42.8,9,3.8
6363.648,29.0,90.303,5,HARD,1.0,1,5,403.1461111106619,8,OutLap,False,Mugello,29.9,40.8,993.6,False,42.3,16,3.1
6373.784,29.0,92.229,8,HARD,2.0,1,4,699.6436111109215,11,OutLap,False,Mugello,29.9,40.8,993.6,False,42.3,16,3.1
6378.651,30.0,83.074,44,MEDIUM,22.0,1,3,,,NoPit,True,Mugello,29.9,40.8,993.6,False,42.3,16,3.1
6382.912,30.0,84.521,77,MEDIUM,22.0,1,3,238.6738888892287,44,NoPit,True,Mugello,29.9,40.8,993.6,False,42.3,16,3.1
6383.983,29.0,84.055,7,HARD,2.0,1,5,853.2033333333675,5,NoPit,True,Mugello,29.9,40.8,993.6,False,42.3,16,3.1
6398.318,30.0,101.836,18,SOFT,24.0,1,3,904.4975000002014,77,InLap,False,Mugello,29.9,40.8,993.6,False,42.3,16,3.1
6400.211,30.0,84.313,23,SOFT,24.0,1,3,209.6208333329414,18,NoPit,True,Mugello,29.9,40.8,993.6,False,42.3,16,3.1
6418.908,30.0,83.257,3,MEDIUM,3.0,1,4,779.7891666666837,23,NoPit,True,Mugello,30.0,41.3,993.5,False,42.2,22,2.5
6432.021,30.0,89.431,4,MEDIUM,1.0,1,4,32.048333333892515,16,OutLap,False,Mugello,30.0,41.3,993.5,False,42.2,22,2.5
6433.904,30.0,85.442,16,HARD,9.0,1,4,895.8894444451435,3,NoPit,True,Mugello,30.0,41.3,993.5,False,42.2,22,2.5
6434.547,30.0,82.111,11,MEDIUM,2.0,1,4,105.30305555622908,16,NoPit,True,Mugello,30.0,41.3,993.5,False,42.2,22,2.5
6436.285,30.0,90.827,26,MEDIUM,9.0,1,4,63.389999998995336,4,OutLap,False,Mugello,30.0,41.3,993.5,False,42.2,22,2.5
6445.462,30.0,88.429,63,HARD,1.0,1,4,381.00361111119855,26,OutLap,False,Mugello,30.0,41.3,993.5,False,42.2,22,2.5
6453.951,30.0,84.194,5,HARD,2.0,1,5,240.30249999990338,63,NoPit,True,Mugello,30.0,41.3,993.5,False,42.2,22,2.5
6461.725,31.0,82.914,44,MEDIUM,23.0,1,3,,,NoPit,True,Mugello,30.0,41.3,993.5,False,42.2,22,2.5
6466.013,30.0,84.662,8,HARD,3.0,1,4,278.94666666712146,5,NoPit,True,Mugello,30.0,41.3,993.5,False,42.2,22,2.5
6467.433,31.0,103.26,77,MEDIUM,23.0,1,3,358.40944444481283,44,InLap,False,Mugello,30.0,41.3,993.5,False,42.2,22,2.5
6468.038,30.0,85.179,7,HARD,3.0,1,5,602.8311111111252,8,NoPit,True,Mugello,30.0,41.3,993.5,False,42.2,22,2.5
6484.524,31.0,85.24,23,SOFT,25.0,1,3,1022.1108333328739,77,NoPit,True,Mugello,30.0,40.3,993.6,False,42.6,25,3.6
6500.154,31.0,88.311,18,MEDIUM,1.0,1,4,70.90222222279408,3,OutLap,False,Mugello,30.0,40.3,993.6,False,42.6,25,3.6
6502.165,31.0,83.555,3,MEDIUM,4.0,1,4,735.8224999997183,23,NoPit,True,Mugello,30.0,40.3,993.6,False,42.6,25,3.6
6516.658,31.0,83.15,11,MEDIUM,3.0,1,4,549.8680555565516,18,NoPit,True,Mugello,30.0,40.3,993.6,False,42.6,25,3.6
6519.346,31.0,84.327,16,HARD,10.0,1,4,187.49444444372784,11,NoPit,True,Mugello,30.0,40.3,993.6,False,42.6,25,3.6
6521.452,31.0,83.202,4,MEDIUM,2.0,1,4,316.8233333340031,16,NoPit,True,Mugello,30.0,40.3,993.6,False,42.6,25,3.6
6527.112,31.0,83.516,26,MEDIUM,10.0,1,4,402.9747222213482,4,NoPit,True,Mugello,30.0,40.3,993.6,False,42.6,25,3.6
6533.891,31.0,83.235,63,HARD,2.0,1,4,524.0380555555748,26,NoPit,True,Mugello,30.0,40.3,993.6,False,42.6,25,3.6
6538.145,31.0,84.017,5,HARD,3.0,1,5,234.6188888886536,63,NoPit,True,Mugello,29.9,40.8,993.6,False,42.2,9,2.6
6544.639,32.0,100.016,44,MEDIUM,24.0,1,3,,,InLap,False,Mugello,29.9,40.8,993.6,False,42.2,9,2.6
6550.675,31.0,84.652,8,HARD,4.0,1,4,306.62083333396004,5,NoPit,True,Mugello,29.9,40.8,993.6,False,42.2,9,2.6
6553.217,31.0,83.618,7,HARD,4.0,1,5,674.0908333330299,8,NoPit,True,Mugello,29.9,40.8,993.6,False,42.2,9,2.6
6569.764,32.0,100.967,23,SOFT,26.0,1,3,1421.1952777777333,44,InLap,False,Mugello,29.9,40.8,993.6,False,42.2,9,2.6
6570.693,32.0,87.993,77,HARD,1.0,1,4,74.25083333419752,23,OutLap,False,Mugello,29.9,40.8,993.6,False,42.2,9,2.6
6585.72,32.0,83.662,3,MEDIUM,5.0,1,4,442.29277777671814,77,NoPit,True,Mugello,29.9,40.8,993.6,False,42.2,9,2.6
6588.465,32.0,83.117,18,MEDIUM,2.0,1,4,437.2575000007928,3,NoPit,True,Mugello,29.9,40.8,993.6,False,42.2,9,2.6
6599.808,32.0,83.284,11,MEDIUM,4.0,1,4,525.1502777787973,18,NoPit,True,Mugello,30.2,41.1,993.6,False,42.2,10,2.6
6603.673,32.0,83.93,16,HARD,11.0,1,4,283.8097222215438,11,NoPit,True,Mugello,30.2,41.1,993.6,False,42.2,10,2.6
6604.654,32.0,83.407,4,MEDIUM,3.0,1,4,238.99388888955582,16,NoPit,True,Mugello,30.2,41.1,993.6,False,42.2,10,2.6
6610.628,32.0,83.016,26,MEDIUM,11.0,1,4,406.6286111102381,4,NoPit,True,Mugello,30.2,41.1,993.6,False,42.2,10,2.6
6617.126,32.0,84.114,63,HARD,3.0,1,4,520.6149999999907,26,NoPit,True,Mugello,30.2,41.1,993.6,False,42.2,10,2.6
6622.162,32.0,84.076,5,HARD,4.0,1,5,290.5541666665231,63,NoPit,True,Mugello,30.2,41.1,993.6,False,42.2,10,2.6
6635.327,32.0,84.532,8,HARD,5.0,1,4,335.8363888892345,5,NoPit,True,Mugello,30.2,41.1,993.6,False,42.2,10,2.6
6636.835,32.0,84.133,7,HARD,5.0,1,5,586.5758333331323,8,NoPit,True,Mugello,30.2,41.1,993.6,False,42.2,10,2.6
6644.655,33.0,88.882,44,HARD,1.0,1,4,,,OutLap,False,Mugello,30.2,41.1,993.6,False,42.2,10,2.6
6658.686,33.0,81.874,77,HARD,2.0,1,4,551.6775000006019,44,NoPit,True,Mugello,30.2,40.6,993.5,False,42.5,17,2.0
6669.382,33.0,83.211,3,MEDIUM,6.0,1,4,479.8141666657175,77,NoPit,True,Mugello,30.2,40.6,993.5,False,42.5,17,2.0
6670.731,33.0,88.884,23,MEDIUM,1.0,1,4,22.193611110706115,18,OutLap,False,Mugello,30.2,40.6,993.5,False,42.5,17,2.0
6671.582,33.0,83.153,18,MEDIUM,3.0,1,4,388.6944444453111,3,NoPit,True,Mugello,30.2,40.6,993.5,False,42.5,17,2.0
6683.092,33.0,83.271,11,MEDIUM,5.0,1,4,313.20527777893585,23,NoPit,True,Mugello,30.2,40.6,993.5,False,42.5,17,2.0
6687.603,33.0,86.03,16,HARD,12.0,1,4,337.243611110287,11,NoPit,True,Mugello,30.2,40.6,993.5,False,42.5,17,2.0
6688.061,33.0,83.067,4,MEDIUM,4.0,1,4,217.9516666677373,16,NoPit,True,Mugello,30.2,40.6,993.5,False,42.5,17,2.0
6693.644,33.0,83.047,26,MEDIUM,12.0,1,4,386.49444444366964,4,NoPit,True,Mugello,30.2,40.6,993.5,False,42.5,17,2.0
6701.24,33.0,84.2,63,HARD,4.0,1,4,595.1344444444403,26,NoPit,True,Mugello,30.2,40.6,993.5,False,42.5,17,2.0
6706.238,33.0,84.235,5,HARD,5.0,1,5,272.99805555521743,63,NoPit,True,Mugello,30.2,40.6,993.5,False,42.5,17,2.0
6719.859,33.0,84.558,8,HARD,6.0,1,4,355.6019444449048,5,NoPit,True,Mugello,30.3,39.7,993.7,False,42.5,4,1.8
6720.968,33.0,83.955,7,HARD,6.0,1,5,559.2802777778124,8,NoPit,True,Mugello,30.3,39.7,993.7,False,42.5,4,1.8
6733.537,34.0,82.104,44,HARD,2.0,1,4,,,NoPit,True,Mugello,30.3,39.7,993.7,False,42.5,4,1.8
6740.56,34.0,81.799,77,HARD,3.0,1,4,447.2875000007916,44,NoPit,True,Mugello,30.3,39.7,993.7,False,42.5,4,1.8
6752.593,34.0,83.264,3,MEDIUM,7.0,1,4,563.8105555546936,77,NoPit,True,Mugello,30.3,39.7,993.7,False,42.5,4,1.8
6754.735,34.0,83.238,18,MEDIUM,4.0,1,4,371.5808333340101,3,NoPit,True,Mugello,30.3,39.7,993.7,False,42.5,4,1.8
6759.615,34.0,82.119,23,MEDIUM,2.0,1,4,454.9747222219885,18,NoPit,True,Mugello,30.3,39.7,993.7,False,42.5,4,1.8
6766.363,34.0,82.922,11,MEDIUM,6.0,1,4,280.44694444551715,23,NoPit,True,Mugello,30.3,39.7,993.7,False,42.5,4,1.8
6771.128,34.0,83.021,4,MEDIUM,5.0,1,4,546.662777777703,11,NoPit,True,Mugello,30.3,39.7,993.7,False,42.5,4,1.8
6773.633,34.0,83.973,16,HARD,13.0,1,4,23.63749999945867,4,NoPit,True,Mugello,30.3,39.7,993.7,False,42.5,4,1.8
6776.691,34.0,83.226,26,MEDIUM,13.0,1,4,300.5444444444147,16,NoPit,True,Mugello,30.2,40.4,993.6,False,42.5,22,2.3
6785.44,34.0,84.368,63,HARD,5.0,1,4,659.9130555554002,26,NoPit,True,Mugello,30.2,40.4,993.6,False,42.5,22,2.3
6790.473,34.0,83.708,5,HARD,6.0,1,5,265.05944444428314,63,NoPit,True,Mugello,30.2,40.4,993.6,False,42.5,22,2.3
6804.417,34.0,86.389,8,HARD,7.0,1,4,369.9511111112952,5,NoPit,True,Mugello,30.2,40.4,993.6,False,42.5,22,2.3
6804.923,34.0,83.797,7,HARD,7.0,1,5,518.5969444447546,8,NoPit,True,Mugello,30.2,40.4,993.6,False,42.5,22,2.3
6815.641,35.0,82.261,44,HARD,3.0,1,4,,,NoPit,True,Mugello,30.2,40.4,993.6,False,42.5,22,2.3
6822.359,35.0,81.916,77,HARD,4.0,1,4,418.49666666725534,44,NoPit,True,Mugello,30.2,40.4,993.6,False,42.5,22,2.3
6835.857,35.0,83.213,3,MEDIUM,8.0,1,4,649.0672222214343,77,NoPit,True,Mugello,30.3,40.4,993.6,False,42.6,333,2.6
6837.973,35.0,83.021,18,MEDIUM,5.0,1,4,368.84277777859825,3,NoPit,True,Mugello,30.3,40.4,993.6,False,42.6,333,2.6
6841.734,35.0,82.684,23,MEDIUM,3.0,1,4,354.1533333330008,18,NoPit,True,Mugello,30.3,40.4,993.6,False,42.6,333,2.6
6849.285,35.0,82.814,11,MEDIUM,7.0,1,4,333.49638889022754,23,NoPit,True,Mugello,30.3,40.4,993.6,False,42.6,333,2.6
6854.149,35.0,83.299,4,MEDIUM,6.0,1,4,565.9061111107003,11,NoPit,True,Mugello,30.3,40.4,993.6,False,42.6,333,2.6
6857.606,35.0,83.862,16,HARD,14.0,1,4,80.74166666629026,4,NoPit,True,Mugello,30.3,40.4,993.6,False,42.6,333,2.6
6859.917,35.0,83.086,26,MEDIUM,14.0,1,4,247.134166666714,16,NoPit,True,Mugello,30.3,40.4,993.6,False,42.6,333,2.6
6869.808,35.0,84.312,63,HARD,6.0,1,4,706.8224999996892,26,NoPit,True,Mugello,30.3,40.4,993.6,False,42.6,333,2.6
6874.181,35.0,84.224,5,HARD,7.0,1,5,206.98472222240525,63,NoPit,True,Mugello,30.3,40.4,993.6,False,42.6,333,2.6
6888.72,35.0,83.985,7,HARD,8.0,1,5,289.6100000005099,8,NoPit,True,Mugello,30.3,40.4,993.6,False,42.6,333,2.6
6890.806,35.0,84.717,8,HARD,8.0,1,4,494.79083333312883,5,NoPit,True,Mugello,30.3,40.4,993.6,False,42.6,333,2.6
6897.902,36.0,82.453,44,HARD,4.0,1,4,,,NoPit,True,Mugello,30.3,40.2,993.5,False,42.3,358,2.8
6904.275,36.0,82.393,77,HARD,5.0,1,4,387.3413888894138,44,NoPit,True,Mugello,30.3,40.2,993.5,False,42.3,358,2.8
6919.07,36.0,83.137,3,MEDIUM,9.0,1,4,701.2333333326096,77,NoPit,True,Mugello,30.3,40.2,993.5,False,42.3,358,2.8
6920.994,36.0,83.034,18,MEDIUM,6.0,1,4,357.8455555564142,3,NoPit,True,Mugello,30.3,40.2,993.5,False,42.3,358,2.8
6924.418,36.0,82.314,23,MEDIUM,4.0,1,4,325.81222222174983,18,NoPit,True,Mugello,30.3,40.2,993.5,False,42.3,358,2.8
6932.099,36.0,83.623,11,MEDIUM,8.0,1,4,338.2772222237836,23,NoPit,True,Mugello,30.3,40.2,993.5,False,42.3,358,2.8
6937.448,36.0,82.784,4,MEDIUM,7.0,1,4,617.9997222215752,11,NoPit,True,Mugello,30.3,40.2,993.5,False,42.3,358,2.8
6941.468,36.0,83.488,16,HARD,15.0,1,4,110.13527777753188,4,NoPit,True,Mugello,30.3,40.2,993.5,False,42.3,358,2.8
6943.003,36.0,82.589,26,MEDIUM,15.0,1,4,187.8958333330229,16,NoPit,True,Mugello,30.3,40.2,993.5,False,42.3,358,2.8
6954.12,36.0,83.773,63,HARD,7.0,1,4,774.6388888885558,26,NoPit,True,Mugello,30.3,40.2,993.5,False,42.3,358,2.8
6958.405,36.0,83.942,5,HARD,8.0,1,5,180.47333333376446,63,NoPit,True,Mugello,30.0,40.8,993.5,False,41.7,4,2.3
6972.705,36.0,83.673,7,HARD,9.0,1,5,216.523055555881,8,NoPit,True,Mugello,30.0,40.8,993.5,False,41.7,4,2.3
6975.523,36.0,84.678,8,HARD,9.0,1,4,535.2119444440468,5,NoPit,True,Mugello,30.0,40.8,993.5,False,41.7,4,2.3
6980.355,37.0,82.015,44,HARD,5.0,1,4,,,NoPit,True,Mugello,30.0,40.8,993.5,False,41.7,4,2.3
6986.668,37.0,82.076,77,HARD,6.0,1,4,375.7758333341044,44,NoPit,True,Mugello,30.0,40.8,993.5,False,41.7,4,2.3
7002.207,37.0,82.952,3,MEDIUM,10.0,1,4,742.2416666661156,77,NoPit,True,Mugello,30.0,40.8,993.5,False,41.7,4,2.3
7004.028,37.0,82.739,18,MEDIUM,7.0,1,4,343.18944444533554,3,NoPit,True,Mugello,30.0,40.8,993.5,False,41.7,4,2.3
7006.732,37.0,81.917,23,MEDIUM,5.0,1,4,259.9730555549322,18,NoPit,True,Mugello,30.0,40.8,993.5,False,41.7,4,2.3
7015.722,37.0,82.988,11,MEDIUM,9.0,1,4,394.20777777934563,23,NoPit,True,Mugello,30.0,40.9,993.6,False,41.7,358,2.0
7020.232,37.0,82.583,4,MEDIUM,8.0,1,4,562.1299999993644,11,NoPit,True,Mugello,30.0,40.9,993.6,False,41.7,358,2.0
7024.956,37.0,102.659,16,HARD,16.0,1,4,158.60694444406545,4,InLap,False,Mugello,30.0,40.9,993.6,False,41.7,358,2.0
7025.592,37.0,84.531,26,MEDIUM,16.0,1,4,123.16499999980442,16,NoPit,True,Mugello,30.0,40.9,993.6,False,41.7,358,2.0
7037.893,37.0,83.795,63,HARD,8.0,1,4,845.5852777775144,26,NoPit,True,Mugello,30.0,40.9,993.6,False,41.7,358,2.0
7042.347,37.0,83.998,5,HARD,9.0,1,5,179.01416666683508,63,NoPit,True,Mugello,30.0,40.9,993.6,False,41.7,358,2.0
7056.378,37.0,83.361,7,HARD,10.0,1,5,133.6150000001362,8,NoPit,True,Mugello,30.0,40.9,993.6,False,41.7,358,2.0
7060.201,37.0,86.816,8,HARD,10.0,1,4,584.3038888887386,5,NoPit,True,Mugello,30.0,40.9,993.6,False,41.7,358,2.0
7062.37,38.0,82.099,44,HARD,6.0,1,4,,,NoPit,True,Mugello,30.0,40.9,993.6,False,41.7,358,2.0
7068.744,38.0,82.208,77,HARD,7.0,1,4,381.11777777870884,44,NoPit,True,Mugello,30.0,40.9,993.6,False,41.7,358,2.0
7085.159,38.0,82.503,3,MEDIUM,11.0,1,4,786.4699999991863,77,NoPit,True,Mugello,30.0,41.2,993.6,False,41.9,321,1.8
7086.767,38.0,82.323,18,MEDIUM,8.0,1,4,328.42416666753707,3,NoPit,True,Mugello,30.0,41.2,993.6,False,41.9,321,1.8
7088.649,38.0,82.562,23,MEDIUM,6.0,1,4,187.03916666601435,18,NoPit,True,Mugello,30.0,41.2,993.6,False,41.9,321,1.8
7098.71,38.0,82.873,11,MEDIUM,10.0,1,4,419.25527777933166,23,NoPit,True,Mugello,30.0,41.2,993.6,False,41.9,321,1.8
7102.815,38.0,82.978,4,MEDIUM,9.0,1,4,530.9472222215554,11,NoPit,True,Mugello,30.0,41.2,993.6,False,41.9,321,1.8
7110.123,38.0,83.553,26,MEDIUM,17.0,1,4,423.6838888884231,4,NoPit,True,Mugello,30.0,41.2,993.6,False,41.9,321,1.8
7121.688,38.0,83.924,63,HARD,9.0,1,4,792.3194444440014,26,NoPit,True,Mugello,30.0,41.2,993.6,False,41.9,321,1.8
7126.345,38.0,83.755,5,HARD,10.0,1,5,175.70638888914254,63,NoPit,True,Mugello,30.0,41.2,993.6,False,41.9,321,1.8
7127.615,38.0,88.418,16,MEDIUM,1.0,1,5,217.91944444488036,5,OutLap,False,Mugello,30.0,41.2,993.6,False,41.9,321,1.8
7139.739,38.0,83.285,7,HARD,11.0,1,5,489.4608333330252,16,NoPit,True,Mugello,30.2,40.8,993.5,False,42.3,253,0.8
7144.469,39.0,82.305,44,HARD,7.0,1,4,,,NoPit,True,Mugello,30.2,40.8,993.5,False,42.3,253,0.8
7147.017,38.0,84.483,8,HARD,11.0,1,4,139.34694444431807,7,NoPit,True,Mugello,30.2,40.8,993.5,False,42.3,253,0.8
7150.952,39.0,82.278,77,HARD,8.0,1,4,380.0611111121252,44,NoPit,True,Mugello,30.2,40.8,993.5,False,42.3,253,0.8
7167.662,39.0,82.213,3,MEDIUM,12.0,1,4,797.1341666659573,77,NoPit,True,Mugello,30.2,40.8,993.5,False,42.3,253,0.8
7169.09,39.0,82.399,18,MEDIUM,9.0,1,4,320.2508333342266,3,NoPit,True,Mugello,30.2,40.8,993.5,False,42.3,253,0.8
7171.211,39.0,81.756,23,MEDIUM,7.0,1,4,202.7116666662041,18,NoPit,True,Mugello,30.2,40.8,993.5,False,42.3,253,0.8
7181.583,39.0,82.657,11,MEDIUM,11.0,1,4,424.8933333348541,23,NoPit,True,Mugello,30.2,40.8,993.5,False,42.3,253,0.8
7185.793,39.0,82.886,4,MEDIUM,10.0,1,4,550.3355555548042,11,NoPit,True,Mugello,30.2,40.8,993.5,False,42.3,253,0.8
7193.676,39.0,83.89,26,MEDIUM,18.0,1,4,446.2436111108982,4,NoPit,True,Mugello,30.2,40.8,993.5,False,42.3,253,0.8
7205.612,39.0,84.308,63,HARD,10.0,1,4,813.001944443502,26,NoPit,True,Mugello,30.4,40.2,993.6,False,42.4,321,1.3
7210.1,39.0,84.103,5,HARD,11.0,1,5,148.15333333384478,63,NoPit,True,Mugello,30.4,40.2,993.6,False,42.4,321,1.3
7216.033,39.0,82.506,16,MEDIUM,2.0,1,5,561.1294444454252,63,NoPit,True,Mugello,30.4,40.2,993.6,False,42.4,321,1.3
7223.024,39.0,83.761,7,HARD,12.0,1,5,462.4988888882508,16,NoPit,True,Mugello,30.4,40.2,993.6,False,42.4,321,1.3
7226.774,40.0,82.499,44,HARD,8.0,1,4,,,NoPit,True,Mugello,30.4,40.2,993.6,False,42.4,321,1.3
7231.5,39.0,86.907,8,HARD,12.0,1,4,209.00138888903894,7,NoPit,True,Mugello,30.4,40.2,993.6,False,42.4,321,1.3
7233.23,40.0,82.448,77,HARD,9.0,1,4,371.0238888899912,44,NoPit,True,Mugello,30.4,40.2,993.6,False,42.4,321,1.3
7249.875,40.0,82.591,3,MEDIUM,13.0,1,4,785.9555555542756,77,NoPit,True,Mugello,30.4,40.2,993.6,False,42.4,321,1.3
7251.489,40.0,82.544,18,MEDIUM,10.0,1,4,341.78694444557186,3,NoPit,True,Mugello,30.4,40.2,993.6,False,42.4,321,1.3
7252.967,40.0,82.154,23,MEDIUM,8.0,1,4,141.70611111086328,18,NoPit,True,Mugello,30.4,40.2,993.6,False,42.4,321,1.3
7264.24,40.0,83.133,11,MEDIUM,12.0,1,4,459.0197222233692,23,NoPit,True,Mugello,30.5,40.1,993.6,False,42.4,327,1.6
7268.679,40.0,82.641,4,MEDIUM,11.0,1,4,578.5347222216078,11,NoPit,True,Mugello,30.5,40.1,993.6,False,42.4,327,1.6
7277.566,40.0,83.538,26,MEDIUM,19.0,1,4,474.6719444442715,4,NoPit,True,Mugello,30.5,40.1,993.6,False,42.4,327,1.6
7289.92,40.0,84.512,63,HARD,11.0,1,4,844.4702777769126,26,NoPit,True,Mugello,30.5,40.1,993.6,False,42.4,327,1.6
7294.203,40.0,84.271,5,HARD,12.0,1,5,111.02611111156875,63,NoPit,True,Mugello,30.5,40.1,993.6,False,42.4,327,1.6
7298.539,40.0,82.695,16,MEDIUM,3.0,1,5,442.74805555594503,5,NoPit,True,Mugello,30.5,40.1,993.6,False,42.4,327,1.6
7306.785,40.0,84.353,7,HARD,13.0,1,5,515.8058333327353,16,NoPit,True,Mugello,30.5,40.1,993.6,False,42.4,327,1.6
7309.273,41.0,82.301,44,HARD,9.0,1,4,,,NoPit,True,Mugello,30.5,40.1,993.6,False,42.4,327,1.6
7315.678,41.0,82.147,77,HARD,10.0,1,4,359.7708333344199,44,NoPit,True,Mugello,30.5,40.5,993.5,False,42.3,353,2.6
7318.407,40.0,84.951,8,HARD,13.0,1,4,318.952500000305,7,NoPit,True,Mugello,30.5,40.5,993.5,False,42.3,353,2.6
7332.466,41.0,82.483,3,MEDIUM,14.0,1,4,788.3988888874592,77,NoPit,True,Mugello,30.5,40.5,993.5,False,42.3,353,2.6
7334.033,41.0,82.176,18,MEDIUM,11.0,1,4,337.3975000012724,3,NoPit,True,Mugello,30.5,40.5,993.5,False,42.3,353,2.6
7335.121,41.0,82.242,23,MEDIUM,9.0,1,4,109.4102777778171,18,NoPit,True,Mugello,30.5,40.5,993.5,False,42.3,353,2.6
7347.373,41.0,82.67,11,MEDIUM,13.0,1,4,476.4783333343221,23,NoPit,True,Mugello,30.5,40.5,993.5,False,42.3,353,2.6
7351.32,41.0,82.878,4,MEDIUM,12.0,1,4,556.1413888882962,11,NoPit,True,Mugello,30.5,40.5,993.5,False,42.3,353,2.6
7361.104,41.0,83.354,26,MEDIUM,20.0,1,4,497.1097222219687,4,NoPit,True,Mugello,30.5,40.5,993.5,False,42.3,353,2.6
7374.432,41.0,84.022,63,HARD,12.0,1,4,906.326388888061,26,NoPit,True,Mugello,30.5,40.5,993.5,False,42.3,353,2.6
7378.474,41.0,84.048,5,HARD,13.0,1,5,80.90416666693636,63,NoPit,True,Mugello,30.2,40.2,993.5,False,42.0,357,1.7
7381.234,41.0,82.827,16,MEDIUM,4.0,1,5,326.7769444449805,5,NoPit,True,Mugello,30.2,40.2,993.5,False,42.0,357,1.7
7391.138,41.0,85.59,7,HARD,14.0,1,5,580.3436111103802,16,NoPit,True,Mugello,30.2,40.2,993.5,False,42.0,357,1.7
7391.574,42.0,82.354,44,HARD,10.0,1,4,,,NoPit,True,Mugello,30.2,40.2,993.5,False,42.0,357,1.7
7397.825,42.0,81.915,77,HARD,11.0,1,4,339.0691666674393,44,NoPit,True,Mugello,30.2,40.2,993.5,False,42.0,357,1.7
7403.358,41.0,84.346,8,HARD,14.0,1,4,312.8580555562803,7,NoPit,True,Mugello,30.2,40.2,993.5,False,42.0,357,1.7
7414.949,42.0,82.152,3,MEDIUM,15.0,1,4,823.3644444428501,77,NoPit,True,Mugello,30.2,40.2,993.5,False,42.0,357,1.7
7416.209,42.0,82.068,18,MEDIUM,12.0,1,4,314.09166666827514,3,NoPit,True,Mugello,30.2,40.2,993.5,False,42.0,357,1.7
7417.363,42.0,82.038,23,MEDIUM,10.0,1,4,106.2891666664218,18,NoPit,True,Mugello,30.2,40.2,993.5,False,42.0,357,1.7
7430.043,42.0,82.618,11,MEDIUM,14.0,1,4,501.8611111121718,23,NoPit,True,Mugello,30.2,40.2,993.5,False,42.0,357,1.7
7434.198,42.0,82.698,4,MEDIUM,13.0,1,4,580.4638888882182,11,NoPit,True,Mugello,30.2,40.2,993.5,False,42.0,357,1.7
7444.458,42.0,83.405,26,MEDIUM,21.0,1,4,504.6749999996682,4,NoPit,True,Mugello,30.1,40.6,993.6,False,41.9,343,2.3
7458.454,42.0,84.215,63,HARD,13.0,2,4,938.1455555549765,26,NoPit,True,Mugello,30.1,40.6,993.6,False,41.9,343,2.3
7462.522,42.0,84.308,5,HARD,14.0,2,5,71.43333333396004,63,NoPit,True,Mugello,30.1,40.6,993.6,False,41.9,343,2.3
7464.061,42.0,83.342,16,MEDIUM,5.0,2,5,240.35916666689445,5,NoPit,True,Mugello,30.1,40.6,993.6,False,41.9,343,2.3
7473.928,43.0,81.965,44,HARD,11.0,24,4,,,NoPit,False,Mugello,30.1,40.6,993.6,False,41.9,343,2.3
7476.728,42.0,108.127,7,HARD,15.0,24,5,681.2499999992142,16,InLap,False,Mugello,30.1,40.6,993.6,False,41.9,343,2.3
7479.74,43.0,102.623,77,HARD,12.0,24,4,283.51166666747304,44,InLap,False,Mugello,30.1,40.6,993.6,False,41.9,343,2.3
7487.704,42.0,107.445,8,HARD,15.0,24,4,285.79611111199483,7,InLap,False,Mugello,30.1,40.6,993.6,False,41.9,343,2.3
7497.101,43.0,107.997,3,MEDIUM,16.0,24,4,826.5824999985634,77,InLap,False,Mugello,30.1,41.1,993.6,False,41.9,343,2.5
7498.277,43.0,,18,MEDIUM,13.0,24,4,310.0141666684067,3,NoPit,False,Mugello,30.1,41.1,993.6,False,41.9,343,2.5
7499.401,43.0,110.967,23,MEDIUM,11.0,24,4,100.27388888847781,18,InLap,False,Mugello,30.1,41.1,993.6,False,41.9,343,2.5
7512.661,43.0,113.975,11,MEDIUM,15.0,24,4,518.0722222232725,23,InLap,False,Mugello,30.1,41.1,993.6,False,41.9,343,2.5
7516.896,43.0,117.116,4,MEDIUM,14.0,24,4,589.7977777770429,11,InLap,False,Mugello,30.1,41.1,993.6,False,41.9,343,2.5
7527.863,43.0,119.157,26,MEDIUM,22.0,24,4,536.7083333330811,4,InLap,False,Mugello,30.1,41.1,993.6,False,41.9,343,2.5
7542.669,43.0,123.974,63,HARD,14.0,24,4,969.595833332889,26,InLap,False,Mugello,30.1,41.1,993.6,False,41.9,343,2.5
7546.83,43.0,122.831,5,HARD,15.0,24,5,75.29944444491412,63,InLap,False,Mugello,30.1,41.1,993.6,False,41.9,343,2.5
7547.403,43.0,107.675,16,MEDIUM,6.0,24,5,189.29277777814423,5,NoPit,False,Mugello,30.1,41.1,993.6,False,41.9,343,2.5
7555.893,44.0,126.887,44,HARD,12.0,4,4,,,InLap,False,Mugello,30.1,40.3,993.6,False,41.8,347,1.6
7582.363,44.0,112.694,77,MEDIUM,1.0,4,5,933.1880555569951,44,OutLap,False,Mugello,30.1,40.3,993.6,False,41.8,347,1.6
7584.855,43.0,111.5,7,SOFT,1.0,4,6,343.86916666597244,8,OutLap,False,Mugello,30.1,40.3,993.6,False,41.8,347,1.6
7595.149,43.0,111.092,8,SOFT,4.0,4,5,64.64083333418239,7,OutLap,False,Mugello,30.1,40.3,993.6,False,41.8,347,1.6
7605.098,44.0,110.108,3,SOFT,12.0,4,5,621.4919444430561,77,OutLap,False,Mugello,30.1,40.3,993.6,False,41.8,347,1.6
7610.368,44.0,110.321,23,SOFT,4.0,4,5,81.59972222149372,11,OutLap,False,Mugello,30.1,40.3,993.6,False,41.8,347,1.6
7626.636,44.0,110.473,11,SOFT,4.0,4,5,388.9738888897118,23,OutLap,False,Mugello,30.3,39.9,993.7,False,42.1,325,1.3
7634.012,44.0,112.604,4,SOFT,4.0,4,5,27.371388889179798,26,OutLap,False,Mugello,30.3,39.9,993.7,False,42.1,325,1.3
7647.02,44.0,111.464,26,SOFT,3.0,4,5,427.8191666662169,4,OutLap,False,Mugello,30.3,39.9,993.7,False,42.1,325,1.3
7655.078,44.0,109.406,16,MEDIUM,7.0,4,5,271.12249999985215,26,NoPit,False,Mugello,30.3,39.9,993.7,False,42.1,325,1.3
7666.643,44.0,111.74,63,SOFT,1.0,4,5,220.76583333322196,5,OutLap,False,Mugello,30.3,39.9,993.7,False,42.1,325,1.3
7669.661,44.0,111.197,5,SOFT,4.0,4,6,606.9272222223517,16,OutLap,False,Mugello,30.3,39.9,993.7,False,42.1,325,1.3
7682.78,45.0,,44,MEDIUM,1.0,45,5,,,OutLap,False,Mugello,30.4,39.7,993.7,False,41.9,352,1.5
7695.057,45.0,,77,MEDIUM,2.0,45,5,364.11416666797595,44,InLap,False,Mugello,30.4,39.7,993.7,False,41.9,352,1.5
7696.355,44.0,,7,SOFT,2.0,45,6,897.1572222215473,63,InLap,False,Mugello,30.4,39.7,993.7,False,41.9,352,1.5
7706.241,44.0,,8,SOFT,5.0,45,5,860.2888888892776,63,InLap,False,Mugello,30.4,39.7,993.7,False,41.9,352,1.5
7715.206,45.0,,3,SOFT,13.0,45,5,763.4533333331347,44,InLap,False,Mugello,30.4,39.7,993.7,False,41.9,352,1.5
7720.689,45.0,,23,SOFT,5.0,45,5,669.1127777790534,3,InLap,False,Mugello,30.4,39.7,993.7,False,41.9,352,1.5
7737.109,45.0,,11,SOFT,5.0,45,5,511.15000000051805,23,InLap,False,Mugello,30.3,39.7,993.7,False,41.6,7,1.6
7746.616,45.0,,4,SOFT,5.0,45,5,892.8613888883265,11,InLap,False,Mugello,30.3,39.7,993.7,False,41.6,7,1.6
7758.484,45.0,,26,SOFT,4.0,45,5,540.8963888885337,4,InLap,False,Mugello,30.3,39.7,993.7,False,41.6,7,1.6
7764.484,45.0,,16,MEDIUM,8.0,45,5,397.5819444441004,26,InLap,False,Mugello,30.3,39.7,993.7,False,41.6,7,1.6
7778.383,45.0,,63,SOFT,2.0,45,5,107.28277777775656,5,InLap,False,Mugello,30.3,39.7,993.7,False,41.6,7,1.6
7780.858,45.0,,5,SOFT,5.0,45,6,758.3002777783258,16,InLap,False,Mugello,30.3,39.7,993.7,False,41.6,7,1.6
8658.479,45.0,,8,SOFT,4.0,5,6,,,OutLap,False,Mugello,29.8,41.0,993.6,False,40.5,10,2.6
8709.297,45.0,,7,SOFT,3.0,5,7,,,OutLap,False,Mugello,29.8,41.8,993.7,False,40.7,23,2.3
9120.029,46.0,,77,SOFT,3.0,1,6,,,OutLap,False,Mugello,30.0,40.8,993.6,False,40.2,17,2.9
9120.029,46.0,,16,SOFT,12.0,1,6,,,OutLap,False,Mugello,30.0,40.8,993.6,False,40.2,17,2.9
9120.029,46.0,,63,SOFT,3.0,1,6,,,OutLap,False,Mugello,30.0,40.8,993.6,False,40.2,17,2.9
9120.029,46.0,,23,SOFT,6.0,1,6,,,OutLap,False,Mugello,30.0,40.8,993.6,False,40.2,17,2.9
9120.029,46.0,,26,SOFT,5.0,1,6,,,OutLap,False,Mugello,30.0,40.8,993.6,False,40.2,17,2.9
9120.029,46.0,,44,SOFT,4.0,1,6,37.7433333331428,8,OutLap,False,Mugello,30.0,40.8,993.6,False,40.2,17,2.9
9120.029,46.0,,11,SOFT,4.0,1,6,,,OutLap,False,Mugello,30.0,40.8,993.6,False,40.2,17,2.9
9120.029,46.0,,4,SOFT,4.0,1,6,,,OutLap,False,Mugello,30.0,40.8,993.6,False,40.2,17,2.9
9120.029,46.0,,3,SOFT,4.0,1,6,,,OutLap,False,Mugello,30.0,40.8,993.6,False,40.2,17,2.9
9120.029,46.0,,5,SOFT,4.0,1,7,,,OutLap,False,Mugello,30.0,40.8,993.6,False,40.2,17,2.9
9147.382,46.0,,7,SOFT,4.0,1,7,0.16833333260728978,23,NoPit,False,Mugello,30.0,40.8,993.6,False,40.2,17,2.9
9148.906,46.0,,8,SOFT,5.0,1,6,,,NoPit,False,Mugello,30.0,40.8,993.6,False,40.2,17,2.9
9333.608,47.0,84.056,44,SOFT,5.0,1,6,161.45527777803363,23,NoPit,True,Mugello,29.7,41.7,993.7,False,40.0,16,2.1
9334.118,47.0,84.991,77,SOFT,4.0,1,6,99.74611111255945,63,NoPit,True,Mugello,29.7,41.7,993.7,False,40.0,16,2.1
9334.132,47.0,84.727,3,SOFT,5.0,1,6,23.542499999748543,16,NoPit,True,Mugello,29.7,41.7,993.7,False,40.0,16,2.1
9334.501,47.0,85.553,23,SOFT,7.0,1,6,36.14388888888061,4,NoPit,True,Mugello,29.7,41.7,993.7,False,40.0,16,2.1
9334.677,47.0,85.772,11,SOFT,5.0,1,6,72.00555555705796,7,NoPit,True,Mugello,29.7,41.7,993.7,False,40.0,16,2.1
9334.829,47.0,87.634,26,SOFT,6.0,1,6,24.405277778336313,3,NoPit,True,Mugello,29.7,41.7,993.7,False,40.0,16,2.1
9334.85,47.0,86.604,4,SOFT,5.0,1,6,1.7919444433937315,77,NoPit,True,Mugello,29.7,41.7,993.7,False,40.0,16,2.1
9335.098,47.0,89.573,16,SOFT,13.0,1,6,42.86916666533216,11,NoPit,True,Mugello,29.7,41.7,993.7,False,40.0,16,2.1
9335.343,47.0,87.808,7,SOFT,5.0,1,7,47.3874999989348,5,NoPit,True,Mugello,29.7,41.7,993.7,False,40.0,16,2.1
9335.349,47.0,90.026,5,SOFT,5.0,1,7,460.53083333416726,8,NoPit,True,Mugello,29.7,41.7,993.7,False,40.0,16,2.1
9335.435,47.0,89.994,63,SOFT,4.0,1,6,97.72027777755284,26,NoPit,True,Mugello,29.7,41.7,993.7,False,40.0,16,2.1
9335.724,47.0,88.49,8,SOFT,6.0,1,6,,,NoPit,True,Mugello,29.7,41.7,993.7,False,40.0,16,2.1
9417.664,48.0,80.072,44,SOFT,6.0,1,6,30.5916666672274,23,NoPit,True,Mugello,29.9,41.7,993.6,False,39.9,19,2.9
9418.859,48.0,81.53,3,SOFT,6.0,1,6,292.200277777476,8,NoPit,True,Mugello,29.9,41.7,993.6,False,39.9,19,2.9
9419.109,48.0,79.752,77,SOFT,5.0,1,6,98.89277777937241,7,NoPit,True,Mugello,29.9,41.7,993.6,False,39.9,19,2.9
9420.054,48.0,80.854,23,SOFT,8.0,1,6,3.759166666684905,26,NoPit,True,Mugello,29.9,41.7,993.6,False,39.9,19,2.9
9420.449,48.0,81.827,11,SOFT,6.0,1,6,55.11055555715575,3,NoPit,True,Mugello,29.9,41.7,993.6,False,39.9,19,2.9
9421.454,48.0,82.581,4,SOFT,6.0,1,6,43.17083333307528,44,NoPit,True,Mugello,29.9,41.7,993.6,False,39.9,19,2.9
9422.463,48.0,82.451,26,SOFT,7.0,1,6,0.8858333333628252,23,NoPit,True,Mugello,29.9,41.7,993.6,False,39.9,19,2.9
9423.151,48.0,82.83,7,SOFT,6.0,1,7,118.73916666515288,11,NoPit,True,Mugello,29.9,41.7,993.6,False,39.9,19,2.9
9424.214,48.0,82.879,8,SOFT,7.0,1,6,,,NoPit,True,Mugello,29.9,41.7,993.6,False,39.9,19,2.9
9424.671,48.0,82.942,16,SOFT,14.0,1,6,32.30749999982072,4,NoPit,True,Mugello,29.9,41.7,993.6,False,39.9,19,2.9
9425.375,48.0,83.368,5,SOFT,6.0,1,7,1.1300000010232907,23,NoPit,True,Mugello,29.9,41.7,993.6,False,39.9,19,2.9
9425.429,48.0,83.823,63,SOFT,5.0,1,6,185.47861111091333,16,NoPit,True,Mugello,29.9,41.7,993.6,False,39.9,19,2.9
9497.736,49.0,80.153,44,SOFT,7.0,1,6,105.03222222157638,77,NoPit,True,Mugello,29.9,41.3,993.7,False,39.9,6,2.6
9498.861,49.0,81.001,77,SOFT,6.0,1,6,40.82749999983935,11,NoPit,True,Mugello,29.9,41.3,993.7,False,39.9,6,2.6
9500.389,49.0,80.712,3,SOFT,7.0,1,6,187.86972222209442,8,NoPit,True,Mugello,29.9,41.3,993.7,False,39.9,6,2.6
9500.908,49.0,81.037,23,SOFT,9.0,1,6,25.501944443938555,44,NoPit,True,Mugello,29.9,41.3,993.7,False,39.9,6,2.6
9502.276,49.0,81.352,11,SOFT,7.0,1,6,77.9438888906152,3,NoPit,True,Mugello,29.9,41.3,993.7,False,39.9,6,2.6
9504.035,49.0,81.645,4,SOFT,7.0,1,6,26.100277777411975,5,NoPit,True,Mugello,29.9,41.3,993.7,False,39.9,6,2.6
9504.914,49.0,81.529,26,SOFT,8.0,1,6,123.13250000053085,7,NoPit,True,Mugello,29.9,41.3,993.7,False,39.9,6,2.6
9505.981,49.0,82.156,7,SOFT,7.0,1,7,34.05444444413297,23,NoPit,True,Mugello,29.9,41.3,993.7,False,39.9,6,2.6
9507.093,49.0,83.268,8,SOFT,8.0,1,6,,,NoPit,True,Mugello,29.9,41.3,993.7,False,39.9,6,2.6
9507.613,49.0,82.717,16,SOFT,15.0,1,6,82.44722222173004,4,NoPit,True,Mugello,29.9,41.3,993.7,False,39.9,6,2.6
9508.743,49.0,82.909,5,SOFT,7.0,1,7,64.50972222251585,44,NoPit,True,Mugello,29.9,41.3,993.7,False,39.9,6,2.6
9509.252,49.0,83.267,63,SOFT,6.0,1,6,254.21916666664765,16,NoPit,True,Mugello,29.9,41.3,993.7,False,39.9,6,2.6
9577.889,50.0,80.655,44,SOFT,8.0,1,6,32.09999999959837,77,NoPit,True,Mugello,30.0,40.9,993.7,False,39.9,6,2.4
9579.862,50.0,80.578,77,SOFT,7.0,1,6,19.067777777498122,11,NoPit,True,Mugello,30.0,40.9,993.7,False,39.9,6,2.4
9581.101,50.0,80.856,3,SOFT,8.0,1,6,40.446111111145,8,NoPit,True,Mugello,30.0,40.9,993.7,False,39.9,6,2.4
9581.945,50.0,80.464,23,SOFT,10.0,1,6,91.98249999957625,44,NoPit,True,Mugello,30.0,40.9,993.7,False,39.9,6,2.4
9583.628,50.0,81.083,11,SOFT,8.0,1,6,123.28027777938405,8,NoPit,True,Mugello,30.0,40.9,993.7,False,39.9,6,2.4
9585.68,50.0,81.291,4,SOFT,8.0,1,6,81.849444445048,26,NoPit,True,Mugello,30.0,40.9,993.7,False,39.9,6,2.4
9586.443,50.0,81.749,26,SOFT,9.0,1,6,74.00750000026892,7,NoPit,True,Mugello,30.0,40.9,993.7,False,39.9,6,2.4
9588.137,50.0,81.925,7,SOFT,8.0,1,7,74.307499999617,44,NoPit,True,Mugello,30.0,40.9,993.7,False,39.9,6,2.4
9590.33,50.0,81.229,16,SOFT,16.0,1,6,96.0191666658211,5,NoPit,True,Mugello,30.0,40.9,993.7,False,39.9,6,2.4
9590.361,50.0,83.431,8,SOFT,9.0,1,6,,,NoPit,True,Mugello,30.0,40.9,993.7,False,39.9,6,2.4
9591.652,50.0,82.5,5,SOFT,8.0,1,7,102.50222222239245,4,NoPit,True,Mugello,30.0,40.9,993.7,False,39.9,6,2.4
9592.519,50.0,82.327,63,SOFT,7.0,1,6,294.13138888883987,16,NoPit,True,Mugello,30.0,40.9,993.7,False,39.9,6,2.4
9658.544,51.0,79.647,44,SOFT,9.0,1,6,24.202222221763805,77,NoPit,True,Mugello,29.9,41.5,993.7,False,39.7,340,1.8
9660.44,51.0,80.596,77,SOFT,8.0,1,6,108.96361111226724,8,NoPit,True,Mugello,29.9,41.5,993.7,False,39.7,340,1.8
9661.957,51.0,82.229,3,SOFT,9.0,1,6,,,NoPit,True,Mugello,29.9,41.5,993.7,False,39.7,340,1.8
9662.409,51.0,80.039,23,SOFT,11.0,1,6,73.29722222217242,44,NoPit,True,Mugello,29.9,41.5,993.7,False,39.7,340,1.8
9664.711,51.0,81.492,11,SOFT,9.0,1,6,5.107777777942829,77,NoPit,True,Mugello,29.9,41.5,993.7,False,39.7,340,1.8
9666.971,51.0,81.491,4,SOFT,9.0,1,6,39.64638888902846,26,NoPit,True,Mugello,29.9,41.5,993.7,False,39.7,340,1.8
9668.192,51.0,81.458,26,SOFT,10.0,1,6,71.04833333389251,7,NoPit,True,Mugello,29.9,41.5,993.7,False,39.7,340,1.8
9670.062,51.0,81.815,7,SOFT,9.0,1,7,134.85694444391993,44,NoPit,True,Mugello,29.9,41.5,993.7,False,39.7,340,1.8
9671.559,51.0,82.079,16,SOFT,17.0,1,6,192.5161111105408,4,NoPit,True,Mugello,29.9,41.5,993.7,False,39.7,340,1.8
9673.792,51.0,84.177,8,SOFT,10.0,1,6,5.734722220804542,11,NoPit,True,Mugello,29.9,41.5,993.7,False,39.7,340,1.8
9674.152,51.0,81.968,5,SOFT,9.0,1,7,9.128055556502659,16,NoPit,True,Mugello,29.9,41.5,993.7,False,39.7,340,1.8
9674.846,51.0,83.001,63,SOFT,8.0,1,6,378.4330555544584,5,NoPit,True,Mugello,29.9,41.5,993.7,False,39.7,340,1.8
9738.191,52.0,81.451,44,SOFT,10.0,1,6,,,NoPit,True,Mugello,30.0,40.5,993.7,False,39.7,306,1.2
9741.036,52.0,81.213,77,SOFT,9.0,1,6,18.05500000086613,3,NoPit,True,Mugello,30.0,40.5,993.7,False,39.7,306,1.2
9742.448,52.0,80.642,23,SOFT,12.0,1,6,32.953611110919155,77,NoPit,True,Mugello,30.0,40.5,993.7,False,39.7,306,1.2
9744.186,52.0,81.333,3,SOFT,10.0,1,6,40.25611111073522,44,NoPit,True,Mugello,30.0,40.5,993.7,False,39.7,306,1.2
9746.203,52.0,81.456,11,SOFT,10.0,1,6,33.18416666681878,23,NoPit,True,Mugello,30.0,40.5,993.7,False,39.7,306,1.2
9748.462,52.0,81.443,4,SOFT,10.0,1,6,41.74333333299728,26,NoPit,True,Mugello,30.0,40.5,993.7,False,39.7,306,1.2
9749.65,52.0,81.631,26,SOFT,11.0,1,6,57.66944444482215,7,NoPit,True,Mugello,30.0,40.5,993.7,False,39.7,306,1.2
9751.877,52.0,82.068,7,SOFT,10.0,1,7,47.00500000087777,8,NoPit,True,Mugello,30.0,40.5,993.7,False,39.7,306,1.2
9753.638,52.0,82.146,16,SOFT,18.0,1,6,16.593055554607417,5,NoPit,True,Mugello,30.0,40.5,993.7,False,39.7,306,1.2
9756.12,52.0,82.081,5,SOFT,10.0,1,7,186.8722222225042,4,NoPit,True,Mugello,30.0,40.5,993.7,False,39.7,306,1.2
9757.847,52.0,81.766,63,SOFT,9.0,1,6,468.53083333343966,16,NoPit,True,Mugello,30.0,40.5,993.7,False,39.7,306,1.2
9757.969,52.0,84.264,8,SOFT,11.0,1,6,4.904999999213032,44,NoPit,True,Mugello,30.0,40.5,993.7,False,39.7,306,1.2
9819.642,53.0,80.775,44,SOFT,11.0,1,6,,,NoPit,True,Mugello,29.9,40.8,993.7,False,39.7,350,1.2
9822.249,53.0,79.432,77,SOFT,10.0,1,6,10.504722221754491,23,NoPit,True,Mugello,29.9,40.8,993.7,False,39.7,350,1.2
9823.09,53.0,80.83,23,SOFT,13.0,1,6,33.50222222256707,44,NoPit,True,Mugello,29.9,40.8,993.7,False,39.7,350,1.2
9825.519,53.0,81.138,3,SOFT,11.0,1,6,6.168055554444436,23,NoPit,True,Mugello,29.9,40.8,993.7,False,39.7,350,1.2
9827.659,53.0,81.556,11,SOFT,11.0,1,6,72.97250000113854,77,NoPit,True,Mugello,29.9,40.8,993.7,False,39.7,350,1.2
9829.905,53.0,81.526,4,SOFT,11.0,1,6,21.844722221954726,26,NoPit,True,Mugello,29.9,40.8,993.7,False,39.7,350,1.2
9831.281,53.0,81.682,26,SOFT,12.0,1,6,0.9672222234075889,8,NoPit,True,Mugello,29.9,40.8,993.7,False,39.7,350,1.2
9833.945,53.0,81.91,7,SOFT,11.0,1,7,233.44527777767507,44,NoPit,True,Mugello,29.9,40.8,993.7,False,39.7,350,1.2
9835.784,53.0,82.218,16,SOFT,19.0,1,6,22.479444443364628,5,NoPit,True,Mugello,30.2,40.5,993.7,False,39.7,347,0.8
9838.201,53.0,82.013,5,SOFT,11.0,1,7,183.21083333488787,8,NoPit,True,Mugello,30.2,40.5,993.7,False,39.7,347,0.8
9839.613,53.0,81.789,63,SOFT,10.0,1,6,447.72333333385177,16,NoPit,True,Mugello,30.2,40.5,993.7,False,39.7,347,0.8
9842.233,53.0,83.511,8,SOFT,12.0,1,6,97.95916666573612,7,NoPit,True,Mugello,30.2,40.5,993.7,False,39.7,347,0.8
9900.417,54.0,80.655,44,SOFT,12.0,1,6,62.62472222285578,77,NoPit,True,Mugello,30.2,40.0,993.6,False,39.8,4,1.9
9901.681,54.0,80.941,77,SOFT,11.0,1,6,,,NoPit,True,Mugello,30.2,40.0,993.6,False,39.8,4,1.9
9903.92,54.0,80.977,23,SOFT,14.0,1,6,32.03083333396353,44,NoPit,True,Mugello,30.2,40.0,993.6,False,39.8,4,1.9
9906.657,54.0,80.919,3,SOFT,12.0,1,6,26.45972222025739,23,NoPit,True,Mugello,30.2,40.0,993.6,False,39.8,4,1.9
9909.215,54.0,81.62,11,SOFT,12.0,1,6,98.3441666669678,44,NoPit,True,Mugello,30.2,40.0,993.6,False,39.8,4,1.9
9911.431,54.0,81.594,4,SOFT,12.0,1,6,8.08722222247161,26,NoPit,True,Mugello,30.2,40.0,993.6,False,39.8,4,1.9
9912.963,54.0,81.67,26,SOFT,13.0,1,6,30.591388888657093,7,NoPit,True,Mugello,30.2,40.0,993.6,False,39.8,4,1.9
9915.855,54.0,81.858,7,SOFT,12.0,1,7,277.21749999932945,44,NoPit,True,Mugello,30.2,40.0,993.6,False,39.8,4,1.9
9918.002,54.0,82.203,16,SOFT,20.0,1,6,43.62861111032544,5,NoPit,True,Mugello,30.2,40.0,993.6,False,39.8,4,1.9
9920.214,54.0,82.349,5,SOFT,12.0,1,7,73.22583333472721,8,NoPit,True,Mugello,30.2,40.0,993.6,False,39.8,4,1.9
9921.402,54.0,82.081,63,SOFT,11.0,1,6,411.190000000759,16,NoPit,True,Mugello,30.2,40.0,993.6,False,39.8,4,1.9
9925.744,54.0,83.339,8,SOFT,13.0,1,6,31.48527777713025,26,NoPit,True,Mugello,30.2,40.0,993.6,False,39.8,4,1.9
9981.072,55.0,80.662,44,SOFT,13.0,1,6,33.7569444453693,77,NoPit,True,Mugello,30.0,40.5,993.7,False,39.5,8,1.5
9982.622,55.0,80.757,77,SOFT,12.0,1,6,,,NoPit,True,Mugello,30.0,40.5,993.7,False,39.5,8,1.5
9984.897,55.0,80.665,23,SOFT,15.0,1,6,53.153333333844785,44,NoPit,True,Mugello,30.0,40.5,993.7,False,39.5,8,1.5
9987.576,55.0,80.656,3,SOFT,13.0,1,6,10.223611108842306,23,NoPit,True,Mugello,30.0,40.5,993.7,False,39.5,8,1.5
9990.835,55.0,81.222,11,SOFT,13.0,1,6,129.17472222296055,44,NoPit,True,Mugello,30.0,40.5,993.7,False,39.5,8,1.5
9993.025,55.0,81.322,4,SOFT,13.0,1,6,4.216944444400724,26,NoPit,True,Mugello,30.0,40.5,993.7,False,39.5,8,1.5
9994.633,55.0,81.49,26,SOFT,14.0,1,6,25.451944444736,7,NoPit,True,Mugello,30.0,40.5,993.7,False,39.5,8,1.5
9997.713,55.0,81.93,7,SOFT,13.0,1,7,309.11999999923864,44,NoPit,True,Mugello,30.0,40.5,993.7,False,39.5,8,1.5
10000.205,55.0,81.889,16,SOFT,21.0,1,6,37.51805555418832,5,NoPit,True,Mugello,30.0,40.5,993.7,False,39.5,8,1.5
10002.563,55.0,81.902,5,SOFT,13.0,1,7,10.55861111386912,8,NoPit,True,Mugello,30.0,40.5,993.7,False,39.5,8,1.5
10003.483,55.0,81.96,63,SOFT,12.0,1,6,410.4022222228232,16,NoPit,True,Mugello,30.0,40.5,993.7,False,39.5,8,1.5
10009.083,55.0,83.148,8,SOFT,14.0,1,6,20.33055555447936,4,NoPit,True,Mugello,30.0,40.5,993.7,False,39.5,8,1.5
10061.734,56.0,80.518,44,SOFT,14.0,1,6,31.606666667328682,77,NoPit,True,Mugello,29.9,40.9,993.6,False,39.5,346,1.4
10063.379,56.0,80.25,77,SOFT,13.0,1,6,,,NoPit,True,Mugello,29.9,40.9,993.6,False,39.5,346,1.4
10065.562,56.0,80.83,23,SOFT,16.0,1,6,5.406388891395181,3,NoPit,True,Mugello,29.9,40.9,993.6,False,39.5,346,1.4
10068.232,56.0,80.628,3,SOFT,14.0,1,6,32.38055555371102,44,NoPit,True,Mugello,29.9,40.9,993.6,False,39.5,346,1.4
10072.057,56.0,81.12,11,SOFT,14.0,1,6,124.96611111151287,44,NoPit,True,Mugello,29.9,40.9,993.6,False,39.5,346,1.4
10074.347,56.0,81.236,4,SOFT,14.0,1,6,468.8124999983702,11,NoPit,True,Mugello,29.9,40.9,993.6,False,39.5,346,1.4
10076.123,56.0,81.524,26,SOFT,15.0,1,6,8.49194444459863,4,NoPit,True,Mugello,30.0,40.6,993.6,False,39.2,358,2.2
10079.643,56.0,81.407,7,SOFT,14.0,1,7,15.97194444393972,26,NoPit,True,Mugello,30.0,40.6,993.6,False,39.2,358,2.2
10082.094,56.0,81.653,16,SOFT,22.0,1,6,27.72888888954185,8,NoPit,True,Mugello,30.0,40.6,993.6,False,39.2,358,2.2
10084.465,56.0,81.643,5,SOFT,14.0,1,7,279.38861111254664,4,NoPit,True,Mugello,30.0,40.6,993.6,False,39.2,358,2.2
10085.443,56.0,82.432,63,SOFT,13.0,1,6,378.61666666856036,8,NoPit,True,Mugello,30.0,40.6,993.6,False,39.2,358,2.2
10092.231,56.0,82.708,8,SOFT,15.0,1,6,75.00666666420875,5,NoPit,True,Mugello,30.0,40.6,993.6,False,39.2,358,2.2
10142.252,57.0,80.146,44,SOFT,15.0,1,6,50.2872222228325,77,NoPit,True,Mugello,29.9,40.7,993.6,False,39.5,346,2.1
10143.629,57.0,80.054,77,SOFT,14.0,1,6,,,NoPit,True,Mugello,29.9,40.7,993.6,False,39.5,346,2.1
10146.392,57.0,80.774,23,SOFT,17.0,1,6,30.062500002677552,3,NoPit,True,Mugello,29.9,40.7,993.6,False,39.5,346,2.1
10148.86,57.0,80.426,3,SOFT,15.0,1,6,34.69472222053446,44,NoPit,True,Mugello,29.9,40.7,993.6,False,39.5,346,2.1
10153.177,57.0,81.236,11,SOFT,15.0,1,6,134.9197222223156,44,NoPit,True,Mugello,29.9,40.7,993.6,False,39.5,346,2.1
10155.583,57.0,81.419,4,SOFT,15.0,1,6,482.63472222106066,11,NoPit,True,Mugello,29.9,40.7,993.6,False,39.5,346,2.1
10157.647,57.0,81.468,26,SOFT,16.0,1,6,13.061111111601349,7,NoPit,True,Mugello,29.9,40.7,993.6,False,39.5,346,2.1
10161.05,57.0,81.752,7,SOFT,15.0,1,7,32.68222222197801,4,NoPit,True,Mugello,29.9,40.7,993.6,False,39.5,346,2.1
10163.747,57.0,81.936,16,SOFT,23.0,1,6,40.467222220788244,5,NoPit,True,Mugello,29.9,40.7,993.6,False,39.5,346,2.1
10166.108,57.0,81.781,5,SOFT,15.0,1,7,295.30388889060123,4,NoPit,True,Mugello,29.9,40.7,993.6,False,39.5,346,2.1
10167.875,57.0,81.73,63,SOFT,14.0,1,6,365.94888889131835,8,NoPit,True,Mugello,29.9,40.7,993.6,False,39.5,346,2.1
10174.939,57.0,82.676,8,SOFT,16.0,1,6,107.35888888640329,5,NoPit,True,Mugello,29.9,40.7,993.6,False,39.5,346,2.1
10222.398,58.0,78.833,44,SOFT,16.0,1,6,59.78555555565981,77,NoPit,True,Mugello,29.8,41.4,993.6,False,39.2,358,1.1
10223.683,58.0,79.561,77,SOFT,15.0,1,6,,,NoPit,True,Mugello,29.8,41.4,993.6,False,39.2,358,1.1
10227.166,58.0,80.18,23,SOFT,18.0,1,6,58.402222225500736,3,NoPit,True,Mugello,29.8,41.4,993.6,False,39.2,358,1.1
10229.286,58.0,80.643,3,SOFT,16.0,1,6,48.24749999877531,44,NoPit,True,Mugello,29.8,41.4,993.6,False,39.2,358,1.1
10234.413,58.0,81.2,11,SOFT,16.0,1,6,192.63500000030035,44,NoPit,True,Mugello,29.8,41.4,993.6,False,39.2,358,1.1
10237.002,58.0,81.269,4,SOFT,16.0,1,6,500.4474999982049,11,NoPit,True,Mugello,29.8,41.4,993.6,False,39.2,358,1.1
10239.115,58.0,81.588,26,SOFT,17.0,1,6,44.35194444505032,4,NoPit,True,Mugello,29.8,41.4,993.6,False,39.2,358,1.1
10242.802,58.0,81.371,7,SOFT,16.0,1,7,11.38194444437977,26,NoPit,True,Mugello,29.8,41.4,993.6,False,39.2,358,1.1
10245.683,58.0,81.236,16,SOFT,24.0,1,6,53.459999998798594,5,NoPit,True,Mugello,29.8,41.4,993.6,False,39.2,358,1.1
10247.889,58.0,81.454,5,SOFT,16.0,1,7,304.3138888911926,4,NoPit,True,Mugello,29.8,41.4,993.6,False,39.2,358,1.1
10249.605,58.0,81.645,63,SOFT,15.0,1,6,309.07972222409444,8,NoPit,True,Mugello,29.8,41.4,993.6,False,39.2,358,1.1
10257.615,58.0,82.755,8,SOFT,17.0,1,6,132.42638888704823,5,NoPit,True,Mugello,29.9,41.3,993.6,False,38.9,29,1.8
10301.231,59.0,79.338,44,SOFT,17.0,1,6,2.2783333328552544,77,NoPit,True,Mugello,29.9,41.3,993.6,False,38.9,29,1.8
10303.244,59.0,82.214,77,SOFT,16.0,1,6,,,NoPit,True,Mugello,29.9,41.3,993.6,False,38.9,29,1.8
10307.346,59.0,81.273,23,SOFT,19.0,1,6,18.897222225612495,3,NoPit,True,Mugello,29.9,41.3,993.6,False,38.9,29,1.8
10309.929,59.0,81.096,3,SOFT,17.0,1,6,132.82027777651092,44,NoPit,True,Mugello,29.9,41.3,993.6,False,38.9,29,1.8
10315.613,59.0,80.632,11,SOFT,17.0,1,6,303.18888888671063,23,NoPit,True,Mugello,29.9,41.2,993.7,False,39.4,44,2.2
10318.271,59.0,81.198,4,SOFT,17.0,1,6,506.6294444426312,11,NoPit,True,Mugello,29.9,41.2,993.7,False,39.4,44,2.2
10320.703,59.0,81.594,26,SOFT,18.0,1,6,26.64555555518018,7,NoPit,True,Mugello,29.9,41.2,993.7,False,39.4,44,2.2
10324.173,59.0,81.164,7,SOFT,17.0,1,7,51.000000001396984,4,NoPit,True,Mugello,29.9,41.2,993.7,False,39.4,44,2.2
10326.919,59.0,81.994,16,SOFT,25.0,1,6,39.331388888007496,5,NoPit,True,Mugello,29.9,41.2,993.7,False,39.4,44,2.2
10329.343,59.0,81.202,5,SOFT,17.0,1,7,315.16000000259373,4,NoPit,True,Mugello,29.9,41.2,993.7,False,39.4,44,2.2
10331.25,59.0,81.715,63,SOFT,16.0,1,6,248.57138889055932,8,NoPit,True,Mugello,29.9,41.2,993.7,False,39.4,44,2.2
10340.37,59.0,82.263,8,SOFT,18.0,1,6,56.00388888770249,16,NoPit,True,Mugello,29.9,41.2,993.7,False,39.4,44,2.2
