,LapNumber,LapTime,Compound,TyreLife,TrackStatus,Stint,DistanceToDriverAhead,DriverAhead
0,1,,MEDIUM,1.0,2,1,,
1,2,0 days 00:01:38.330000,MEDIUM,2.0,1,1,94.87333333333027,16
2,3,0 days 00:01:38.117000,MEDIUM,3.0,1,1,125.36361111111,16
3,4,0 days 00:01:38.390000,MEDIUM,4.0,1,1,97.24499999999898,16
4,5,0 days 00:01:38.720000,MEDIUM,5.0,1,1,141.5838888888684,16
5,6,0 days 00:01:38.634000,MEDIUM,6.0,1,1,104.55444444443856,16
6,7,0 days 00:01:39.219000,MEDIUM,7.0,1,1,118.32888888880552,16
7,8,0 days 00:01:39.159000,MEDIUM,8.0,1,1,133.9699999998047,16
8,9,0 days 00:01:39.130000,MEDIUM,9.0,1,1,164.66055555537605,16
9,10,0 days 00:01:39.043000,MEDIUM,10.0,1,1,168.63305555537227,16
10,11,0 days 00:01:39.285000,MEDIUM,11.0,1,1,195.04222222197131,16
11,12,0 days 00:01:39.109000,MEDIUM,12.0,1,1,198.22027777755284,16
12,13,0 days 00:01:39.026000,MEDIUM,13.0,1,1,221.50527777752723,16
13,14,0 days 00:01:39.276000,MEDIUM,14.0,1,1,259.0216666665219,16
14,15,0 days 00:01:39.102000,MEDIUM,15.0,1,1,294.1513888886402,16
15,16,0 days 00:01:57.773000,MEDIUM,16.0,1,1,323.9894444441161,16
16,17,0 days 00:01:45.628000,HARD,1.0,1,2,180.0591666664841,14
17,18,0 days 00:01:52.410000,HARD,2.0,24,2,132.17333333317947,4
18,19,,HARD,3.0,4,2,25.27527777745854,63
19,20,,HARD,4.0,4,2,85.81944444420515,44
20,21,0 days 00:01:37.701000,HARD,5.0,1,2,207.4402777775249,44
21,22,0 days 00:01:37.774000,HARD,6.0,2,2,165.88888888861402,44
22,23,0 days 00:01:38.273000,HARD,7.0,2,2,109.75527777742536,44
23,24,0 days 00:01:38.009000,HARD,8.0,1,2,66.22861111076782,44
24,25,0 days 00:01:38.344000,HARD,9.0,1,2,14.212777777458541,44
25,26,0 days 00:01:37.950000,HARD,10.0,1,2,12.091944444313413,44
26,27,0 days 00:01:37.967000,HARD,11.0,1,2,,
27,28,0 days 00:01:37.696000,HARD,12.0,1,2,,
28,29,0 days 00:01:37.695000,HARD,13.0,1,2,,
29,30,0 days 00:01:37.491000,HARD,14.0,1,2,,
30,31,0 days 00:01:37.786000,HARD,15.0,1,2,,
31,32,0 days 00:01:37.804000,HARD,16.0,1,2,,
32,33,0 days 00:01:37.900000,HARD,17.0,1,2,,
33,34,0 days 00:01:37.911000,HARD,18.0,1,2,,
34,35,0 days 00:01:38.301000,HARD,19.0,1,2,,
35,36,0 days 00:01:38.053000,HARD,20.0,1,2,,
36,37,0 days 00:01:38.270000,HARD,21.0,1,2,,
37,38,0 days 00:01:37.683000,HARD,22.0,2,2,,
38,39,0 days 00:01:38.027000,HARD,23.0,1,2,,
39,40,0 days 00:01:37.838000,HARD,24.0,1,2,,
40,41,0 days 00:01:37.736000,HARD,25.0,1,2,,
41,42,0 days 00:01:37.836000,HARD,26.0,1,2,,
42,43,0 days 00:01:37.642000,HARD,27.0,1,2,,
43,44,0 days 00:01:38.019000,HARD,28.0,1,2,,
44,45,0 days 00:01:37.856000,HARD,29.0,1,2,,
45,46,0 days 00:01:38.242000,HARD,30.0,1,2,,
46,47,0 days 00:01:38.073000,HARD,31.0,1,2,,
47,48,0 days 00:01:37.945000,HARD,32.0,1,2,,
48,49,0 days 00:01:38.732000,HARD,33.0,2,2,,
49,50,0 days 00:02:12.092000,HARD,34.0,267,2,,
50,51,0 days 00:01:39.093000,HARD,35.0,1,2,,
51,52,0 days 00:01:38.288000,HARD,36.0,1,2,,
52,53,0 days 00:01:38.442000,HARD,37.0,1,2,,
0,1,,MEDIUM,1.0,2,1,,
1,2,0 days 00:01:39.316000,MEDIUM,2.0,1,1,79.65305555555642,1
2,3,0 days 00:01:39.620000,MEDIUM,3.0,1,1,162.79777777778145,1
3,4,0 days 00:01:39.066000,MEDIUM,4.0,1,1,288.791111111128,1
4,5,0 days 00:01:39.608000,MEDIUM,5.0,1,1,309.24888888888745,1
5,6,0 days 00:01:39.779000,MEDIUM,6.0,1,1,363.63750000001164,1
6,7,0 days 00:01:39.135000,MEDIUM,7.0,1,1,406.54527777781186,1
7,8,0 days 00:01:38.900000,MEDIUM,8.0,1,1,374.17472222232027,1
8,9,0 days 00:01:39.031000,MEDIUM,9.0,1,1,327.7608333334938,1
9,10,0 days 00:01:39.201000,MEDIUM,10.0,1,1,327.1672222223133,1
10,11,0 days 00:01:39.499000,MEDIUM,11.0,1,1,313.47333333337883,1
11,12,0 days 00:01:39.246000,MEDIUM,12.0,1,1,326.57777777780575,1
12,13,0 days 00:01:39.373000,MEDIUM,13.0,1,1,313.4661111112073,1
13,14,0 days 00:01:39.469000,MEDIUM,14.0,1,1,302.56944444437977,1
14,15,0 days 00:01:39.335000,MEDIUM,15.0,1,1,282.106944444502,1
15,16,0 days 00:01:39.428000,MEDIUM,16.0,1,1,284.9994444445474,1
16,17,0 days 00:01:39.772000,MEDIUM,17.0,1,1,575.4338888885541,16
17,18,0 days 00:02:04.746000,MEDIUM,18.0,24,1,,
18,19,,HARD,1.0,4,2,,
19,20,0 days 00:02:29.797000,HARD,2.0,4,2,,
20,21,0 days 00:01:38.102000,HARD,3.0,1,2,,
21,22,0 days 00:01:38.431000,HARD,4.0,2,2,,
22,23,0 days 00:01:38.892000,HARD,5.0,2,2,,
23,24,0 days 00:01:38.487000,HARD,6.0,1,2,,
24,25,0 days 00:01:38.256000,HARD,7.0,1,2,9.610555555904284,1
25,26,0 days 00:01:38.370000,HARD,8.0,1,2,7.703611111268401,1
26,27,0 days 00:01:38.044000,HARD,9.0,1,2,44.40388888918096,1
27,28,0 days 00:01:37.810000,HARD,10.0,1,2,53.3205555556342,1
28,29,0 days 00:01:37.961000,HARD,11.0,1,2,67.4719444445218,1
29,30,0 days 00:01:37.668000,HARD,12.0,1,2,94.862777778093,1
30,31,0 days 00:01:38.109000,HARD,13.0,1,2,110.45333333412418,1
31,32,0 days 00:01:39.196000,HARD,14.0,1,2,122.51083333368297,1
32,33,0 days 00:01:38.485000,HARD,15.0,1,2,206.69166666679666,1
33,34,0 days 00:01:38.145000,HARD,16.0,1,2,234.27888888915186,1
34,35,0 days 00:01:38.282000,HARD,17.0,1,2,228.45222222228767,1
35,36,0 days 00:01:38.689000,HARD,18.0,1,2,234.42555555555737,1
36,37,0 days 00:01:38.034000,HARD,19.0,1,2,286.597777777235,1
37,38,0 days 00:01:38.235000,HARD,20.0,2,2,268.17472222133074,1
38,39,0 days 00:01:38.612000,HARD,21.0,1,2,299.5349999993632,1
39,40,0 days 00:01:38.126000,HARD,22.0,1,2,322.5838888879516,1
40,41,0 days 00:01:37.815000,HARD,23.0,1,2,339.64999999915017,1
41,42,0 days 00:01:38.279000,HARD,24.0,1,2,332.29527777663316,1
42,43,0 days 00:01:38.257000,HARD,25.0,1,2,361.1741666656453,1
43,44,0 days 00:01:38.123000,HARD,26.0,1,2,406.4233333324664,1
44,45,0 days 00:01:37.890000,HARD,27.0,1,2,414.9005555547483,1
45,46,0 days 00:01:38.248000,HARD,28.0,1,2,417.4374999991851,1
46,47,0 days 00:01:38.589000,HARD,29.0,1,2,424.1299999988987,1
47,48,0 days 00:01:38.310000,HARD,30.0,1,2,457.96749999845633,1
48,49,0 days 00:01:38.748000,HARD,31.0,2,2,493.0858333320357,1
49,50,0 days 00:02:11.309000,HARD,32.0,267,2,481.99194444256136,1
50,51,0 days 00:01:38.712000,HARD,33.0,1,2,419.66916666482575,1
51,52,0 days 00:01:38.805000,HARD,34.0,1,2,418.5611111082835,1
52,53,0 days 00:01:39.119000,HARD,35.0,1,2,460.0833333299379,1
0,1,,MEDIUM,1.0,2,1,,
1,2,0 days 00:01:39.807000,MEDIUM,2.0,1,1,51.63694444444263,14
2,3,0 days 00:01:39.389000,MEDIUM,3.0,1,1,52.84361111110411,14
3,4,0 days 00:01:38.837000,MEDIUM,4.0,1,1,112.19250000001193,11
4,5,0 days 00:01:39.600000,MEDIUM,5.0,1,1,88.51361111110964,11
5,6,0 days 00:01:39.927000,MEDIUM,6.0,1,1,62.30499999997119,11
6,7,0 days 00:01:39.790000,MEDIUM,7.0,1,1,74.53944444433728,11
7,8,0 days 00:01:39.014000,MEDIUM,8.0,1,1,59.29916666660574,11
8,9,0 days 00:01:39.212000,MEDIUM,9.0,1,1,45.86944444439723,11
9,10,0 days 00:01:39.527000,MEDIUM,10.0,1,1,9.221111111088248,11
10,11,0 days 00:01:39.588000,MEDIUM,11.0,1,1,385.02472222236975,44
11,12,0 days 00:01:39.353000,MEDIUM,12.0,1,1,395.6525000000911,44
12,13,0 days 00:01:39.273000,MEDIUM,13.0,1,1,404.56472222227603,44
13,14,0 days 00:01:39.807000,MEDIUM,14.0,1,1,413.1833333334216,44
14,15,0 days 00:01:39.543000,MEDIUM,15.0,1,1,442.4744444444659,44
15,16,0 days 00:01:39.345000,MEDIUM,16.0,1,1,475.0616666666174,44
16,17,0 days 00:01:39.733000,MEDIUM,17.0,1,1,485.38666666676,44
17,18,0 days 00:02:07.168000,MEDIUM,18.0,24,1,499.90583333346876,44
18,19,,HARD,2.0,4,2,94.13583333365386,1
19,20,0 days 00:02:26.413000,HARD,3.0,4,2,81.87083333308692,11
20,21,0 days 00:01:39.469000,HARD,4.0,1,2,51.644444444886176,1
21,22,0 days 00:01:38.344000,HARD,5.0,2,2,51.68361111104605,55
22,23,0 days 00:01:38.234000,HARD,6.0,2,2,16.017222221955308,55
23,24,0 days 00:01:38.502000,HARD,7.0,1,2,7.344166666385718,55
24,25,0 days 00:01:39.024000,HARD,8.0,1,2,66.46972222154727,55
25,26,0 days 00:01:38.476000,HARD,9.0,1,2,139.69444444353576,55
26,27,0 days 00:01:37.950000,HARD,10.0,1,2,191.22611111029983,55
27,28,0 days 00:01:38.185000,HARD,11.0,1,2,180.31833333248505,55
28,29,0 days 00:01:38.450000,HARD,12.0,1,2,153.85611111062462,55
29,30,0 days 00:01:40.105000,HARD,13.0,1,2,165.7872222219885,55
30,31,0 days 00:01:38.725000,HARD,14.0,1,2,106.4880555550917,11
31,32,0 days 00:01:38.591000,HARD,15.0,1,2,118.9691666662984,11
32,33,0 days 00:01:38.604000,HARD,16.0,1,2,140.08249999966938,11
33,34,0 days 00:01:38.326000,HARD,17.0,1,2,149.11194444415742,11
34,35,0 days 00:01:38.340000,HARD,18.0,1,2,133.6213888885104,11
35,36,0 days 00:01:38.746000,HARD,19.0,1,2,103.08111111080507,11
36,37,0 days 00:01:38.225000,HARD,20.0,1,2,73.17583333270159,11
37,38,0 days 00:01:38.289000,HARD,21.0,2,2,44.727499999513384,11
38,39,0 days 00:01:38.368000,HARD,22.0,1,2,31.867222222062992,11
39,40,0 days 00:01:38.025000,HARD,23.0,1,2,460.786666666012,55
40,41,0 days 00:01:38.252000,HARD,24.0,1,2,436.69777777738636,55
41,42,0 days 00:01:39.349000,HARD,25.0,1,2,403.43666666641366,55
42,43,0 days 00:01:38.415000,HARD,26.0,1,2,725.4513888891088,44
43,44,0 days 00:01:38.438000,HARD,27.0,1,2,763.0824999999895,44
44,45,0 days 00:01:38.084000,HARD,28.0,1,2,774.9738888888969,44
45,46,0 days 00:01:37.627000,HARD,29.0,1,2,801.6886111107306,44
46,47,0 days 00:01:38.097000,HARD,30.0,1,2,780.2149999992689,44
47,48,0 days 00:01:38.490000,HARD,31.0,1,2,760.5872222217731,44
48,49,0 days 00:01:41.792000,HARD,32.0,26,2,784.2263888889574,44
49,50,0 days 00:02:09.363000,HARD,33.0,67,2,810.4269444451784,44
50,51,0 days 00:01:37.548000,HARD,34.0,1,2,845.9250000003958,44
51,52,0 days 00:01:38.349000,HARD,35.0,1,2,790.38277777849,44
52,53,0 days 00:01:38.013000,HARD,36.0,1,2,763.7669444453204,44
0,1,,MEDIUM,1.0,2,1,,
1,2,0 days 00:01:39.289000,MEDIUM,2.0,1,1,105.2316666666602,44
2,3,0 days 00:01:39.427000,MEDIUM,3.0,1,1,112.72305555553612,44
3,4,0 days 00:01:38.920000,MEDIUM,4.0,1,1,114.29861111106948,44
4,5,0 days 00:01:39.683000,MEDIUM,5.0,1,1,115.51888888888061,44
5,6,0 days 00:01:39.774000,MEDIUM,6.0,1,1,144.23027777778407,44
6,7,0 days 00:01:39.715000,MEDIUM,7.0,1,1,152.5772222223095,44
7,8,0 days 00:01:39.188000,MEDIUM,8.0,1,1,234.72833333342714,44
8,9,0 days 00:01:39.681000,MEDIUM,9.0,1,1,269.47583333333023,44
9,10,0 days 00:01:39.639000,MEDIUM,10.0,1,1,341.0908333334155,44
10,11,0 days 00:01:39.644000,MEDIUM,11.0,1,1,6.3252777777961455,63
11,12,0 days 00:01:39.434000,MEDIUM,12.0,1,1,13.935833333409391,63
12,13,0 days 00:01:39.343000,MEDIUM,13.0,1,1,28.617777777952142,63
13,14,0 days 00:01:39.451000,MEDIUM,14.0,1,1,37.409722222349956,63
14,15,0 days 00:01:39.462000,MEDIUM,15.0,1,1,16.869444444644614,63
15,16,0 days 00:01:39.513000,MEDIUM,16.0,1,1,16.800555555688334,63
16,17,0 days 00:01:39.755000,MEDIUM,17.0,1,1,17.053888889058726,63
17,18,0 days 00:02:07.468000,MEDIUM,18.0,24,1,29.456666666766978,63
18,19,,HARD,1.0,4,2,44.01305555568251,14
19,20,0 days 00:02:28.786000,HARD,2.0,4,2,295.16277777829964,1
20,21,0 days 00:01:38.575000,HARD,3.0,1,2,77.99583333355258,14
21,22,0 days 00:01:38.161000,HARD,4.0,2,2,11.217500000231666,14
22,23,0 days 00:01:38.793000,HARD,5.0,2,2,54.600555555851315,63
23,24,0 days 00:01:38.423000,HARD,6.0,1,2,102.14833333384013,63
24,25,0 days 00:01:38.605000,HARD,7.0,1,2,99.70805555587867,63
25,26,0 days 00:01:38.368000,HARD,8.0,1,2,72.14305555605097,63
26,27,0 days 00:01:38.175000,HARD,9.0,1,2,66.93416666728444,63
27,28,0 days 00:01:38.006000,HARD,10.0,1,2,95.45555555613828,63
28,29,0 days 00:01:38.117000,HARD,11.0,1,2,91.17861111144884,63
29,30,0 days 00:01:38.021000,HARD,12.0,1,2,63.974444444844266,63
30,31,0 days 00:01:38.240000,HARD,13.0,1,2,243.5175000001036,55
31,32,0 days 00:01:38.363000,HARD,14.0,1,2,236.0430555556668,55
32,33,0 days 00:01:38.284000,HARD,15.0,1,2,264.70888888888294,55
33,34,0 days 00:01:38.525000,HARD,16.0,1,2,288.38583333342103,55
34,35,0 days 00:01:38.671000,HARD,17.0,1,2,335.74277777792304,55
35,36,0 days 00:01:38.995000,HARD,18.0,1,2,393.1541666664998,55
36,37,0 days 00:01:38.446000,HARD,19.0,1,2,431.6341666664812,55
37,38,0 days 00:01:38.271000,HARD,20.0,2,2,436.54388888864196,55
38,39,0 days 00:01:38.663000,HARD,21.0,1,2,1.3086111112497747,63
39,40,0 days 00:01:38.410000,HARD,22.0,1,2,28.80027777768555,63
40,41,0 days 00:01:39.672000,HARD,23.0,1,2,60.76305555552244,63
41,42,0 days 00:01:40.737000,HARD,24.0,1,2,175.94055555548402,63
42,43,0 days 00:01:38.448000,HARD,25.0,1,2,331.07750000001397,63
43,44,0 days 00:01:38.310000,HARD,26.0,1,2,323.57000000038533,63
44,45,0 days 00:01:37.780000,HARD,27.0,1,2,315.29472222257755,63
45,46,0 days 00:01:37.977000,HARD,28.0,1,2,286.7877777784597,63
46,47,0 days 00:01:38.067000,HARD,29.0,1,2,310.18166666757315,63
47,48,0 days 00:01:38.507000,HARD,30.0,1,2,316.6580555559485,63
48,49,0 days 00:01:38.791000,HARD,31.0,26,2,303.5994444443495,63
49,50,0 days 00:02:13.384000,HARD,32.0,67,2,214.6363888887572,63
50,51,0 days 00:01:37.964000,HARD,33.0,1,2,388.2641666668933,63
51,52,0 days 00:01:37.952000,HARD,34.0,1,2,439.51250000071013,63
52,53,0 days 00:01:38.306000,HARD,35.0,1,2,428.3475000009057,63
0,1,,HARD,1.0,2,1,,
1,2,0 days 00:01:41.355000,HARD,2.0,1,1,27.609166666672536,10
2,3,0 days 00:01:39.779000,HARD,3.0,1,1,6.377777777788651,23
3,4,0 days 00:01:40.095000,HARD,4.0,1,1,105.64333333334798,5
4,5,0 days 00:01:40.063000,HARD,5.0,1,1,110.52472222222787,5
5,6,0 days 00:01:39.942000,HARD,6.0,1,1,91.54999999999927,5
6,7,0 days 00:01:40.380000,HARD,7.0,1,1,41.63388888897316,20
7,8,0 days 00:01:40.042000,HARD,8.0,1,1,6.6811111110655474,5
8,9,0 days 00:01:40.240000,HARD,9.0,1,1,28.88111111100443,18
9,10,0 days 00:01:40.712000,HARD,10.0,1,1,38.01666666645906,3
10,11,0 days 00:01:40.664000,HARD,11.0,1,1,26.029444444306137,3
11,12,0 days 00:01:40.397000,HARD,12.0,1,1,26.716111111083592,3
12,13,0 days 00:01:40.468000,HARD,13.0,1,1,11.054166666639503,3
13,14,0 days 00:01:40.435000,HARD,14.0,1,1,96.915277777749,31
14,15,0 days 00:01:40.116000,HARD,15.0,1,1,80.63916666683508,31
15,16,0 days 00:01:40.359000,HARD,16.0,1,1,66.01500000013039,31
16,17,0 days 00:01:40.049000,HARD,17.0,1,1,50.28833333328657,1
17,18,0 days 00:02:17.570000,HARD,18.0,24,1,24.683888889092486,31
18,19,0 days 00:02:20.344000,MEDIUM,1.0,4,2,148.4658333332045,4
19,20,0 days 00:02:20.535000,MEDIUM,2.0,4,2,64.4924999999057,3
20,21,0 days 00:01:38.725000,MEDIUM,3.0,1,2,1.89250000003085,14
21,22,0 days 00:01:38.744000,MEDIUM,4.0,2,2,87.19361111169565,1
22,23,0 days 00:01:38.393000,MEDIUM,5.0,2,2,141.46805555632454,1
23,24,0 days 00:01:37.941000,MEDIUM,6.0,1,2,17.6133333335747,63
24,25,0 days 00:01:38.128000,MEDIUM,7.0,1,2,147.385000000766,1
25,26,0 days 00:01:37.889000,MEDIUM,8.0,1,2,138.6433333341556,1
26,27,0 days 00:01:38.043000,MEDIUM,9.0,1,2,149.72972222280805,1
27,28,0 days 00:01:38.320000,MEDIUM,10.0,1,2,148.81833333370741,1
28,29,0 days 00:01:38.257000,MEDIUM,11.0,1,2,205.16333333411603,1
29,30,0 days 00:01:38.211000,MEDIUM,12.0,1,2,259.23166666724137,1
30,31,0 days 00:01:38.513000,MEDIUM,13.0,1,2,300.239166667423,1
31,32,0 days 00:01:37.963000,MEDIUM,14.0,1,2,343.47277777822455,1
32,33,0 days 00:01:37.975000,MEDIUM,15.0,1,2,276.08027777806274,44
33,34,0 days 00:01:38.081000,MEDIUM,16.0,1,2,244.6236111111648,44
34,35,0 days 00:01:38.172000,MEDIUM,17.0,1,2,238.75916666703415,44
35,36,0 days 00:01:38.599000,MEDIUM,18.0,1,2,218.67472222281503,44
36,37,0 days 00:01:38.416000,MEDIUM,19.0,1,2,203.86861111223698,44
37,38,0 days 00:01:38.310000,MEDIUM,20.0,2,2,248.0666666679026,44
38,39,0 days 00:01:38.703000,MEDIUM,21.0,1,2,255.07222222333075,44
39,40,0 days 00:01:38.348000,MEDIUM,22.0,1,2,280.3955555568391,44
40,41,0 days 00:01:38.857000,MEDIUM,23.0,1,2,289.5733333340322,44
41,42,0 days 00:02:05.219000,MEDIUM,24.0,1,2,338.33527777864947,44
42,43,0 days 00:01:44.372000,MEDIUM,1.0,1,3,194.11861111060716,14
43,44,0 days 00:01:36.242000,MEDIUM,2.0,1,3,228.82888888960588,4
44,45,0 days 00:01:36.208000,MEDIUM,3.0,1,3,326.7355555554095,14
45,46,0 days 00:01:36.243000,MEDIUM,4.0,1,3,200.96833333326504,14
46,47,0 days 00:01:35.852000,MEDIUM,5.0,1,3,24.956111111096106,14
47,48,0 days 00:01:36.611000,MEDIUM,6.0,1,3,713.4597222235752,11
48,49,0 days 00:01:47.636000,MEDIUM,7.0,26,3,639.8627777792863,11
49,50,0 days 00:02:00.875000,MEDIUM,8.0,67,3,528.5102777787833,11
50,51,0 days 00:01:35.781000,MEDIUM,9.0,1,3,493.7561111118994,11
51,52,0 days 00:01:36.352000,MEDIUM,10.0,1,3,385.86638888920425,11
52,53,0 days 00:01:36.446000,MEDIUM,11.0,1,3,234.44888888823334,11
0,1,,MEDIUM,1.0,2,1,,
1,2,0 days 00:01:39.900000,MEDIUM,2.0,1,1,26.874722222230048,11
2,3,0 days 00:01:40.530000,MEDIUM,3.0,1,1,56.67750000002707,11
3,4,0 days 00:01:39.156000,MEDIUM,4.0,1,1,33.52583333336224,63
4,5,0 days 00:01:40.243000,MEDIUM,5.0,1,1,57.43166666671459,63
5,6,0 days 00:01:40.069000,MEDIUM,6.0,1,1,108.93611111117934,63
6,7,0 days 00:01:40.261000,MEDIUM,7.0,1,1,121.2841666667664,63
7,8,0 days 00:01:40.034000,MEDIUM,8.0,1,1,152.57027777782787,63
8,9,0 days 00:01:39.926000,MEDIUM,9.0,1,1,235.50444444446475,63
9,10,0 days 00:01:40.067000,MEDIUM,10.0,1,1,249.2388888888454,11
10,11,0 days 00:01:40.393000,MEDIUM,11.0,1,1,255.9302777777266,11
11,12,0 days 00:01:40.206000,MEDIUM,12.0,1,1,283.12555555543076,11
12,13,0 days 00:01:40.174000,MEDIUM,13.0,1,1,303.968611110904,11
13,14,0 days 00:01:40.067000,MEDIUM,14.0,1,1,329.65694444440305,11
14,15,0 days 00:01:39.830000,MEDIUM,15.0,1,1,357.8144444443169,11
15,16,0 days 00:01:40.212000,MEDIUM,16.0,1,1,368.47499999993306,11
16,17,0 days 00:01:40.167000,MEDIUM,17.0,1,1,399.5616666665883,11
17,18,0 days 00:02:08.758000,MEDIUM,18.0,24,1,414.3738888888183,11
18,19,,HARD,1.0,4,2,134.91777777770767,11
19,20,0 days 00:02:25.921000,HARD,2.0,4,2,39.225833333461196,63
20,21,0 days 00:01:39.971000,HARD,3.0,1,2,18.478333333332557,63
21,22,0 days 00:01:40.452000,HARD,4.0,2,2,9.038055555298342,11
22,23,0 days 00:01:39.780000,HARD,5.0,1,2,159.53361111078993,11
23,24,0 days 00:01:39.396000,HARD,6.0,1,2,192.123888888309,11
24,25,0 days 00:01:39.294000,HARD,7.0,1,2,221.89611111104023,11
25,26,0 days 00:01:39.531000,HARD,8.0,1,2,249.68249999947147,11
26,27,0 days 00:01:39.326000,HARD,9.0,1,2,307.2374999994063,11
27,28,0 days 00:01:38.948000,HARD,10.0,1,2,369.3427777774923,11
28,29,0 days 00:01:38.957000,HARD,11.0,1,2,428.5477777775377,11
29,30,0 days 00:01:39.551000,HARD,12.0,1,2,474.7080555554712,11
30,31,0 days 00:01:39.323000,HARD,13.0,1,2,528.7216666673485,63
31,32,0 days 00:01:39.307000,HARD,14.0,1,2,569.3419444448664,63
32,33,0 days 00:01:39.313000,HARD,15.0,1,2,628.0950000003504,63
33,34,0 days 00:01:39.742000,HARD,16.0,1,2,669.2544444446976,63
34,35,0 days 00:01:39.887000,HARD,17.0,1,2,786.1422222226684,63
35,36,0 days 00:01:39.674000,HARD,18.0,1,2,837.3577777778264,11
36,37,0 days 00:01:39.555000,HARD,19.0,1,2,855.999999999709,11
37,38,0 days 00:01:39.958000,HARD,20.0,2,2,904.5436111111776,11
38,39,0 days 00:01:39.306000,HARD,21.0,1,2,944.3783333335014,11
39,40,0 days 00:01:38.950000,HARD,22.0,1,2,941.4605555559683,11
40,41,0 days 00:01:38.752000,HARD,23.0,1,2,961.671111111762,11
41,42,0 days 00:01:38.917000,HARD,24.0,1,2,893.3105555563816,11
42,43,0 days 00:01:38.851000,HARD,25.0,1,2,20.005555556039326,55
43,44,0 days 00:01:38.774000,HARD,26.0,1,2,846.7658333338331,11
44,45,0 days 00:01:38.715000,HARD,27.0,1,2,845.9219444449118,11
45,46,0 days 00:01:38.289000,HARD,28.0,1,2,858.0547222228488,11
46,47,0 days 00:01:39.492000,HARD,29.0,1,2,865.1691666672705,11
47,48,0 days 00:01:38.931000,HARD,30.0,1,2,281.5700000002398,55
48,49,0 days 00:01:52.086000,HARD,31.0,26,2,490.13777777779615,55
49,50,0 days 00:01:59.741000,HARD,32.0,67,2,650.5383333335049,55
50,51,0 days 00:01:38.370000,HARD,33.0,1,2,685.1097222220851,55
51,52,0 days 00:01:38.636000,HARD,34.0,1,2,869.15888888872,55
52,53,0 days 00:01:38.160000,HARD,35.0,1,2,911.256666666246,11
0,1,,MEDIUM,1.0,2,1,,
1,2,0 days 00:01:40.479000,MEDIUM,2.0,1,1,27.793611111111204,63
2,3,0 days 00:01:40.356000,MEDIUM,3.0,1,1,77.65666666667494,63
3,4,0 days 00:01:40.078000,MEDIUM,4.0,1,1,120.55249999999432,14
4,5,0 days 00:01:40.050000,MEDIUM,5.0,1,1,192.18444444446868,14
5,6,0 days 00:01:40.496000,MEDIUM,6.0,1,1,158.14861111108985,14
6,7,0 days 00:01:40.400000,MEDIUM,7.0,1,1,189.13194444440887,14
7,8,0 days 00:01:40.212000,MEDIUM,8.0,1,1,205.7494444443655,14
8,9,0 days 00:01:40.026000,MEDIUM,9.0,1,1,219.40916666666453,14
9,10,0 days 00:01:40.143000,MEDIUM,10.0,1,1,231.23722222215292,14
10,11,0 days 00:01:40.488000,MEDIUM,11.0,1,1,252.63944444437948,14
11,12,0 days 00:01:40.035000,MEDIUM,12.0,1,1,269.05666666663456,14
12,13,0 days 00:01:40.267000,MEDIUM,13.0,1,1,260.9858333333832,14
13,14,0 days 00:01:40.369000,MEDIUM,14.0,1,1,279.7869444444659,14
14,15,0 days 00:01:40.144000,MEDIUM,15.0,1,1,301.75833333322953,14
15,16,0 days 00:01:40.411000,MEDIUM,16.0,1,1,339.0874999998923,14
16,17,0 days 00:01:41.207000,MEDIUM,17.0,1,1,357.5458333331917,14
17,18,0 days 00:02:13.216000,MEDIUM,18.0,24,1,426.0305555555824,14
18,19,0 days 00:02:26.803000,HARD,1.0,4,2,260.05444444440946,14
19,20,0 days 00:02:24.189000,HARD,2.0,4,2,263.7036111109628,14
20,21,0 days 00:01:40.661000,HARD,3.0,1,2,9.70027777805808,10
21,22,0 days 00:01:39.708000,HARD,4.0,2,2,197.06805555567553,14
22,23,0 days 00:01:39.750000,HARD,5.0,1,2,132.14722222238197,14
23,24,0 days 00:01:39.560000,HARD,6.0,1,2,134.80638888911926,14
24,25,0 days 00:01:39.618000,HARD,7.0,1,2,157.1616666666523,14
25,26,0 days 00:01:39.354000,HARD,8.0,1,2,191.74583333340706,14
26,27,0 days 00:01:39.082000,HARD,9.0,1,2,168.17277777765412,14
27,28,0 days 00:01:38.985000,HARD,10.0,1,2,152.86861111072358,14
28,29,0 days 00:01:39.536000,HARD,11.0,1,2,166.01444444412482,14
29,30,0 days 00:01:39.489000,HARD,12.0,1,2,216.1133333328471,14
30,31,0 days 00:01:39.695000,HARD,13.0,1,2,216.70388888806337,14
31,32,0 days 00:01:39.519000,HARD,14.0,1,2,246.6938888882869,14
32,33,0 days 00:01:39.636000,HARD,15.0,1,2,257.18222222165787,14
33,34,0 days 00:01:40.323000,HARD,16.0,1,2,303.4630555546901,14
34,35,0 days 00:01:39.814000,HARD,17.0,1,2,345.6533333323896,14
35,36,0 days 00:01:39.597000,HARD,18.0,1,2,329.67499999928987,14
36,37,0 days 00:01:39.493000,HARD,19.0,1,2,313.6480555549788,14
37,38,0 days 00:01:39.470000,HARD,20.0,2,2,299.119999999064,14
38,39,0 days 00:01:39.409000,HARD,21.0,1,2,252.89888888792484,14
39,40,0 days 00:01:39.131000,HARD,22.0,1,2,257.3488888879656,14
40,41,0 days 00:01:39.125000,HARD,23.0,1,2,263.8311111101939,14
41,42,0 days 00:01:39.389000,HARD,24.0,1,2,304.8591666655266,14
42,43,0 days 00:01:39.037000,HARD,25.0,1,2,145.34444444376277,55
43,44,0 days 00:01:39.296000,HARD,26.0,1,2,357.47333333228016,14
44,45,0 days 00:01:39.897000,HARD,27.0,1,2,14.91444444359513,55
45,46,0 days 00:01:39.321000,HARD,28.0,1,2,300.65083333232906,55
46,47,0 days 00:01:39.161000,HARD,29.0,1,2,525.6694444432505,14
47,48,0 days 00:01:39.038000,HARD,30.0,1,2,506.80888888798654,14
48,49,0 days 00:01:55.189000,HARD,31.0,26,2,501.14083333237795,14
49,50,0 days 00:01:55.830000,HARD,32.0,67,2,505.75499999849126,14
50,51,0 days 00:01:39.475000,HARD,33.0,1,2,459.0708333319635,14
51,52,0 days 00:01:39.509000,HARD,34.0,1,2,500.66333333210787,14
52,53,0 days 00:01:40.132000,HARD,35.0,1,2,560.2361111102509,14
0,1,,MEDIUM,1.0,2,1,,
1,2,0 days 00:01:40.899000,MEDIUM,2.0,1,1,121.87138888888057,3
2,3,0 days 00:01:40.621000,MEDIUM,3.0,1,1,125.9122222222104,3
3,4,0 days 00:01:39.948000,MEDIUM,4.0,1,1,129.11944444440087,3
4,5,0 days 00:01:40.066000,MEDIUM,5.0,1,1,102.49833333327479,3
5,6,0 days 00:01:40.285000,MEDIUM,6.0,1,1,95.46527777773736,3
6,7,0 days 00:01:40.327000,MEDIUM,7.0,1,1,94.83499999988271,3
7,8,0 days 00:01:40.502000,MEDIUM,8.0,1,1,261.6811111111165,4
8,9,0 days 00:01:40.671000,MEDIUM,9.0,1,1,274.7188888889359,4
9,10,0 days 00:01:40.327000,MEDIUM,10.0,1,1,334.72500000009313,4
10,11,0 days 00:01:40.641000,MEDIUM,11.0,1,1,354.6247222223392,4
11,12,0 days 00:01:40.318000,MEDIUM,12.0,1,1,351.7508333333826,4
12,13,0 days 00:01:40.528000,MEDIUM,13.0,1,1,385.93305555559346,4
13,14,0 days 00:01:40.746000,MEDIUM,14.0,1,1,395.6222222222859,4
14,15,0 days 00:01:40.252000,MEDIUM,15.0,1,1,416.2027777776675,4
15,16,0 days 00:01:40.608000,MEDIUM,16.0,1,1,424.1702777776227,4
16,17,0 days 00:01:40.527000,MEDIUM,17.0,1,1,63.59722222217533,1
17,18,0 days 00:02:21.240000,MEDIUM,18.0,24,1,224.1769444442907,1
18,19,0 days 00:02:19.208000,HARD,1.0,4,2,76.28583333283314,3
19,20,0 days 00:02:20.902000,HARD,2.0,4,2,191.66194444411667,55
20,21,0 days 00:01:40.602000,HARD,3.0,1,2,60.73749999946449,3
21,22,0 days 00:01:40.339000,HARD,4.0,2,2,54.59527777734911,3
22,23,0 days 00:01:39.788000,HARD,5.0,1,2,42.896666666842066,10
23,24,0 days 00:01:39.619000,HARD,6.0,1,2,5.9819444446475245,10
24,25,0 days 00:01:39.662000,HARD,7.0,1,2,90.01444444389199,3
25,26,0 days 00:01:39.689000,HARD,8.0,1,2,2.843055555742467,10
26,27,0 days 00:01:39.271000,HARD,9.0,1,2,112.77861111072707,3
27,28,0 days 00:01:39.361000,HARD,10.0,1,2,118.44944444444263,3
28,29,0 days 00:01:39.532000,HARD,11.0,1,2,93.78222222207114,3
29,30,0 days 00:01:39.587000,HARD,12.0,1,2,78.34055555527448,3
30,31,0 days 00:01:39.801000,HARD,13.0,1,2,80.30249999996158,3
31,32,0 days 00:01:39.551000,HARD,14.0,1,2,94.73222222196637,3
32,33,0 days 00:01:39.636000,HARD,15.0,1,2,127.00861111088307,3
33,34,0 days 00:01:39.374000,HARD,16.0,1,2,96.18916666641599,3
34,35,0 days 00:01:40.255000,HARD,17.0,1,2,74.23777777768555,3
35,36,0 days 00:01:39.914000,HARD,18.0,1,2,79.07444444450084,3
36,37,0 days 00:01:39.773000,HARD,19.0,1,2,101.1088888887316,3
37,38,0 days 00:01:39.822000,HARD,20.0,2,2,103.29111111076782,3
38,39,0 days 00:01:39.725000,HARD,21.0,1,2,113.70638888844405,3
39,40,0 days 00:01:39.580000,HARD,22.0,1,2,126.80805555495317,3
40,41,0 days 00:01:39.777000,HARD,23.0,1,2,145.42277777736308,3
41,42,0 days 00:01:39.760000,HARD,24.0,1,2,137.87777777729207,3
42,43,0 days 00:01:39.992000,HARD,25.0,1,2,154.16194444370922,3
43,44,0 days 00:01:39.711000,HARD,26.0,1,2,195.31361111041042,3
44,45,0 days 00:01:40.077000,HARD,27.0,1,2,163.980555554881,3
45,46,0 days 00:01:39.428000,HARD,28.0,1,2,67.50555555464234,3
46,47,0 days 00:01:38.962000,HARD,29.0,1,2,26.141111110628117,3
47,48,0 days 00:01:39.063000,HARD,30.0,1,2,591.1916666662437,4
48,49,0 days 00:01:57.115000,HARD,31.0,267,2,594.4830555555527,4
49,50,0 days 00:01:54.785000,HARD,32.0,7,2,612.5802777787321,4
50,51,0 days 00:01:38.801000,HARD,33.0,1,2,638.6580555568216,4
51,52,0 days 00:01:38.797000,HARD,34.0,1,2,599.4377777794143,4
52,53,0 days 00:01:38.684000,HARD,35.0,1,2,12.977500000502914,10
0,1,,MEDIUM,1.0,2,1,,
1,2,0 days 00:01:40.948000,MEDIUM,2.0,1,1,44.46388888889214,4
2,3,0 days 00:01:40.796000,MEDIUM,3.0,1,1,90.44333333331997,4
3,4,0 days 00:01:40.293000,MEDIUM,4.0,1,1,119.92833333334056,4
4,5,0 days 00:01:40.235000,MEDIUM,5.0,1,1,149.0066666666644,4
5,6,0 days 00:01:40.360000,MEDIUM,6.0,1,1,168.595000000023,4
6,7,0 days 00:01:41.733000,MEDIUM,7.0,1,1,164.05833333344344,4
7,8,0 days 00:01:40.842000,MEDIUM,8.0,1,1,21.254444444530236,31
8,9,0 days 00:01:40.415000,MEDIUM,9.0,1,1,65.36166666671488,31
9,10,0 days 00:01:40.627000,MEDIUM,10.0,1,1,42.478055555708124,31
10,11,0 days 00:01:40.771000,MEDIUM,11.0,1,1,75.27027777787589,31
11,12,0 days 00:01:40.474000,MEDIUM,12.0,1,1,88.58944444452209,31
12,13,0 days 00:01:40.786000,MEDIUM,13.0,1,1,87.1772222222935,31
13,14,0 days 00:01:40.905000,MEDIUM,14.0,1,1,15.645555555616738,55
14,15,0 days 00:01:40.456000,MEDIUM,15.0,1,1,41.843888888834044,55
15,16,0 days 00:01:40.747000,MEDIUM,16.0,1,1,67.05527777789393,55
16,17,0 days 00:01:41.543000,MEDIUM,17.0,1,1,102.94166666689853,55
17,18,0 days 00:02:14.243000,MEDIUM,18.0,24,1,225.07805555585946,55
18,19,0 days 00:02:19.588000,HARD,1.0,4,2,46.38972222250595,10
19,20,0 days 00:02:23.386000,HARD,2.0,4,2,83.11083333348506,4
20,21,0 days 00:01:40.922000,HARD,3.0,1,2,37.70250000015949,4
21,22,0 days 00:01:39.796000,HARD,4.0,2,2,55.480555556103354,10
22,23,0 days 00:01:39.815000,HARD,5.0,1,2,73.29472222228651,4
23,24,0 days 00:01:39.694000,HARD,6.0,1,2,84.07611111138249,4
24,25,0 days 00:01:39.427000,HARD,7.0,1,2,94.49250000010943,4
25,26,0 days 00:01:39.506000,HARD,8.0,1,2,82.2483333334676,4
26,27,0 days 00:01:39.133000,HARD,9.0,1,2,104.49500000025728,4
27,28,0 days 00:01:39.462000,HARD,10.0,1,2,112.50555555577739,4
28,29,0 days 00:01:39.791000,HARD,11.0,1,2,152.25277777778683,4
29,30,0 days 00:01:39.724000,HARD,12.0,1,2,158.14638888888294,4
30,31,0 days 00:01:39.675000,HARD,13.0,1,2,166.97861111079692,4
31,32,0 days 00:01:39.368000,HARD,14.0,1,2,154.55805555562256,4
32,33,0 days 00:01:39.943000,HARD,15.0,1,2,132.89166666657547,4
33,34,0 days 00:01:39.863000,HARD,16.0,1,2,164.2305555556377,4
34,35,0 days 00:01:40.270000,HARD,17.0,1,2,115.65861111116828,4
35,36,0 days 00:01:39.806000,HARD,18.0,1,2,169.07888888879097,4
36,37,0 days 00:01:39.808000,HARD,19.0,1,2,191.51027777788113,4
37,38,0 days 00:01:39.767000,HARD,20.0,2,2,225.8644444446836,4
38,39,0 days 00:01:39.675000,HARD,21.0,1,2,240.40000000034343,4
39,40,0 days 00:01:39.584000,HARD,22.0,1,2,271.1577777779603,4
40,41,0 days 00:01:39.928000,HARD,23.0,1,2,315.23305555575644,4
41,43,0 days 00:01:39.708000,HARD,25.0,1,2,224.12388888851274,55
42,44,0 days 00:01:40.312000,HARD,26.0,1,2,178.1999999997788,55
43,45,0 days 00:01:41.069000,HARD,27.0,1,2,452.3955555560533,4
44,46,0 days 00:01:39.739000,HARD,28.0,1,2,529.7913888897165,4
45,47,0 days 00:01:39.339000,HARD,29.0,1,2,539.7230555564165,4
46,48,0 days 00:01:39.389000,HARD,30.0,1,2,6.902222223288845,31
47,49,0 days 00:01:58.346000,HARD,31.0,267,2,33.31027777836425,31
48,50,0 days 00:01:53.693000,HARD,32.0,7,2,73.57333333382849,31
49,51,0 days 00:01:39.363000,HARD,33.0,1,2,70.65083333273651,31
50,52,0 days 00:01:39.207000,HARD,34.0,1,2,0.5927777772303671,10
51,53,0 days 00:01:39.290000,HARD,35.0,1,2,29.408333333325572,10
0,1,,MEDIUM,3.0,2,1,,
1,2,0 days 00:01:40.753000,MEDIUM,4.0,1,1,35.527500000000146,31
2,3,0 days 00:01:40.451000,MEDIUM,5.0,1,1,27.059722222233177,31
3,4,0 days 00:01:40.102000,MEDIUM,6.0,1,1,8.120000000028085,31
4,5,0 days 00:01:40.139000,MEDIUM,7.0,1,1,26.676111111144564,31
5,6,0 days 00:01:40.430000,MEDIUM,8.0,1,1,19.20027777778887,31
6,7,0 days 00:01:40.753000,MEDIUM,9.0,1,1,26.854722222262353,31
7,8,0 days 00:01:40.691000,MEDIUM,10.0,1,1,41.962777777756855,3
8,9,0 days 00:01:40.599000,MEDIUM,11.0,1,1,21.424166666605743,3
9,10,0 days 00:01:40.772000,MEDIUM,12.0,1,1,9.369444444550027,55
10,11,0 days 00:01:40.739000,MEDIUM,13.0,1,1,12.833611111149366,55
11,12,0 days 00:01:40.789000,MEDIUM,14.0,1,1,21.361944444463006,55
12,13,0 days 00:01:42.019000,MEDIUM,15.0,1,1,74.00583333332906,55
13,14,0 days 00:01:40.823000,MEDIUM,16.0,1,1,192.19722222229757,3
14,15,0 days 00:01:40.593000,MEDIUM,17.0,1,1,203.29777777788695,3
15,16,0 days 00:01:40.675000,MEDIUM,18.0,1,1,218.1997222222417,3
16,17,0 days 00:01:40.736000,MEDIUM,19.0,1,1,203.36027777763957,3
17,18,0 days 00:02:18.213000,MEDIUM,20.0,24,1,130.3566666664119,3
18,19,0 days 00:02:18.541000,HARD,2.0,4,2,5.890277778002201,31
19,20,0 days 00:02:20.153000,HARD,3.0,4,2,74.33527777790732,31
20,21,0 days 00:01:41.049000,HARD,4.0,1,2,39.31388888931542,31
21,22,0 days 00:01:40.435000,HARD,5.0,2,2,78.37833333374874,31
22,23,0 days 00:01:39.849000,HARD,6.0,1,2,85.69361111149192,31
23,24,0 days 00:01:39.759000,HARD,7.0,1,2,84.22833333400195,10
24,25,0 days 00:01:39.738000,HARD,8.0,1,2,68.83888888961519,10
25,26,0 days 00:01:39.647000,HARD,9.0,1,2,69.10361111120437,10
26,27,0 days 00:01:39.705000,HARD,10.0,1,2,46.65944444446359,10
27,28,0 days 00:01:39.511000,HARD,11.0,1,2,35.490000000048894,10
28,29,0 days 00:01:39.524000,HARD,12.0,1,2,122.94277777741081,31
29,30,0 days 00:01:39.770000,HARD,13.0,1,2,123.3508333330683,31
30,31,0 days 00:01:40.177000,HARD,14.0,1,2,132.9777777774434,31
31,32,0 days 00:01:39.695000,HARD,15.0,1,2,173.80111111071892,31
32,33,0 days 00:01:39.796000,HARD,16.0,1,2,181.07499999931315,31
33,34,0 days 00:01:39.905000,HARD,17.0,1,2,190.1599999993632,31
34,35,0 days 00:01:40.215000,HARD,18.0,1,2,235.02138888798072,31
35,36,0 days 00:01:39.978000,HARD,19.0,1,2,216.1627777768008,31
36,37,0 days 00:01:39.947000,HARD,20.0,1,2,218.2955555547669,31
37,38,0 days 00:01:40.066000,HARD,21.0,2,2,217.95777777713374,31
38,39,0 days 00:01:39.739000,HARD,22.0,1,2,235.433055555186,31
39,40,0 days 00:01:39.556000,HARD,23.0,1,2,222.1116666663729,31
40,41,0 days 00:01:39.449000,HARD,24.0,1,2,215.575555555115,31
41,42,0 days 00:01:39.375000,HARD,25.0,1,2,184.67138888846966,31
42,43,0 days 00:01:39.440000,HARD,26.0,1,2,134.3694444441353,31
43,44,0 days 00:01:39.566000,HARD,27.0,1,2,70.11499999926309,31
44,45,0 days 00:01:39.766000,HARD,28.0,1,2,48.05972222125274,31
45,46,0 days 00:01:39.358000,HARD,29.0,1,2,6.517499998910353,31
46,47,0 days 00:01:39.285000,HARD,30.0,1,2,11.911666665284429,31
47,48,0 days 00:01:39.467000,HARD,31.0,1,2,38.13499999855412,3
48,49,0 days 00:01:58.265000,HARD,32.0,267,2,51.468055554141756,3
49,50,0 days 00:01:53.791000,HARD,33.0,7,2,12.669166665407829,3
50,51,0 days 00:01:39.411000,HARD,34.0,1,2,41.271111110865604,3
51,52,0 days 00:01:39.185000,HARD,35.0,1,2,15.189999999129213,10
52,53,0 days 00:01:40.605000,HARD,36.0,1,2,55.242777776904404,3
0,1,,MEDIUM,3.0,2,1,,
1,2,0 days 00:01:41.161000,MEDIUM,4.0,1,1,1.8058333333319752,20
2,3,0 days 00:01:40.340000,MEDIUM,5.0,1,1,12.600833333326591,20
3,4,0 days 00:01:40.078000,MEDIUM,6.0,1,1,33.28583333334609,20
4,5,0 days 00:01:40.216000,MEDIUM,7.0,1,1,32.091944444488036,20
5,6,0 days 00:01:40.344000,MEDIUM,8.0,1,1,13.243333333408373,20
6,7,0 days 00:01:40.710000,MEDIUM,9.0,1,1,2.032777777843876,20
7,8,0 days 00:01:40.834000,MEDIUM,10.0,1,1,86.23166666666657,18
8,9,0 days 00:01:40.562000,MEDIUM,11.0,1,1,70.36222222232755,55
9,10,0 days 00:01:40.724000,MEDIUM,12.0,1,1,88.49000000000524,18
10,11,0 days 00:01:40.883000,MEDIUM,13.0,1,1,89.75166666667064,18
11,12,0 days 00:01:41.964000,MEDIUM,14.0,1,1,92.62888888888847,18
12,13,0 days 00:01:41.066000,MEDIUM,15.0,1,1,181.78861111107108,18
13,14,0 days 00:01:41.077000,MEDIUM,16.0,1,1,101.35194444420631,18
14,15,0 days 00:01:40.752000,MEDIUM,17.0,1,1,116.22305555547064,18
15,16,0 days 00:01:40.726000,MEDIUM,18.0,1,1,131.05388888886955,18
16,17,0 days 00:01:40.875000,MEDIUM,19.0,1,1,139.8602777779306,18
17,18,0 days 00:01:59.460000,MEDIUM,20.0,24,1,155.90000000009604,18
18,19,,MEDIUM,21.0,4,1,54.80055555551371,14
19,20,0 days 00:02:16.561000,HARD,2.0,4,2,20.752222222232376,23
20,21,0 days 00:01:40.675000,HARD,3.0,1,2,1.8130555555108003,23
21,22,0 days 00:01:41.011000,HARD,4.0,2,2,130.86888888885733,18
22,23,0 days 00:01:40.563000,HARD,5.0,1,2,178.0088888889004,18
23,24,0 days 00:01:40.060000,HARD,6.0,1,2,252.38861111103324,18
24,25,0 days 00:01:39.748000,HARD,7.0,1,2,17.535833333153278,20
25,26,0 days 00:01:39.736000,HARD,8.0,1,2,10.614722222322598,20
26,27,0 days 00:01:39.910000,HARD,9.0,1,2,3.3830555556633044,20
27,28,0 days 00:01:39.586000,HARD,10.0,1,2,18.102777777647134,20
28,29,0 days 00:01:39.594000,HARD,11.0,1,2,95.74694444410852,10
29,30,0 days 00:01:39.718000,HARD,12.0,1,2,93.83777777769137,10
30,31,0 days 00:01:39.876000,HARD,13.0,1,2,73.15805555545376,10
31,32,0 days 00:01:39.767000,HARD,14.0,1,2,61.10277777770534,10
32,33,0 days 00:01:39.822000,HARD,15.0,1,2,73.98222222214099,10
33,34,0 days 00:01:39.788000,HARD,16.0,1,2,81.05999999985215,10
34,35,0 days 00:01:40.025000,HARD,17.0,1,2,65.24444444439723,10
35,36,0 days 00:01:39.917000,HARD,18.0,1,2,52.598333333444316,10
36,37,0 days 00:01:39.869000,HARD,19.0,1,2,53.66249999991851,10
37,38,0 days 00:01:40.554000,HARD,20.0,2,2,108.05027777742362,10
38,39,0 days 00:01:39.392000,HARD,21.0,1,2,231.80333333308226,10
39,40,0 days 00:01:39.507000,HARD,22.0,1,2,232.81444444385124,10
40,41,0 days 00:01:39.415000,HARD,23.0,1,2,222.28111111032194,10
41,42,0 days 00:01:39.124000,HARD,24.0,1,2,199.59194444381865,10
42,43,0 days 00:01:39.044000,HARD,25.0,1,2,139.98499999946216,10
43,44,0 days 00:01:39.259000,HARD,26.0,1,2,99.40583333279938,10
44,45,0 days 00:01:39.260000,HARD,27.0,1,2,95.06694444373716,10
45,46,0 days 00:01:39.239000,HARD,28.0,1,2,97.24222222183016,10
46,47,0 days 00:01:39.157000,HARD,29.0,1,2,81.9697222217801,10
47,48,0 days 00:01:39.083000,HARD,30.0,1,2,69.66194444341818,10
48,49,0 days 00:01:58.515000,HARD,31.0,267,2,85.3463888883125,10
49,50,0 days 00:01:53.434000,HARD,32.0,7,2,166.22333333163988,10
50,51,0 days 00:01:39.437000,HARD,33.0,1,2,193.52583333128132,10
51,52,0 days 00:01:39.218000,HARD,34.0,1,2,251.17777777608717,18
52,53,0 days 00:01:41.872000,HARD,35.0,1,2,271.93666666484205,18
0,1,,HARD,1.0,2,1,,
1,2,0 days 00:01:42.174000,HARD,2.0,1,1,56.814722222217824,23
2,3,0 days 00:01:41.845000,HARD,3.0,1,1,55.85027777776122,55
3,4,0 days 00:01:40.767000,HARD,4.0,1,1,188.72777777777083,23
4,5,0 days 00:01:40.789000,HARD,5.0,1,1,162.39694444444467,47
5,6,0 days 00:01:40.801000,HARD,6.0,1,1,109.63027777771276,23
6,7,0 days 00:01:41.080000,HARD,7.0,1,1,124.33555555547355,23
7,8,0 days 00:01:40.618000,HARD,8.0,1,1,124.99527777775074,23
8,9,0 days 00:01:40.730000,HARD,9.0,1,1,117.1502777777132,23
9,10,0 days 00:01:41.208000,HARD,10.0,1,1,137.26722222220997,23
10,11,0 days 00:01:41.047000,HARD,11.0,1,1,150.09083333327726,23
11,12,0 days 00:01:40.820000,HARD,12.0,1,1,139.0013888888716,23
12,13,0 days 00:01:41.156000,HARD,13.0,1,1,115.23055555557949,23
13,14,0 days 00:01:41.254000,HARD,14.0,1,1,95.99277777751558,23
14,15,0 days 00:01:40.823000,HARD,15.0,1,1,81.98472222191049,23
15,16,0 days 00:01:40.825000,HARD,16.0,1,1,54.62555555510335,23
16,17,0 days 00:01:40.799000,HARD,17.0,1,1,25.916111110767815,23
17,18,0 days 00:02:15.607000,HARD,18.0,24,1,229.2352777775668,5
18,19,0 days 00:02:21.175000,MEDIUM,1.0,4,2,93.21472222196462,3
19,20,0 days 00:02:13.091000,MEDIUM,2.0,4,2,234.59944444445136,18
20,21,0 days 00:01:40.786000,MEDIUM,3.0,1,2,5.40555555523315,4
21,22,0 days 00:01:41.251000,MEDIUM,4.0,2,2,18.63416666619014,4
22,23,0 days 00:01:40.304000,MEDIUM,5.0,1,2,73.4177777772129,3
23,24,0 days 00:01:39.951000,MEDIUM,6.0,1,2,6.391944444301771,31
24,25,0 days 00:01:39.719000,MEDIUM,7.0,1,2,17.70805555523839,31
25,26,0 days 00:01:39.877000,MEDIUM,8.0,1,2,13.699999999837019,31
26,27,0 days 00:01:39.801000,MEDIUM,9.0,1,2,34.73694444427383,31
27,28,0 days 00:01:42.426000,MEDIUM,10.0,1,2,82.86472222182783,31
28,29,0 days 00:01:39.806000,MEDIUM,11.0,1,2,206.4152777780546,18
29,30,0 days 00:01:40.050000,MEDIUM,12.0,1,2,222.31555555571686,18
30,31,0 days 00:01:40.149000,MEDIUM,13.0,1,2,219.28361111116828,18
31,32,0 days 00:01:39.989000,MEDIUM,14.0,1,2,224.04805555561325,18
32,33,0 days 00:01:40.157000,MEDIUM,15.0,1,2,222.3777777783107,18
33,34,0 days 00:01:40.181000,MEDIUM,16.0,1,2,215.5830555560242,18
34,35,0 days 00:01:40.289000,MEDIUM,17.0,1,2,238.0744444449083,18
35,36,0 days 00:01:40.173000,MEDIUM,18.0,1,2,231.70083333351067,18
36,37,0 days 00:01:39.425000,MEDIUM,19.0,1,2,246.55666666675825,18
37,38,0 days 00:01:39.234000,MEDIUM,20.0,2,2,202.55055555564468,18
38,39,0 days 00:01:39.446000,MEDIUM,21.0,1,2,158.7430555553874,18
39,40,0 days 00:01:39.573000,MEDIUM,22.0,1,2,132.36833333349205,18
40,41,0 days 00:01:39.663000,MEDIUM,23.0,1,2,121.20138888928341,18
41,42,0 days 00:01:40.041000,MEDIUM,24.0,1,2,131.89500000025146,18
42,43,0 days 00:01:39.558000,MEDIUM,25.0,1,2,163.50416666694218,18
43,44,0 days 00:01:39.541000,MEDIUM,26.0,1,2,153.5116666664835,31
44,45,0 days 00:01:39.586000,MEDIUM,27.0,1,2,108.72777777785086,31
45,46,0 days 00:01:39.561000,MEDIUM,28.0,1,2,98.5777777772746,31
46,47,0 days 00:01:39.981000,MEDIUM,29.0,1,2,110.1322222216404,31
47,48,0 days 00:01:39.117000,MEDIUM,30.0,1,2,158.7980555560789,31
48,49,0 days 00:01:58.696000,MEDIUM,31.0,267,2,135.77361111191567,18
49,50,0 days 00:01:51.920000,MEDIUM,32.0,7,2,64.26111111114733,31
50,51,0 days 00:01:38.833000,MEDIUM,33.0,1,2,45.24555555533152,31
51,52,0 days 00:01:38.941000,MEDIUM,34.0,1,2,4.804722222790588,3
52,53,0 days 00:01:38.786000,MEDIUM,35.0,1,2,26.569722221698612,31
0,1,,MEDIUM,1.0,2,1,,
1,2,0 days 00:01:42.001000,MEDIUM,2.0,1,1,14.44333333333634,47
2,3,0 days 00:01:40.395000,MEDIUM,3.0,1,1,55.84166666667261,47
3,4,0 days 00:01:40.423000,MEDIUM,4.0,1,1,25.98333333334449,47
4,5,0 days 00:01:41.576000,MEDIUM,5.0,1,1,85.81499999996959,55
5,6,0 days 00:01:40.279000,MEDIUM,6.0,1,1,67.51611111111924,47
6,7,0 days 00:01:40.884000,MEDIUM,7.0,1,1,82.91111111114878,47
7,8,0 days 00:01:40.379000,MEDIUM,8.0,1,1,54.36111111115315,47
8,9,0 days 00:01:40.265000,MEDIUM,9.0,1,1,34.110277777843294,47
9,10,0 days 00:01:40.865000,MEDIUM,10.0,1,1,280.10499999995955,5
10,11,0 days 00:01:41.072000,MEDIUM,11.0,1,1,280.3491666667105,5
11,12,0 days 00:01:40.702000,MEDIUM,12.0,1,1,306.36555555560335,5
12,13,0 days 00:01:41.235000,MEDIUM,13.0,1,1,195.81472222224693,5
13,14,0 days 00:01:41.371000,MEDIUM,14.0,1,1,218.87055555586994,5
14,15,0 days 00:01:40.944000,MEDIUM,15.0,1,1,242.86361111134465,5
15,16,0 days 00:01:41.056000,MEDIUM,16.0,1,1,264.168055555725,5
16,17,0 days 00:01:41.107000,MEDIUM,17.0,1,1,3.3933333336754004,10
17,18,0 days 00:02:16.977000,MEDIUM,18.0,24,1,34.59861111159262,10
18,19,0 days 00:02:19.154000,HARD,1.0,4,2,158.42722222230805,18
19,20,0 days 00:02:16.812000,HARD,2.0,4,2,16.044722222461132,6
20,21,0 days 00:01:40.853000,HARD,3.0,1,2,172.7161111112364,18
21,22,0 days 00:01:41.067000,HARD,4.0,2,2,45.5605555557122,5
22,23,0 days 00:01:40.350000,HARD,5.0,1,2,51.07138888935151,6
23,24,0 days 00:01:39.920000,HARD,6.0,1,2,41.28111111166072,20
24,25,0 days 00:01:39.779000,HARD,7.0,1,2,46.20194444511435,5
25,26,0 days 00:01:39.804000,HARD,8.0,1,2,54.7786111117166,5
26,27,0 days 00:01:39.819000,HARD,9.0,1,2,62.890000000654254,5
27,28,0 days 00:01:40.117000,HARD,10.0,1,2,47.79361111158505,5
28,29,0 days 00:01:39.762000,HARD,11.0,1,2,78.90277777807205,20
29,30,0 days 00:01:39.656000,HARD,12.0,1,2,86.21305555585423,20
30,31,0 days 00:01:39.839000,HARD,13.0,1,2,56.10027777781943,20
31,32,0 days 00:01:39.551000,HARD,14.0,1,2,27.069166666798992,20
32,33,0 days 00:01:40,HARD,15.0,1,2,24.947222222253913,20
33,34,0 days 00:01:39.729000,HARD,16.0,1,2,23.858888888789807,20
34,35,0 days 00:01:40.042000,HARD,17.0,1,2,8.808611111075152,20
35,36,0 days 00:01:40.095000,HARD,18.0,1,2,82.20722222232143,5
36,37,0 days 00:01:39.875000,HARD,19.0,1,2,101.15722222271143,5
37,38,0 days 00:01:40.713000,HARD,20.0,2,2,99.47888888954185,5
38,39,0 days 00:01:41.366000,HARD,21.0,1,2,118.13055555612664,5
39,40,0 days 00:01:40.090000,HARD,22.0,1,2,112.03722222047509,47
40,41,0 days 00:01:39.854000,HARD,23.0,1,2,133.70888888734044,47
41,42,0 days 00:01:39.853000,HARD,24.0,1,2,176.39694444317138,47
42,43,0 days 00:01:39.551000,HARD,25.0,1,2,195.23249999908148,47
43,44,0 days 00:01:39.638000,HARD,26.0,1,2,232.97666666572331,47
44,45,0 days 00:01:39.449000,HARD,27.0,1,2,264.0899999990943,47
45,46,0 days 00:01:39.857000,HARD,28.0,1,2,282.07249999887426,47
46,47,0 days 00:01:41.357000,HARD,29.0,1,2,312.6208333315444,47
47,48,0 days 00:01:39.495000,HARD,30.0,1,2,390.41361110901926,47
48,49,0 days 00:01:59.985000,HARD,31.0,267,2,407.54388888704125,47
49,50,0 days 00:01:50.932000,HARD,32.0,7,2,461.1644444417325,47
50,51,0 days 00:01:39.475000,HARD,33.0,1,2,462.36055555334315,47
51,52,0 days 00:01:39.306000,HARD,34.0,1,2,471.09138888691086,47
52,53,0 days 00:01:39.199000,HARD,35.0,1,2,454.67166666372214,47
0,1,,HARD,1.0,2,1,,
1,2,0 days 00:01:42.929000,HARD,2.0,1,1,4.554166666665878,55
2,3,0 days 00:01:41.529000,HARD,3.0,1,1,99.49861111112114,10
3,4,0 days 00:01:40.929000,HARD,4.0,1,1,73.2458333333525,10
4,5,0 days 00:01:40.601000,HARD,5.0,1,1,86.46888888891772,10
5,6,0 days 00:01:40.803000,HARD,6.0,1,1,76.30111111118458,10
6,7,0 days 00:01:41.332000,HARD,7.0,1,1,75.65583333343238,10
7,8,0 days 00:01:40.537000,HARD,8.0,1,1,106.60944444448978,10
8,9,0 days 00:01:40.952000,HARD,9.0,1,1,116.00805555561965,10
9,10,0 days 00:01:41.033000,HARD,10.0,1,1,144.82472222226352,10
10,11,0 days 00:01:41.085000,HARD,11.0,1,1,134.61805555564206,10
11,12,0 days 00:01:40.894000,HARD,12.0,1,1,144.15416666676174,10
12,13,0 days 00:01:41.512000,HARD,13.0,1,1,161.51222222234355,10
13,14,0 days 00:01:43.243000,HARD,14.0,1,1,198.64944444467255,10
14,15,0 days 00:01:41.408000,HARD,15.0,1,1,27.366111111390637,6
15,16,0 days 00:01:41.794000,HARD,16.0,1,1,76.04166666696256,6
16,17,0 days 00:01:41.699000,HARD,17.0,1,1,195.28138888928515,6
17,18,0 days 00:02:20.005000,HARD,18.0,24,1,273.82166666703415,6
18,19,0 days 00:02:17.767000,HARD,1.0,4,2,282.00611111141916,23
19,20,0 days 00:02:07.650000,HARD,2.0,4,2,85.96444444509689,6
20,21,0 days 00:01:40.735000,HARD,3.0,1,2,0.20250000075611752,6
21,22,0 days 00:01:40.867000,HARD,4.0,2,2,4.913333333999617,20
22,23,0 days 00:01:40.795000,HARD,5.0,1,2,21.403611111163627,23
23,24,0 days 00:01:39.883000,HARD,6.0,1,2,47.13000000064494,6
24,25,0 days 00:01:39.738000,HARD,7.0,1,2,47.27777777830488,6
25,26,0 days 00:01:39.784000,HARD,8.0,1,2,42.796944444824476,6
26,27,0 days 00:01:39.976000,HARD,9.0,1,2,58.74694444498164,6
27,28,0 days 00:01:39.682000,HARD,10.0,1,2,124.44111111116945,6
28,29,0 days 00:01:39.826000,HARD,11.0,1,2,139.02944444463355,6
29,30,0 days 00:01:39.953000,HARD,12.0,1,2,29.648055555095198,47
30,31,0 days 00:01:40.014000,HARD,13.0,1,2,73.37722222189768,47
31,32,0 days 00:01:39.723000,HARD,14.0,1,2,123.24333333270624,47
32,33,0 days 00:01:39.928000,HARD,15.0,1,2,162.33805555512663,47
33,34,0 days 00:01:39.913000,HARD,16.0,1,2,174.8211111104756,47
34,35,0 days 00:01:40.283000,HARD,17.0,1,2,210.89111111036618,47
35,36,0 days 00:02:00.346000,HARD,18.0,1,2,259.8813888882578,47
36,37,0 days 00:01:45.625000,MEDIUM,1.0,2,3,1574.6436111106013,47
37,38,0 days 00:01:38.219000,MEDIUM,2.0,1,3,1386.3291666670993,6
38,39,0 days 00:01:38.218000,MEDIUM,3.0,1,3,380.4372222228558,6
39,40,0 days 00:01:38.312000,MEDIUM,4.0,1,3,1630.8988888898166,23
40,41,0 days 00:01:38.254000,MEDIUM,5.0,1,3,1621.4536111121415,23
41,42,0 days 00:01:39.036000,MEDIUM,6.0,1,3,1583.9105555562128,23
42,43,0 days 00:01:38.631000,MEDIUM,7.0,1,3,1587.1541666667326,23
43,44,0 days 00:01:38.662000,MEDIUM,8.0,1,3,1578.5824999999604,23
44,45,0 days 00:01:38.466000,MEDIUM,9.0,1,3,1562.063888889068,23
45,46,0 days 00:01:38.682000,MEDIUM,10.0,1,3,1540.7308333338297,23
46,47,0 days 00:01:38.376000,MEDIUM,11.0,1,3,1442.0336111112847,23
47,48,0 days 00:01:38.524000,MEDIUM,12.0,2,3,1315.0036111119553,23
48,49,0 days 00:02:03.277000,MEDIUM,13.0,267,3,1258.0236111119739,23
49,50,0 days 00:01:46.728000,MEDIUM,14.0,7,3,1252.9044444457977,23
50,51,0 days 00:01:39.991000,MEDIUM,15.0,1,3,1223.701666668232,23
51,52,0 days 00:01:37.963000,MEDIUM,16.0,1,3,1264.460555557569,23
52,53,0 days 00:01:38.358000,MEDIUM,17.0,1,3,1218.9258333357866,23
0,1,,MEDIUM,1.0,2,1,,
1,2,0 days 00:01:41.579000,MEDIUM,2.0,1,1,51.23500000000695,5
2,3,0 days 00:01:40.774000,MEDIUM,3.0,1,1,79.26111111110367,5
3,4,0 days 00:01:41.312000,MEDIUM,4.0,1,1,27.631111111069913,55
4,5,0 days 00:01:40.644000,MEDIUM,5.0,1,1,31.906111111078644,23
5,6,0 days 00:01:40.224000,MEDIUM,6.0,1,1,156.58888888884394,55
6,7,0 days 00:01:41.206000,MEDIUM,7.0,1,1,187.1722222221797,55
7,8,0 days 00:01:40.519000,MEDIUM,8.0,1,1,278.9747222222795,20
8,9,0 days 00:02:00.834000,MEDIUM,9.0,1,1,259.79583333326445,5
9,10,0 days 00:01:48.551000,HARD,1.0,1,2,1001.234999999695,22
10,11,0 days 00:01:39.986000,HARD,2.0,1,2,325.08472222220007,20
11,12,0 days 00:01:39.941000,HARD,3.0,1,2,366.1099999999715,20
12,13,0 days 00:01:40.407000,HARD,4.0,1,2,382.9183333333931,20
13,14,0 days 00:01:40.695000,HARD,5.0,1,2,396.9711111112847,20
14,15,0 days 00:01:40.351000,HARD,6.0,1,2,427.1222222224169,20
15,16,0 days 00:01:40.979000,HARD,7.0,1,2,404.6927777780802,20
16,17,0 days 00:01:40.962000,HARD,8.0,1,2,430.3016666668118,20
17,18,0 days 00:02:26.111000,HARD,9.0,24,2,426.51527777801675,20
18,19,0 days 00:02:18.311000,HARD,1.0,4,3,278.00944444470224,20
19,20,0 days 00:01:47.304000,HARD,2.0,4,3,490.24166666713427,20
20,21,0 days 00:01:41.630000,HARD,3.0,1,3,11.414722222471028,24
21,22,0 days 00:01:49.668000,HARD,4.0,2,3,28.301944444945548,24
22,23,0 days 00:01:40.020000,HARD,5.0,1,3,503.1855555556831,77
23,24,0 days 00:01:40.509000,HARD,6.0,1,3,426.1416666666337,77
24,25,0 days 00:01:40.046000,HARD,7.0,1,3,413.1330555556924,77
25,26,0 days 00:01:40.177000,HARD,8.0,1,3,368.06305555600557,77
26,27,0 days 00:01:39.592000,HARD,9.0,1,3,342.76444444496883,77
27,28,0 days 00:01:39.430000,HARD,10.0,1,3,255.9497222226637,77
28,29,0 days 00:01:40.105000,HARD,11.0,1,3,181.60055555598228,77
29,30,0 days 00:01:39.900000,HARD,12.0,1,3,137.51472222269513,77
30,31,0 days 00:01:39.690000,HARD,13.0,1,3,93.72027777813491,77
31,32,0 days 00:01:39.671000,HARD,14.0,1,3,30.317777778342133,77
32,33,0 days 00:01:40.692000,HARD,15.0,1,3,309.1811111118004,6
33,34,0 days 00:01:39.887000,HARD,16.0,1,3,7.512222222896526,77
34,35,0 days 00:01:40.185000,HARD,17.0,1,3,290.19555555668194,6
35,36,0 days 00:01:39.918000,HARD,18.0,1,3,232.43361111183185,6
36,37,0 days 00:01:39.702000,HARD,19.0,1,3,184.37611111160368,6
37,38,0 days 00:01:41.154000,HARD,20.0,2,3,130.85055555670988,6
38,39,0 days 00:01:39.648000,HARD,21.0,1,3,219.44333333484246,23
39,40,0 days 00:01:39.800000,HARD,22.0,1,3,108.29944444607827,23
40,41,0 days 00:01:39.519000,HARD,23.0,1,3,73.49722222366836,23
41,42,0 days 00:01:39.663000,HARD,24.0,1,3,16.98472222336568,23
42,43,0 days 00:01:39.318000,HARD,25.0,1,3,418.01666666852543,5
43,44,0 days 00:01:39.404000,HARD,26.0,1,3,422.4663888908981,5
44,45,0 days 00:01:39.420000,HARD,27.0,1,3,399.898055557569,5
45,46,0 days 00:01:39.422000,HARD,28.0,1,3,382.83694444663706,5
46,47,0 days 00:01:39.327000,HARD,29.0,1,3,372.42055555823026,5
47,48,0 days 00:01:39.068000,HARD,30.0,2,3,362.2150000031106,5
48,49,0 days 00:02:03.921000,HARD,31.0,267,3,342.1677777802688,5
49,50,0 days 00:01:47.596000,HARD,32.0,7,3,327.9777777813142,5
50,51,0 days 00:01:40.135000,HARD,33.0,1,3,280.7047222254332,5
51,52,0 days 00:01:40.139000,HARD,34.0,1,3,293.65111111465376,5
52,53,0 days 00:01:40.031000,HARD,35.0,1,3,307.34611111553386,5
0,1,,MEDIUM,1.0,2,1,,
1,2,0 days 00:01:43.130000,MEDIUM,2.0,1,1,29.529999999999745,6
2,3,0 days 00:01:41.256000,MEDIUM,3.0,1,1,47.00916666667581,6
3,4,0 days 00:01:41.111000,MEDIUM,4.0,1,1,52.97472222222132,77
4,5,0 days 00:01:40.779000,MEDIUM,5.0,1,1,47.36138888890491,6
5,6,0 days 00:01:40.816000,MEDIUM,6.0,1,1,49.658055555566534,6
6,7,0 days 00:01:41.176000,MEDIUM,7.0,1,1,28.592777777826996,6
7,8,0 days 00:01:40.806000,MEDIUM,8.0,1,1,38.42750000001979,6
8,9,0 days 00:02:01.165000,MEDIUM,9.0,1,1,55.73666666670033,6
9,10,0 days 00:01:48.448000,HARD,1.0,1,2,80.54583333354822,20
10,11,0 days 00:01:40.822000,HARD,2.0,1,2,406.52000000022235,47
11,12,0 days 00:01:40.129000,HARD,3.0,1,2,90.01416666666046,22
12,13,0 days 00:01:40.408000,HARD,4.0,1,2,487.7219444446673,47
13,14,0 days 00:01:40.391000,HARD,5.0,1,2,490.5108333335811,47
14,15,0 days 00:01:40.232000,HARD,6.0,1,2,484.2013888889487,47
15,16,0 days 00:01:40.370000,HARD,7.0,1,2,473.4650000000838,47
16,17,0 days 00:01:40.327000,HARD,8.0,2,2,444.57250000021304,47
17,18,0 days 00:02:10.145000,HARD,9.0,24,2,414.6944444445253,47
18,19,0 days 00:02:12.365000,HARD,10.0,4,2,110.77305555540079,77
19,20,0 days 00:02:04.356000,HARD,11.0,4,2,100.86166666705685,6
20,21,0 days 00:01:40.864000,HARD,12.0,1,2,7.159722222597338,6
21,22,0 days 00:02:24.607000,HARD,13.0,2,2,6.912777777237352,77
22,23,0 days 00:01:48.747000,HARD,1.0,1,3,2037.9261111105588,47
23,24,0 days 00:01:39.750000,HARD,2.0,1,3,2692.2613888883207,47
24,25,0 days 00:01:39.368000,HARD,3.0,1,3,2655.5705555548193,47
25,26,0 days 00:01:39.449000,HARD,4.0,1,3,2617.3044444437255,47
26,27,0 days 00:01:39.833000,HARD,5.0,1,3,2578.1888888881367,47
27,28,0 days 00:01:39.483000,HARD,6.0,1,3,2604.3636111103697,47
28,29,0 days 00:01:39.369000,HARD,7.0,1,3,2604.2241666663613,77
29,30,0 days 00:01:39.988000,HARD,8.0,1,3,2520.1808333327936,77
30,31,0 days 00:01:39.868000,HARD,9.0,1,3,2491.475277777179,77
31,32,0 days 00:01:40.349000,HARD,10.0,1,3,2452.745833332796,77
32,33,0 days 00:01:39.877000,HARD,11.0,1,3,2454.9805555547064,77
33,34,0 days 00:01:40.229000,HARD,12.0,1,3,2415.481388888409,77
34,35,0 days 00:01:40.235000,HARD,13.0,1,3,2389.724999999773,77
35,36,0 days 00:01:40.366000,HARD,14.0,1,3,2378.8138888885733,77
36,37,0 days 00:01:42.069000,HARD,15.0,2,3,622.9733333332988,77
37,38,0 days 00:01:40.839000,HARD,16.0,1,3,804.6841666664695,77
38,39,0 days 00:01:40.223000,HARD,17.0,1,3,190.57694444537628,6
39,40,0 days 00:01:42.354000,HARD,18.0,1,3,191.01722222316312,6
40,41,0 days 00:01:45.418000,HARD,19.0,1,3,359.08861111217993,6
41,42,0 days 00:01:40.119000,HARD,20.0,1,3,1858.1577777783095,77
42,43,0 days 00:01:39.877000,HARD,21.0,1,3,1850.789722223155,77
43,44,0 days 00:01:41.794000,HARD,22.0,1,3,1835.1394444448815,77
44,45,0 days 00:01:40.046000,HARD,23.0,1,3,1937.5086111113487,77
45,46,0 days 00:01:40.027000,HARD,24.0,1,3,1976.218333333789,77
46,47,0 days 00:01:42.395000,HARD,25.0,1,3,2055.152222222183,77
0,1,,MEDIUM,1.0,2,1,,
1,2,0 days 00:01:42.934000,MEDIUM,2.0,1,1,21.84972222221859,77
2,3,0 days 00:01:41.281000,MEDIUM,3.0,1,1,22.178888888880465,77
3,4,0 days 00:01:41.089000,MEDIUM,4.0,1,1,72.5777777777912,10
4,5,0 days 00:01:40.706000,MEDIUM,5.0,1,1,23.914166666691017,77
5,6,0 days 00:01:40.983000,MEDIUM,6.0,1,1,43.93277777774347,77
6,7,0 days 00:01:41.028000,MEDIUM,7.0,1,1,70.18222222212353,77
7,8,0 days 00:01:40.612000,MEDIUM,8.0,1,1,51.05472222217213,77
8,9,0 days 00:01:40.936000,MEDIUM,9.0,1,1,66.45055555551517,77
9,10,0 days 00:01:41.188000,MEDIUM,10.0,1,1,69.17083333324263,77
10,11,0 days 00:01:41.054000,MEDIUM,11.0,1,1,100.84555555542465,77
11,12,0 days 00:01:40.856000,MEDIUM,12.0,1,1,99.1294444442683,77
12,13,0 days 00:01:41.145000,MEDIUM,13.0,1,1,110.72444444424764,77
13,14,0 days 00:01:41.857000,MEDIUM,14.0,1,1,81.18194444429537,77
14,15,0 days 00:01:41.032000,MEDIUM,15.0,1,1,344.2044444445637,10
15,16,0 days 00:01:40.754000,MEDIUM,16.0,1,1,339.5522222219879,23
16,17,0 days 00:01:41.068000,MEDIUM,17.0,1,1,318.73999999972875,23
17,18,0 days 00:02:01.742000,MEDIUM,18.0,24,1,312.50083333300427,23
18,19,,MEDIUM,19.0,4,1,10.465833333189948,4
19,20,0 days 00:02:12.900000,HARD,1.0,4,2,38.958888888635556,5
20,21,0 days 00:01:40.946000,HARD,2.0,1,2,0.27527777703653555,77
21,22,0 days 00:01:40.616000,HARD,3.0,2,2,15.371944444050314,23
22,23,0 days 00:01:41.341000,HARD,4.0,1,2,4.748055555464816,20
23,24,0 days 00:01:40.347000,HARD,5.0,1,2,31.0949999995064,23
24,25,0 days 00:01:40.336000,HARD,6.0,1,2,66.65583333288669,23
25,26,0 days 00:01:39.850000,HARD,7.0,1,2,97.72972222181852,23
26,27,0 days 00:01:39.820000,HARD,8.0,1,2,87.20194444406661,23
27,28,0 days 00:01:39.909000,HARD,9.0,1,2,85.59027777813026,23
28,29,0 days 00:01:39.904000,HARD,10.0,1,2,53.28638888936257,23
29,30,0 days 00:01:39.725000,HARD,11.0,1,2,47.200833333830815,23
30,31,0 days 00:01:40.163000,HARD,12.0,1,2,38.35027777869254,23
31,32,0 days 00:01:39.923000,HARD,13.0,1,2,59.938055556616746,23
32,33,0 days 00:01:40.008000,HARD,14.0,1,2,65.62666666795849,23
33,34,0 days 00:01:40.148000,HARD,15.0,1,2,54.09305555667379,23
34,35,0 days 00:01:40.502000,HARD,16.0,1,2,89.66416666749865,23
35,36,0 days 00:01:40.768000,HARD,17.0,1,2,115.96555555655505,23
36,37,0 days 00:01:40.621000,HARD,18.0,1,2,70.04222222347744,20
37,38,0 days 00:02:20.387000,HARD,19.0,2,2,53.55916666757548,20
38,39,0 days 00:01:47.723000,MEDIUM,1.0,1,3,613.8086111104349,77
39,40,0 days 00:01:39.650000,MEDIUM,2.0,1,3,915.7755555550102,77
40,41,,MEDIUM,3.0,1,3,967.1402777771582,77
0,1,,MEDIUM,1.0,2,1,,
1,2,0 days 00:01:41.110000,MEDIUM,2.0,1,1,62.732222222221026,18
2,3,0 days 00:01:40.010000,MEDIUM,3.0,1,1,92.47666666666919,18
3,4,0 days 00:01:40.145000,MEDIUM,4.0,1,1,48.645277777777665,18
4,5,0 days 00:01:40.336000,MEDIUM,5.0,1,1,54.690555555520405,18
5,6,0 days 00:01:40.326000,MEDIUM,6.0,1,1,86.32249999996566,18
6,7,0 days 00:01:40.799000,MEDIUM,7.0,1,1,91.97694444439549,18
7,8,0 days 00:02:01.961000,MEDIUM,8.0,1,1,10.023333333272603,55
8,9,0 days 00:01:47.360000,HARD,1.0,1,2,902.9883333330872,22
9,10,0 days 00:01:40.029000,HARD,2.0,1,2,30.446111111101345,47
10,11,0 days 00:01:39.265000,HARD,3.0,1,2,1124.0136111108368,22
11,12,0 days 00:01:39.581000,HARD,4.0,1,2,1136.302222222097,6
12,13,0 days 00:01:39.978000,HARD,5.0,1,2,1054.180833333201,6
13,14,0 days 00:01:40.156000,HARD,6.0,1,2,951.5374999997293,6
14,15,0 days 00:01:40.534000,HARD,7.0,1,2,798.3219444440183,77
15,16,0 days 00:01:40.459000,HARD,8.0,1,2,734.7172222216759,77
16,17,0 days 00:01:40.722000,HARD,9.0,1,2,614.6574999995792,77
17,18,0 days 00:02:21.666000,HARD,10.0,24,2,529.5027777773357,77
18,19,0 days 00:02:20.952000,HARD,1.0,4,3,129.09833333308052,24
19,20,0 days 00:01:55.315000,HARD,2.0,4,3,548.2069444440713,24
20,21,0 days 00:01:40.549000,HARD,3.0,1,3,8.710833332836046,47
21,22,0 days 00:01:40.355000,HARD,4.0,2,3,13.68416666664416,6
22,23,0 days 00:01:40.420000,HARD,5.0,1,3,20.121388888714137,5
23,24,0 days 00:01:39.671000,HARD,6.0,1,3,28.128333333035698,5
24,25,0 days 00:01:39.807000,HARD,7.0,1,3,263.0819444442459,18
25,26,0 days 00:01:39.790000,HARD,8.0,1,3,273.08694444436696,18
26,27,0 days 00:01:39.882000,HARD,9.0,1,3,0.5424999999231659,5
27,28,0 days 00:01:39.990000,HARD,10.0,1,3,311.54249999989406,18
28,29,0 days 00:01:39.793000,HARD,11.0,1,3,36.379166666651145,5
29,30,0 days 00:01:40.098000,HARD,12.0,1,3,41.560277777549345,5
30,31,0 days 00:01:40.177000,HARD,13.0,1,3,75.93111111101462,5
31,32,0 days 00:01:39.781000,HARD,14.0,1,3,110.18333333305782,5
32,33,0 days 00:01:40.405000,HARD,15.0,1,3,88.00944444423658,5
33,34,0 days 00:01:40.029000,HARD,16.0,1,3,3.2308333333639894,23
34,35,0 days 00:01:40.373000,HARD,17.0,1,3,15.746944444515975,23
35,36,0 days 00:01:41.523000,HARD,18.0,1,3,40.28777777770301,23
36,37,0 days 00:01:40.667000,HARD,19.0,1,3,94.65749999959371,23
37,38,,HARD,20.0,2,3,131.30472222185927,23
0,1,,MEDIUM,1.0,2,1,,
1,2,0 days 00:01:38.127000,MEDIUM,2.0,1,1,,
2,3,0 days 00:01:38.699000,MEDIUM,3.0,1,1,,
3,4,0 days 00:01:38.088000,MEDIUM,4.0,1,1,,
4,5,0 days 00:01:39.097000,MEDIUM,5.0,1,1,,
5,6,0 days 00:01:38.610000,MEDIUM,6.0,1,1,,
6,7,0 days 00:01:39.288000,MEDIUM,7.0,1,1,,
7,8,0 days 00:01:38.964000,MEDIUM,8.0,1,1,,
8,9,0 days 00:01:39.141000,MEDIUM,9.0,1,1,,
9,10,0 days 00:01:38.855000,MEDIUM,10.0,1,1,,
10,11,0 days 00:01:39.344000,MEDIUM,11.0,1,1,,
11,12,0 days 00:01:39.046000,MEDIUM,12.0,1,1,,
12,13,0 days 00:01:38.658000,MEDIUM,13.0,1,1,,
13,14,0 days 00:01:39.012000,MEDIUM,14.0,1,1,,
14,15,0 days 00:01:38.844000,MEDIUM,15.0,1,1,,
15,16,0 days 00:01:38.855000,MEDIUM,16.0,1,1,,
16,17,0 days 00:01:38.963000,MEDIUM,17.0,1,1,,
0,1,,MEDIUM,1.0,2,1,,
1,2,0 days 00:01:40.240000,MEDIUM,2.0,1,1,520.9822222222265,24
2,3,0 days 00:01:40.619000,MEDIUM,3.0,1,1,373.68750000001637,24
3,4,0 days 00:01:40.216000,MEDIUM,4.0,1,1,331.7647222222258,24
4,5,0 days 00:01:40.672000,MEDIUM,5.0,1,1,226.4150000000045,24
5,6,0 days 00:01:40.944000,MEDIUM,6.0,1,1,187.69805555559287,24
6,7,0 days 00:01:41.138000,MEDIUM,7.0,1,1,182.745000000039,24
7,8,0 days 00:01:40.735000,MEDIUM,8.0,1,1,160.05166666663717,24
8,9,0 days 00:01:41.117000,MEDIUM,9.0,1,1,131.10388888891612,24
9,10,0 days 00:01:42.007000,MEDIUM,10.0,1,1,171.56916666686448,6
10,11,0 days 00:02:04.195000,MEDIUM,11.0,1,1,219.69777777793206,6
11,12,0 days 00:01:50.630000,HARD,1.0,1,2,357.25944444469496,47
12,13,0 days 00:01:41.601000,HARD,2.0,1,2,477.52472222209326,24
13,14,0 days 00:01:41.728000,HARD,3.0,1,2,528.8508333330392,24
14,15,0 days 00:01:41.886000,HARD,4.0,1,2,581.2574999999051,24
15,16,0 days 00:01:42.279000,HARD,5.0,1,2,682.804722222063,24
16,17,0 days 00:01:42.297000,HARD,6.0,2,2,819.7397222221043,24
17,18,,HARD,7.0,24,2,878.5727777777356,24
