,DriverAhead,DistanceToDriverAhead,LapNumber,LapTime,Compound,TyreLife,Stint,TrackStatus
0,,,1.0,,MEDIUM,1.0,1,1
1,16,76.57749999999396,2.0,0 days 00:01:35.275000,MEDIUM,2.0,1,1
2,16,116.2524999999896,3.0,0 days 00:01:34.890000,MEDIUM,3.0,1,1
3,16,148.8616666666312,4.0,0 days 00:01:34.700000,MEDIUM,4.0,1,1
4,16,160.0861111110935,5.0,0 days 00:01:34.809000,MEDIUM,5.0,1,1
5,16,135.11555555547966,6.0,0 days 00:01:34.840000,MEDIUM,6.0,1,1
6,16,165.38305555547413,7.0,0 days 00:01:34.634000,MEDIUM,7.0,1,1
7,16,181.053611111005,8.0,0 days 00:01:34.821000,MEDIUM,8.0,1,1
8,16,228.35111111105653,9.0,0 days 00:01:34.832000,MEDIUM,9.0,1,1
9,16,227.9313888887773,10.0,0 days 00:01:35.252000,MEDIUM,10.0,1,1
10,16,284.54694444431516,11.0,0 days 00:01:34.959000,MEDIUM,11.0,1,1
11,16,301.1266666665324,12.0,0 days 00:01:35.191000,MEDIUM,12.0,1,1
12,16,331.3524999998772,13.0,0 days 00:01:34.982000,MEDIUM,13.0,1,1
13,16,369.299722221971,14.0,0 days 00:01:35.093000,MEDIUM,14.0,1,1
14,16,362.1502777774149,15.0,0 days 00:01:35.370000,MEDIUM,15.0,1,1
15,11,58.55861111058039,16.0,0 days 00:01:44.577000,MEDIUM,16.0,1,264
16,16,243.3408333328989,17.0,,HARD,1.0,2,4
17,20,12.502499999667634,18.0,,HARD,2.0,2,4
18,16,240.78638888822752,19.0,0 days 00:02:29.635000,HARD,3.0,2,4
19,16,281.20388888816524,20.0,,HARD,4.0,2,4
20,44,122.11138888822461,21.0,0 days 00:01:35.227000,HARD,5.0,2,1
21,20,9.854444444004912,22.0,0 days 00:01:34.167000,HARD,6.0,2,1
22,55,108.46972222145996,23.0,0 days 00:01:33.688000,HARD,7.0,2,1
23,55,107.08333333258634,24.0,0 days 00:01:33.445000,HARD,8.0,2,1
24,55,97.99388888839167,25.0,0 days 00:01:33.301000,HARD,9.0,2,1
25,55,98.45527777765528,26.0,0 days 00:01:33.304000,HARD,10.0,2,1
26,55,113.27055555558763,27.0,0 days 00:01:33.059000,HARD,11.0,2,1
27,55,78.42749999999069,28.0,0 days 00:01:33.030000,HARD,12.0,2,1
28,55,92.26499999995576,29.0,0 days 00:01:32.930000,HARD,13.0,2,1
29,55,52.718055555509636,30.0,0 days 00:01:32.778000,HARD,14.0,2,1
30,55,55.1622222221049,31.0,0 days 00:01:32.897000,HARD,15.0,2,1
31,55,51.4036111109308,32.0,0 days 00:01:32.887000,HARD,16.0,2,1
32,55,59.188888888806105,33.0,0 days 00:01:32.855000,HARD,17.0,2,1
33,55,71.57388888887363,34.0,0 days 00:01:32.827000,HARD,18.0,2,1
34,55,82.27277777786367,35.0,0 days 00:01:32.474000,HARD,19.0,2,1
35,55,48.31305555574363,36.0,0 days 00:01:32.543000,HARD,20.0,2,1
36,55,23.281944444519468,37.0,0 days 00:01:33.124000,HARD,21.0,2,2
37,55,70.40833333364571,38.0,0 days 00:01:48.873000,HARD,22.0,2,26
38,16,624.9366666662681,39.0,0 days 00:02:07.594000,HARD,23.0,2,6
39,55,92.3061111109273,40.0,0 days 00:02:03.699000,HARD,24.0,2,6
40,16,568.329166665877,41.0,0 days 00:01:34.945000,HARD,25.0,2,67
41,16,521.8788888879062,42.0,0 days 00:01:32.755000,HARD,26.0,2,1
42,16,492.30277777669835,43.0,0 days 00:01:34.644000,HARD,27.0,2,1
43,55,89.61749999967287,44.0,0 days 00:01:32.302000,HARD,28.0,2,1
44,55,105.60861111059785,45.0,0 days 00:01:32.063000,HARD,29.0,2,1
45,55,100.94638888799818,46.0,0 days 00:01:32.737000,HARD,30.0,2,1
46,55,142.57194444333436,47.0,0 days 00:01:31.779000,HARD,31.0,2,1
47,55,131.64222222118406,48.0,0 days 00:01:31.861000,HARD,32.0,2,2
48,55,144.04166666587116,49.0,0 days 00:01:32.079000,HARD,33.0,2,2
49,55,161.77694444387453,50.0,0 days 00:01:31.772000,HARD,34.0,2,2
50,11,62.62694444444878,2.0,0 days 00:01:34.943000,MEDIUM,2.0,1,1
51,11,81.67583333333823,3.0,0 days 00:01:34.794000,MEDIUM,3.0,1,1
52,11,83.28500000002896,4.0,0 days 00:01:34.651000,MEDIUM,4.0,1,1
53,11,92.96666666671445,5.0,0 days 00:01:35.156000,MEDIUM,5.0,1,1
54,11,155.58583333338902,6.0,0 days 00:01:34.585000,MEDIUM,6.0,1,1
55,11,157.45500000009633,7.0,0 days 00:01:34.702000,MEDIUM,7.0,1,1
56,11,146.23361111115082,8.0,0 days 00:01:34.569000,MEDIUM,8.0,1,1
57,11,131.27861111103994,9.0,0 days 00:01:34.967000,MEDIUM,9.0,1,1
58,11,134.75333333325398,10.0,0 days 00:01:34.679000,MEDIUM,10.0,1,1
59,11,100.28305555546103,11.0,0 days 00:01:34.781000,MEDIUM,11.0,1,1
60,11,113.39361111097969,12.0,0 days 00:01:34.915000,MEDIUM,12.0,1,1
61,11,130.20972222201817,13.0,0 days 00:01:34.777000,MEDIUM,13.0,1,1
62,11,91.32055555535771,14.0,0 days 00:01:35.214000,MEDIUM,14.0,1,1
63,11,72.57583333308867,15.0,0 days 00:01:35.237000,MEDIUM,15.0,1,1
64,,,16.0,0 days 00:01:43.840000,MEDIUM,16.0,1,264
65,,,17.0,,HARD,1.0,2,4
66,,,18.0,,HARD,2.0,2,4
67,,,19.0,0 days 00:02:29.002000,HARD,3.0,2,4
68,,,20.0,,HARD,4.0,2,4
69,,,21.0,0 days 00:01:34.636000,HARD,5.0,2,1
70,,,22.0,0 days 00:01:34.075000,HARD,6.0,2,1
71,,,23.0,0 days 00:01:33.459000,HARD,7.0,2,1
72,,,24.0,0 days 00:01:33.521000,HARD,8.0,2,1
73,,,25.0,0 days 00:01:33.324000,HARD,9.0,2,1
74,,,26.0,0 days 00:01:33.182000,HARD,10.0,2,1
75,,,27.0,0 days 00:01:33.184000,HARD,11.0,2,1
76,,,28.0,0 days 00:01:32.711000,HARD,12.0,2,1
77,,,29.0,0 days 00:01:32.942000,HARD,13.0,2,1
78,,,30.0,0 days 00:01:32.752000,HARD,14.0,2,1
79,,,31.0,0 days 00:01:33.079000,HARD,15.0,2,1
80,,,32.0,0 days 00:01:32.683000,HARD,16.0,2,1
81,,,33.0,0 days 00:01:32.878000,HARD,17.0,2,1
82,,,34.0,0 days 00:01:32.680000,HARD,18.0,2,1
83,,,35.0,0 days 00:01:32.481000,HARD,19.0,2,1
84,,,36.0,0 days 00:01:32.640000,HARD,20.0,2,1
85,,,37.0,0 days 00:01:33.102000,HARD,21.0,2,2
86,,,38.0,0 days 00:01:47.212000,HARD,22.0,2,26
87,,,39.0,0 days 00:02:06.419000,HARD,23.0,2,6
88,,,40.0,0 days 00:02:06.461000,HARD,24.0,2,6
89,,,41.0,0 days 00:01:36.117000,HARD,25.0,2,67
90,,,42.0,0 days 00:01:33.281000,HARD,26.0,2,1
91,,,43.0,0 days 00:01:33.818000,HARD,27.0,2,1
92,,,44.0,0 days 00:01:32.170000,HARD,28.0,2,1
93,,,45.0,0 days 00:01:32.259000,HARD,29.0,2,1
94,,,46.0,0 days 00:01:33.470000,HARD,30.0,2,1
95,,,47.0,0 days 00:01:32.587000,HARD,31.0,2,1
96,,,48.0,0 days 00:01:31.634000,HARD,32.0,2,2
97,,,49.0,0 days 00:01:32.102000,HARD,33.0,2,2
98,,,50.0,0 days 00:01:31.703000,HARD,34.0,2,2
99,1,44.73861111111455,2.0,0 days 00:01:35.499000,MEDIUM,2.0,1,1
100,1,61.43194444444089,3.0,0 days 00:01:35.460000,MEDIUM,3.0,1,1
101,1,96.15305555556552,4.0,0 days 00:01:35.321000,MEDIUM,4.0,1,1
102,1,146.73722222222204,5.0,0 days 00:01:35.124000,MEDIUM,5.0,1,1
103,1,162.10444444450695,6.0,0 days 00:01:35.165000,MEDIUM,6.0,1,1
104,1,177.7000000001135,7.0,0 days 00:01:35.058000,MEDIUM,7.0,1,1
105,1,204.9247222223712,8.0,0 days 00:01:34.921000,MEDIUM,8.0,1,1
106,1,194.76972222243785,9.0,0 days 00:01:34.729000,MEDIUM,9.0,1,1
107,1,187.75527777804382,10.0,0 days 00:01:35.133000,MEDIUM,10.0,1,1
108,1,163.85750000029657,11.0,0 days 00:01:34.977000,MEDIUM,11.0,1,1
109,1,147.89000000037777,12.0,0 days 00:01:35.082000,MEDIUM,12.0,1,1
110,1,132.53222222266777,13.0,0 days 00:01:35.101000,MEDIUM,13.0,1,1
111,1,116.72361111172359,14.0,0 days 00:01:35.275000,MEDIUM,14.0,1,1
112,1,122.67555555640138,15.0,0 days 00:01:35.421000,MEDIUM,15.0,1,1
113,1,119.90305555643863,16.0,0 days 00:01:46.940000,MEDIUM,16.0,1,264
114,16,229.1619444444077,18.0,,HARD,2.0,2,4
115,1,42.25694444522378,19.0,0 days 00:02:29.065000,HARD,3.0,2,4
116,1,47.570000000850996,20.0,,HARD,4.0,2,4
117,20,42.025000000197906,21.0,0 days 00:01:35.949000,HARD,5.0,2,1
118,16,182.1649999999936,22.0,0 days 00:01:34.295000,HARD,6.0,2,1
119,16,195.11055555570056,23.0,0 days 00:01:33.857000,HARD,7.0,2,1
120,16,220.92972222247045,24.0,0 days 00:01:33.636000,HARD,8.0,2,1
121,16,232.40916666662088,25.0,0 days 00:01:33.575000,HARD,9.0,2,1
122,16,246.9758333330392,26.0,0 days 00:01:33.181000,HARD,10.0,2,1
123,16,259.2836111107317,27.0,0 days 00:01:33.705000,HARD,11.0,2,1
124,16,301.30305555535597,28.0,0 days 00:01:33.231000,HARD,12.0,2,1
125,16,319.648333332967,29.0,0 days 00:01:33.582000,HARD,13.0,2,1
126,16,352.81027777749114,30.0,0 days 00:01:33.004000,HARD,14.0,2,1
127,16,341.3333333331393,31.0,0 days 00:01:33.041000,HARD,15.0,2,1
128,16,350.33722222194774,32.0,0 days 00:01:32.904000,HARD,16.0,2,1
129,16,366.2424999998475,33.0,0 days 00:01:33.007000,HARD,17.0,2,1
130,16,371.0127777776506,34.0,0 days 00:01:33.006000,HARD,18.0,2,1
131,16,366.5458333330171,35.0,0 days 00:01:33.201000,HARD,19.0,2,1
132,16,408.77222222212004,36.0,0 days 00:01:33.099000,HARD,20.0,2,1
133,16,412.93611111081555,37.0,0 days 00:01:32.795000,HARD,21.0,2,2
134,16,412.08999999947264,38.0,0 days 00:01:53.588000,HARD,22.0,2,26
135,1,47.06888888881076,39.0,0 days 00:02:05.071000,HARD,23.0,2,6
136,16,487.01027777726995,40.0,0 days 00:02:05.576000,HARD,24.0,2,67
137,16,449.5224999994098,41.0,0 days 00:01:35.353000,HARD,25.0,2,7
138,1,1.2947222228394821,42.0,0 days 00:01:32.272000,HARD,26.0,2,1
139,16,468.74805555518833,43.0,0 days 00:01:32.436000,HARD,27.0,2,1
140,16,426.118055554718,44.0,0 days 00:01:32.270000,HARD,28.0,2,1
141,16,434.9941666655941,45.0,0 days 00:01:32.242000,HARD,29.0,2,1
142,16,423.8566666657571,46.0,0 days 00:01:32.384000,HARD,30.0,2,1
143,16,409.0355555548449,47.0,0 days 00:01:32.271000,HARD,31.0,2,1
144,16,385.9722222214914,48.0,0 days 00:01:31.905000,HARD,32.0,2,2
145,16,380.7680555548286,49.0,0 days 00:01:32.008000,HARD,33.0,2,1
146,16,382.9391666658921,50.0,0 days 00:01:32.665000,HARD,34.0,2,2
147,,,2.0,0 days 00:01:34.722000,MEDIUM,2.0,1,1
148,,,3.0,0 days 00:01:34.596000,MEDIUM,3.0,1,1
149,,,4.0,0 days 00:01:34.440000,MEDIUM,4.0,1,1
150,,,5.0,0 days 00:01:34.496000,MEDIUM,5.0,1,1
151,,,6.0,0 days 00:01:34.481000,MEDIUM,6.0,1,1
152,,,7.0,0 days 00:01:34.821000,MEDIUM,7.0,1,1
153,,,8.0,0 days 00:01:34.619000,MEDIUM,8.0,1,1
154,,,9.0,0 days 00:01:34.825000,MEDIUM,9.0,1,1
155,,,10.0,0 days 00:01:34.836000,MEDIUM,10.0,1,1
156,,,11.0,0 days 00:01:34.545000,MEDIUM,11.0,1,1
157,,,12.0,0 days 00:01:34.671000,MEDIUM,12.0,1,1
158,,,13.0,0 days 00:01:35.214000,MEDIUM,13.0,1,1
159,,,14.0,0 days 00:01:35.316000,MEDIUM,14.0,1,1
160,,,15.0,0 days 00:01:38.591000,MEDIUM,15.0,1,1
161,16,211.69138888889574,16.0,0 days 00:02:08.106000,HARD,1.0,2,264
162,63,28.54166666684614,17.0,,HARD,2.0,2,4
163,16,209.3263888885267,18.0,,HARD,3.0,2,4
164,20,13.556388889119262,19.0,0 days 00:02:28.779000,HARD,4.0,2,4
165,55,53.08138888851681,20.0,,HARD,5.0,2,4
166,1,25.236111111487844,21.0,0 days 00:01:36.967000,HARD,6.0,2,1
167,63,11.379444444784895,22.0,0 days 00:01:34.659000,HARD,7.0,2,1
168,63,43.32444444482098,23.0,0 days 00:01:33.699000,HARD,8.0,2,1
169,44,5.5966666667955,24.0,0 days 00:01:33.815000,HARD,9.0,2,1
170,1,253.6047222231573,25.0,0 days 00:01:33.697000,HARD,10.0,2,1
171,1,276.2616666671529,26.0,0 days 00:01:33.608000,HARD,11.0,2,1
172,1,300.43777777813375,27.0,0 days 00:01:33.547000,HARD,12.0,2,1
173,1,330.4247222224658,28.0,0 days 00:01:33.407000,HARD,13.0,2,1
174,1,356.4858333336597,29.0,0 days 00:01:33.313000,HARD,14.0,2,1
175,1,390.49444444463006,30.0,0 days 00:01:33.647000,HARD,15.0,2,1
176,1,425.3077777780127,31.0,0 days 00:01:33.102000,HARD,16.0,2,1
177,1,450.02694444468943,32.0,0 days 00:01:33.151000,HARD,17.0,2,1
178,1,458.50694444437977,33.0,0 days 00:01:33.122000,HARD,18.0,2,1
179,1,442.91277777787764,34.0,0 days 00:01:32.935000,HARD,19.0,2,1
180,1,430.72277777738054,35.0,0 days 00:01:33.529000,HARD,20.0,2,1
181,1,462.07999999981257,36.0,0 days 00:01:32.878000,HARD,21.0,2,1
182,1,465.81749999985914,37.0,0 days 00:01:33.008000,HARD,22.0,2,2
183,1,466.97999999977765,38.0,0 days 00:01:53.761000,HARD,23.0,2,26
184,1,533.5872222224425,39.0,0 days 00:02:06.256000,HARD,24.0,2,6
185,1,484.683055555739,40.0,0 days 00:02:04.945000,HARD,25.0,2,67
186,1,491.18666666708305,41.0,0 days 00:01:33.974000,HARD,26.0,2,7
187,1,548.6286111114314,42.0,0 days 00:01:32.205000,HARD,27.0,2,1
188,1,517.5005555558892,43.0,0 days 00:01:32.410000,HARD,28.0,2,1
189,1,450.53861111111473,44.0,0 days 00:01:32.044000,HARD,29.0,2,1
190,1,447.61555555660743,45.0,0 days 00:01:32.093000,HARD,30.0,2,1
191,1,439.46000000141794,46.0,0 days 00:01:32.042000,HARD,31.0,2,1
192,1,430.56166666798526,47.0,0 days 00:01:32.260000,HARD,32.0,2,1
193,1,427.52138889033813,48.0,0 days 00:01:32.333000,HARD,33.0,2,2
194,1,428.5161111126072,49.0,0 days 00:01:32.485000,HARD,34.0,2,1
195,1,452.30833333492046,50.0,0 days 00:01:33.160000,HARD,35.0,2,2
196,31,19.684444444448673,2.0,0 days 00:01:36.466000,MEDIUM,2.0,1,1
197,31,21.105555555579485,3.0,0 days 00:01:36.513000,MEDIUM,3.0,1,1
198,55,276.2330555555927,4.0,0 days 00:01:36.341000,MEDIUM,4.0,1,1
199,55,363.57833333336384,5.0,0 days 00:01:36.096000,MEDIUM,5.0,1,1
200,55,416.8969444444847,6.0,0 days 00:01:36.246000,MEDIUM,6.0,1,1
201,55,454.63833333337243,7.0,0 days 00:01:36.111000,MEDIUM,7.0,1,1
202,55,495.1444444445515,8.0,0 days 00:01:35.722000,MEDIUM,8.0,1,1
203,55,519.8394444444639,9.0,0 days 00:01:35.906000,MEDIUM,9.0,1,1
204,55,505.4766666667347,10.0,0 days 00:01:35.593000,MEDIUM,10.0,1,1
205,55,566.4633333333113,11.0,0 days 00:01:35.384000,MEDIUM,11.0,1,1
206,55,581.1930555554427,12.0,0 days 00:01:35.741000,MEDIUM,12.0,1,1
207,55,603.9077777774946,13.0,0 days 00:01:35.681000,MEDIUM,13.0,1,1
208,55,653.0636111106578,14.0,0 days 00:01:35.476000,MEDIUM,14.0,1,1
209,55,674.0588888883794,15.0,0 days 00:01:35.453000,MEDIUM,15.0,1,1
210,11,170.63833333314687,16.0,0 days 00:01:51.651000,MEDIUM,16.0,1,264
211,11,7.158333333150949,17.0,,HARD,1.0,2,4
212,44,88.35472222160024,18.0,,HARD,2.0,2,4
213,44,44.156388888310175,19.0,0 days 00:02:29.081000,HARD,3.0,2,4
214,20,117.53444444434717,20.0,,HARD,4.0,2,4
215,11,10.883055555386818,21.0,0 days 00:01:37.115000,HARD,5.0,2,1
216,44,112.29138888849411,22.0,0 days 00:01:34.801000,HARD,6.0,2,1
217,44,15.0063888883451,23.0,0 days 00:01:34.184000,HARD,7.0,2,1
218,1,200.7158333332918,24.0,0 days 00:01:34.890000,HARD,8.0,2,1
219,11,65.24194444349268,25.0,0 days 00:01:34.288000,HARD,9.0,2,1
220,11,118.55555555480532,26.0,0 days 00:01:33.968000,HARD,10.0,2,1
221,11,134.16944444339606,27.0,0 days 00:01:34.044000,HARD,11.0,2,1
222,11,178.0113888878841,28.0,0 days 00:01:34.083000,HARD,12.0,2,1
223,11,214.04527777660405,29.0,0 days 00:01:34.072000,HARD,13.0,2,1
224,11,218.23944444349036,30.0,0 days 00:01:34.004000,HARD,14.0,2,1
225,11,223.80361110996455,31.0,0 days 00:01:34.002000,HARD,15.0,2,1
226,11,238.42833333226736,32.0,0 days 00:01:33.951000,HARD,16.0,2,1
227,11,253.42583333226503,33.0,0 days 00:01:33.742000,HARD,17.0,2,1
228,11,267.91249999863794,34.0,0 days 00:01:33.690000,HARD,18.0,2,1
229,11,291.9761111099506,35.0,0 days 00:01:33.375000,HARD,19.0,2,1
230,11,264.65138888711226,36.0,0 days 00:01:33.434000,HARD,20.0,2,1
231,11,263.9455555535096,37.0,0 days 00:01:33.986000,HARD,21.0,2,2
232,11,279.10388888727175,38.0,0 days 00:01:57.192000,HARD,22.0,2,26
233,11,322.16333333126386,39.0,0 days 00:02:05.560000,HARD,23.0,2,6
234,11,285.70999999786727,40.0,0 days 00:02:04.186000,HARD,24.0,2,67
235,11,305.45916666457197,41.0,0 days 00:01:33.387000,HARD,25.0,2,1
236,11,327.9683333316352,42.0,0 days 00:01:33.668000,HARD,26.0,2,1
237,11,372.55805555393454,43.0,0 days 00:01:32.821000,HARD,27.0,2,1
238,11,398.87055555387633,44.0,0 days 00:01:33.035000,HARD,28.0,2,1
239,11,459.97916666435776,45.0,0 days 00:01:32.931000,HARD,29.0,2,1
240,11,492.5236111082486,46.0,0 days 00:01:33.236000,HARD,30.0,2,1
241,11,549.8788888861891,47.0,0 days 00:01:33.048000,HARD,31.0,2,1
242,11,589.7527777749347,48.0,0 days 00:01:33.345000,HARD,32.0,2,2
243,11,626.1269444416394,49.0,0 days 00:01:33.917000,HARD,33.0,2,1
244,11,684.4124999975902,50.0,0 days 00:01:35.208000,HARD,34.0,2,2
245,55,100.48222222222194,2.0,0 days 00:01:36.476000,MEDIUM,2.0,1,1
246,55,169.5733333333228,3.0,0 days 00:01:37.306000,MEDIUM,3.0,1,1
247,63,35.387222222198034,4.0,0 days 00:01:37.375000,MEDIUM,4.0,1,1
248,63,117.73111111107573,5.0,0 days 00:01:36.156000,MEDIUM,5.0,1,1
249,63,115.79611111106715,6.0,0 days 00:01:36.203000,MEDIUM,6.0,1,1
250,63,108.78972222212906,7.0,0 days 00:01:38.257000,MEDIUM,7.0,1,1
251,63,278.40694444428664,8.0,0 days 00:01:38.419000,MEDIUM,8.0,1,1
252,20,64.96500000008382,9.0,0 days 00:01:36.745000,MEDIUM,9.0,1,1
253,20,28.700000000135333,10.0,0 days 00:01:36.378000,MEDIUM,10.0,1,1
254,20,8.530555555720639,11.0,0 days 00:01:36.404000,MEDIUM,11.0,1,1
255,63,539.0669444444502,12.0,0 days 00:01:36.516000,MEDIUM,12.0,1,1
256,63,586.447222222152,13.0,0 days 00:01:37.103000,MEDIUM,13.0,1,1
257,77,9.336666666626115,14.0,0 days 00:01:37.502000,MEDIUM,14.0,1,1
258,20,30.84777777804993,15.0,0 days 00:01:37.257000,MEDIUM,15.0,1,1
259,44,76.54222222216777,16.0,0 days 00:02:06.558000,MEDIUM,16.0,1,264
260,77,172.51805555527972,17.0,0 days 00:02:25.977000,HARD,1.0,2,4
261,77,82.5886111108266,18.0,,HARD,2.0,2,4
262,14,124.77638888890215,19.0,,HARD,3.0,2,4
263,77,98.58555555524072,20.0,,HARD,4.0,2,4
264,77,27.031944444272085,21.0,0 days 00:01:38.207000,HARD,5.0,2,1
265,77,46.90444444429886,22.0,0 days 00:01:37.099000,HARD,6.0,2,1
266,14,24.476111111289356,23.0,0 days 00:01:35.673000,HARD,7.0,2,1
267,14,24.570555555343162,24.0,0 days 00:01:36.421000,HARD,8.0,2,1
268,14,86.99083333308226,25.0,0 days 00:01:35.232000,HARD,9.0,2,1
269,14,77.54777777733398,26.0,0 days 00:01:35.180000,HARD,10.0,2,1
270,14,99.33944444410736,27.0,0 days 00:01:35.292000,HARD,11.0,2,1
271,14,132.57194444426568,28.0,0 days 00:01:35.109000,HARD,12.0,2,1
272,14,141.8688888886245,29.0,0 days 00:01:34.816000,HARD,13.0,2,1
273,14,89.93249999993714,30.0,0 days 00:01:34.767000,HARD,14.0,2,1
274,14,121.1252777777845,31.0,0 days 00:01:34.551000,HARD,15.0,2,1
275,14,157.18750000014552,32.0,0 days 00:01:34.190000,HARD,16.0,2,1
276,14,178.71388888871297,33.0,0 days 00:01:34.336000,HARD,17.0,2,1
277,77,212.86138888809364,34.0,0 days 00:01:34.524000,HARD,18.0,2,1
278,14,206.43000000025495,35.0,0 days 00:01:34.530000,HARD,19.0,2,1
279,77,29.57916666546953,36.0,0 days 00:01:34.639000,HARD,20.0,2,1
280,20,770.8636111114174,37.0,0 days 00:01:35.250000,HARD,21.0,2,2
281,20,365.7997222227568,38.0,0 days 00:02:04.541000,HARD,22.0,2,26
282,44,834.4616666659422,39.0,0 days 00:02:06.573000,HARD,23.0,2,6
283,44,795.482222221588,40.0,0 days 00:01:54.968000,HARD,24.0,2,67
284,63,1097.1291666681354,41.0,0 days 00:01:33.862000,HARD,25.0,2,1
285,63,1136.2202777794446,42.0,0 days 00:01:33.575000,HARD,26.0,2,1
286,63,1161.9286111125257,43.0,0 days 00:01:33.470000,HARD,27.0,2,1
287,63,1207.2069444457884,44.0,0 days 00:01:33.156000,HARD,28.0,2,1
288,63,1202.0605555567308,45.0,0 days 00:01:33.489000,HARD,29.0,2,1
289,63,1223.5011111132335,46.0,0 days 00:01:33.103000,HARD,30.0,2,1
290,63,1218.6950000023353,47.0,0 days 00:01:33.424000,HARD,31.0,2,1
291,63,1240.4608333350043,48.0,0 days 00:01:34.216000,HARD,32.0,2,2
292,63,1319.2252777788672,49.0,0 days 00:01:35.218000,HARD,33.0,2,2
293,63,1398.7177777780453,50.0,0 days 00:01:34.439000,HARD,34.0,2,2
294,10,13.827222222226737,2.0,0 days 00:01:38.030000,MEDIUM,2.0,1,1
295,20,107.15916666666817,3.0,0 days 00:01:37.080000,MEDIUM,3.0,1,1
296,20,145.9327777777471,4.0,0 days 00:01:38.326000,MEDIUM,4.0,1,1
297,10,14.20749999995678,5.0,0 days 00:01:38.312000,MEDIUM,5.0,1,1
298,44,7.371944444388646,6.0,0 days 00:01:36.917000,MEDIUM,6.0,1,1
299,10,156.59861111103965,7.0,0 days 00:01:36.899000,MEDIUM,7.0,1,1
300,10,188.78333333326736,8.0,0 days 00:01:37.220000,MEDIUM,8.0,1,1
301,44,12.20194444443041,9.0,0 days 00:01:37.169000,MEDIUM,9.0,1,1
302,44,72.56333333331713,10.0,0 days 00:01:37.055000,MEDIUM,10.0,1,1
303,44,198.14138888892194,11.0,0 days 00:01:37.750000,MEDIUM,11.0,1,1
304,44,260.8294444444473,12.0,0 days 00:01:37.266000,MEDIUM,12.0,1,1
305,10,360.00305555562954,13.0,0 days 00:01:37.270000,MEDIUM,13.0,1,1
306,10,381.76000000002387,14.0,0 days 00:01:37.076000,MEDIUM,14.0,1,1
307,10,297.81722222224926,15.0,0 days 00:01:37.115000,MEDIUM,15.0,1,1
308,24,37.20555555541068,16.0,0 days 00:02:01.650000,MEDIUM,16.0,1,264
309,24,62.29527777754993,17.0,0 days 00:02:28.586000,HARD,1.0,2,4
310,3,389.8358333332435,18.0,,HARD,2.0,2,4
311,3,275.0008333329897,19.0,,HARD,3.0,2,4
312,3,299.6072222216899,20.0,0 days 00:02:24.586000,HARD,4.0,2,4
313,24,43.94638888852205,21.0,0 days 00:01:38.619000,HARD,5.0,2,1
314,18,32.755277777512674,22.0,0 days 00:01:37.203000,HARD,6.0,2,1
315,24,30.318055555369938,23.0,0 days 00:01:35.949000,HARD,7.0,2,1
316,24,32.78555555519415,24.0,0 days 00:01:36.081000,HARD,8.0,2,1
317,24,14.13055555545725,25.0,0 days 00:01:36.266000,HARD,9.0,2,1
318,24,28.14249999949243,26.0,0 days 00:01:36.292000,HARD,10.0,2,1
319,24,14.045555555145256,27.0,0 days 00:01:35.606000,HARD,11.0,2,1
320,10,69.97888888820307,28.0,0 days 00:01:35.293000,HARD,12.0,2,1
321,10,14.215555555041647,29.0,0 days 00:01:35.152000,HARD,13.0,2,1
322,10,15.908611110615311,30.0,0 days 00:01:34.910000,HARD,14.0,2,1
323,10,33.1202777774015,31.0,0 days 00:01:34.908000,HARD,15.0,2,1
324,10,52.7741666661168,32.0,0 days 00:01:34.721000,HARD,16.0,2,1
325,10,61.79555555497063,33.0,0 days 00:01:34.340000,HARD,17.0,2,1
326,10,18.45388888794696,34.0,0 days 00:01:34.233000,HARD,18.0,2,1
327,3,107.71499999941443,35.0,0 days 00:01:34.046000,HARD,19.0,2,1
328,3,77.70861111034174,36.0,0 days 00:01:34.374000,HARD,20.0,2,1
329,31,568.9433333316119,37.0,0 days 00:01:34.729000,HARD,21.0,2,2
330,31,528.3052777758276,38.0,0 days 00:02:04.912000,HARD,22.0,2,26
331,31,528.7658333310683,39.0,0 days 00:02:06.332000,HARD,23.0,2,6
332,31,511.47111110930564,40.0,0 days 00:01:53.383000,HARD,24.0,2,67
333,20,29.721666665922385,41.0,0 days 00:01:33.635000,HARD,25.0,2,1
334,20,86.42333333287388,42.0,0 days 00:01:33.247000,HARD,26.0,2,1
335,20,64.590277776937,43.0,0 days 00:01:33.026000,HARD,27.0,2,1
336,20,75.89555555509287,44.0,0 days 00:01:33.295000,HARD,28.0,2,1
337,20,101.11555555532686,45.0,0 days 00:01:32.951000,HARD,29.0,2,1
338,20,116.57722222217126,46.0,0 days 00:01:32.753000,HARD,30.0,2,1
339,20,93.92555555555737,47.0,0 days 00:01:33.244000,HARD,31.0,2,1
340,20,123.88500000059139,48.0,0 days 00:01:33.786000,HARD,32.0,2,2
341,20,208.00027777830837,49.0,0 days 00:01:35.129000,HARD,33.0,2,2
342,20,244.92888888920425,50.0,0 days 00:01:34.754000,HARD,34.0,2,2
343,20,36.29416666666384,2.0,0 days 00:01:38.899000,MEDIUM,2.0,1,1
344,4,56.495833333350674,3.0,0 days 00:01:36.881000,MEDIUM,3.0,1,1
345,4,38.73472222225246,4.0,0 days 00:01:37.746000,MEDIUM,4.0,1,1
346,20,280.17944444445675,5.0,0 days 00:01:36.984000,MEDIUM,5.0,1,1
347,77,291.3344444443683,6.0,0 days 00:01:36.819000,MEDIUM,6.0,1,1
348,20,290.31722222209646,7.0,0 days 00:01:36.468000,MEDIUM,7.0,1,1
349,20,286.5533333332496,8.0,0 days 00:01:36.775000,MEDIUM,8.0,1,1
350,14,223.25888888875488,9.0,0 days 00:01:37.433000,MEDIUM,9.0,1,1
351,14,276.3744444443146,10.0,0 days 00:01:36.590000,MEDIUM,10.0,1,1
352,77,242.0716666666849,11.0,0 days 00:01:36.998000,MEDIUM,11.0,1,1
353,77,267.1597222221317,12.0,0 days 00:01:37.073000,MEDIUM,12.0,1,1
354,44,45.03499999997439,13.0,0 days 00:01:37.094000,MEDIUM,13.0,1,1
355,44,187.29388888871472,14.0,0 days 00:01:38.153000,MEDIUM,14.0,1,1
356,44,401.07694444424124,15.0,0 days 00:01:39.580000,MEDIUM,15.0,1,1
357,31,489.0858333332144,16.0,0 days 00:02:23.731000,HARD,1.0,2,264
358,4,277.2822222221148,17.0,0 days 00:02:09.023000,HARD,2.0,2,4
359,4,45.77583333318762,18.0,,HARD,3.0,2,4
360,4,92.9824999999546,19.0,,HARD,4.0,2,4
361,4,79.07055555553234,20.0,0 days 00:02:22.362000,HARD,5.0,2,4
362,3,15.988611110355123,21.0,0 days 00:01:38.668000,HARD,6.0,2,1
363,3,25.919166666004458,22.0,0 days 00:01:37.267000,HARD,7.0,2,1
364,3,20.709722221712582,23.0,0 days 00:01:36.028000,HARD,8.0,2,1
365,3,34.842777777055744,24.0,0 days 00:01:35.922000,HARD,9.0,2,1
366,27,95.40138888821821,25.0,0 days 00:01:36.303000,HARD,10.0,2,1
367,27,29.599722221231787,26.0,0 days 00:01:36.294000,HARD,11.0,2,1
368,3,33.454444444098044,27.0,0 days 00:01:35.547000,HARD,12.0,2,1
369,27,52.881388887995854,28.0,0 days 00:01:36.143000,HARD,13.0,2,1
370,27,11.18083333229879,29.0,0 days 00:01:35.394000,HARD,14.0,2,1
371,3,164.8577777777391,30.0,0 days 00:01:34.798000,HARD,15.0,2,1
372,3,142.8030555555888,31.0,0 days 00:01:34.845000,HARD,16.0,2,1
373,3,107.17388888885034,32.0,0 days 00:01:34.626000,HARD,17.0,2,1
374,3,91.32055555586703,33.0,0 days 00:01:34.785000,HARD,18.0,2,1
375,3,100.45416666686651,34.0,0 days 00:01:34.665000,HARD,19.0,2,1
376,4,20.206944445351837,35.0,0 days 00:01:34.367000,HARD,20.0,2,1
377,4,43.55888889016933,36.0,0 days 00:01:35.593000,HARD,21.0,2,1
378,4,114.0308333345456,37.0,0 days 00:01:35.058000,HARD,22.0,2,2
379,4,135.19083333469462,38.0,0 days 00:02:05.640000,HARD,23.0,2,26
380,4,130.8733333350974,39.0,0 days 00:02:05.424000,HARD,24.0,2,6
381,4,55.65750000139815,40.0,0 days 00:01:53.144000,HARD,25.0,2,67
382,4,73.1158333348867,41.0,0 days 00:01:33.666000,HARD,26.0,2,1
383,4,60.6330555571476,42.0,0 days 00:01:33.468000,HARD,27.0,2,1
384,4,58.30750000185799,43.0,0 days 00:01:33.550000,HARD,28.0,2,1
385,4,82.36416666855803,44.0,0 days 00:01:33.677000,HARD,29.0,2,1
386,4,101.66527777980082,45.0,0 days 00:01:33.616000,HARD,30.0,2,1
387,20,45.38972222380107,46.0,0 days 00:01:33.779000,HARD,31.0,2,1
388,20,82.11722222389653,47.0,0 days 00:01:33.961000,HARD,32.0,2,1
389,20,150.51833333523246,48.0,0 days 00:01:34.331000,HARD,33.0,2,2
390,4,199.5388888909947,49.0,0 days 00:01:34.711000,HARD,34.0,2,2
391,4,175.64444444642868,50.0,0 days 00:01:34.192000,HARD,35.0,2,2
392,,,1.0,,HARD,3.0,1,1
393,77,25.232777777774572,2.0,0 days 00:01:37.501000,HARD,4.0,1,1
394,77,37.960277777759984,3.0,0 days 00:01:36.830000,HARD,5.0,1,1
395,14,39.31027777779673,4.0,0 days 00:01:36.837000,HARD,6.0,1,1
396,77,69.32361111109276,5.0,0 days 00:01:36.968000,HARD,7.0,1,1
397,77,3.5652777777504525,6.0,0 days 00:01:36.843000,HARD,8.0,1,1
398,77,59.38388888895133,7.0,0 days 00:01:36.708000,HARD,9.0,1,1
399,14,62.819166666704405,8.0,0 days 00:01:36.481000,HARD,10.0,1,1
400,63,336.89638888869376,9.0,0 days 00:01:37.306000,HARD,11.0,1,1
401,63,381.5702777775223,10.0,0 days 00:01:36.743000,HARD,12.0,1,1
402,63,408.29694444422057,11.0,0 days 00:01:37.700000,HARD,13.0,1,1
403,14,52.30722222215263,12.0,0 days 00:01:37.029000,HARD,14.0,1,1
404,77,10.946944444411201,13.0,0 days 00:01:36.700000,HARD,15.0,1,1
405,31,49.015833333236515,14.0,0 days 00:01:36.567000,HARD,16.0,1,1
406,77,54.616666666348465,15.0,0 days 00:01:36.103000,HARD,17.0,1,1
407,14,32.728888888741494,16.0,0 days 00:02:02.811000,HARD,18.0,1,264
408,63,305.72638888895744,17.0,0 days 00:02:20.945000,HARD,19.0,1,4
409,1,31.104722222531564,18.0,,HARD,20.0,1,4
410,1,20.95972222238197,19.0,0 days 00:02:29.807000,HARD,21.0,1,4
411,11,81.68611111103382,20.0,,HARD,22.0,1,4
412,16,32.78861111092556,21.0,0 days 00:01:37.631000,HARD,23.0,1,1
413,1,11.369166667049285,22.0,0 days 00:01:35.639000,HARD,24.0,1,1
414,1,95.44611111195991,23.0,0 days 00:01:35.742000,HARD,25.0,1,1
415,44,11.964722222357523,24.0,0 days 00:01:35.393000,HARD,26.0,1,1
416,63,81.0413888899493,25.0,0 days 00:01:35.750000,HARD,27.0,1,1
417,44,38.5124999997206,26.0,0 days 00:01:35.509000,HARD,28.0,1,1
418,44,105.21111111046048,27.0,0 days 00:01:34.796000,HARD,29.0,1,1
419,44,114.35722222158802,28.0,0 days 00:01:34.837000,HARD,30.0,1,1
420,44,141.89444444386754,29.0,0 days 00:01:34.836000,HARD,31.0,1,1
421,44,178.47027777702897,30.0,0 days 00:01:34.572000,HARD,32.0,1,1
422,44,219.00222222160664,31.0,0 days 00:01:34.462000,HARD,33.0,1,1
423,44,227.8388888881018,32.0,0 days 00:01:34.569000,HARD,34.0,1,1
424,44,276.10638888794347,33.0,0 days 00:01:34.144000,HARD,35.0,1,1
425,44,277.68555555446073,34.0,0 days 00:01:34.834000,HARD,36.0,1,1
426,44,330.4427777764213,35.0,0 days 00:01:35.166000,HARD,37.0,1,1
427,44,344.3580555545923,36.0,0 days 00:01:34.194000,HARD,38.0,1,1
428,44,352.4077777765633,37.0,0 days 00:01:39.989000,HARD,39.0,1,2
429,44,419.87527777656214,38.0,0 days 00:02:23.719000,MEDIUM,3.0,2,26
430,4,0.05722222363692708,39.0,0 days 00:02:07.206000,MEDIUM,4.0,2,6
431,10,58.32333333304268,40.0,0 days 00:01:49.251000,MEDIUM,5.0,2,67
432,10,31.123333332390757,41.0,0 days 00:01:33.188000,MEDIUM,6.0,2,1
433,31,294.9216666656721,42.0,0 days 00:01:33.927000,MEDIUM,7.0,2,1
434,10,20.200277776748408,43.0,0 days 00:01:33.238000,MEDIUM,8.0,2,1
435,10,8.123611109593185,44.0,0 days 00:01:33.175000,MEDIUM,9.0,2,1
436,31,284.6658333322266,45.0,0 days 00:01:33.110000,MEDIUM,10.0,2,1
437,31,254.25777777668554,46.0,0 days 00:01:33.452000,MEDIUM,11.0,2,1
438,31,266.68166666617617,47.0,0 days 00:01:32.968000,MEDIUM,12.0,2,1
439,31,204.49722222151468,48.0,0 days 00:01:32.779000,MEDIUM,13.0,2,2
440,31,131.03249999921536,49.0,0 days 00:01:33.600000,MEDIUM,14.0,2,2
441,31,69.52444444422144,50.0,0 days 00:01:32.829000,MEDIUM,15.0,2,2
442,,,1.0,,HARD,2.0,1,1
443,3,2.0850000000018554,2.0,0 days 00:01:38.649000,HARD,3.0,1,1
444,18,12.38638888888272,3.0,0 days 00:01:37.618000,HARD,4.0,1,1
445,18,4.853888888890651,4.0,0 days 00:01:37.706000,HARD,5.0,1,1
446,18,11.51083333330098,5.0,0 days 00:01:37.984000,HARD,6.0,1,1
447,18,13.376944444386027,6.0,0 days 00:01:37.275000,HARD,7.0,1,1
448,18,1.049999999893771,7.0,0 days 00:01:37.204000,HARD,8.0,1,1
449,4,8.337777777858719,8.0,0 days 00:01:37.073000,HARD,9.0,1,1
450,10,226.78888888889924,9.0,0 days 00:01:36.698000,HARD,10.0,1,1
451,10,162.1977777778011,10.0,0 days 00:01:35.812000,HARD,11.0,1,1
452,10,76.40083333329676,11.0,0 days 00:01:36.957000,HARD,12.0,1,1
453,10,78.86111111115315,12.0,0 days 00:01:35.788000,HARD,13.0,1,1
454,14,193.66611111089878,13.0,0 days 00:01:35.507000,HARD,14.0,1,1
455,14,163.81361111113802,14.0,0 days 00:01:35.648000,HARD,15.0,1,1
456,31,80.53416666657722,15.0,0 days 00:01:35.875000,HARD,16.0,1,1
457,77,52.87666666651785,16.0,0 days 00:02:04.362000,HARD,17.0,1,264
458,20,188.81361111145816,17.0,0 days 00:02:19.823000,HARD,18.0,1,4
459,1,60.786944445222616,18.0,,HARD,19.0,1,4
460,11,87.78444444474007,19.0,0 days 00:02:29.683000,HARD,20.0,1,4
461,63,57.56444444479712,20.0,,HARD,21.0,1,4
462,55,12.104166666729725,21.0,0 days 00:01:37.339000,HARD,22.0,1,1
463,20,41.013611111280625,22.0,0 days 00:01:35.996000,HARD,23.0,1,1
464,20,45.93833333335351,23.0,0 days 00:01:34.928000,HARD,24.0,1,1
465,63,29.302222222904675,24.0,0 days 00:01:35.876000,HARD,25.0,1,1
466,20,30.153055555565516,25.0,0 days 00:01:34.820000,HARD,26.0,1,1
467,11,120.66083333356073,26.0,0 days 00:01:34.544000,HARD,27.0,1,1
468,11,143.73805555622675,27.0,0 days 00:01:34.699000,HARD,28.0,1,1
469,11,158.98805555613944,28.0,0 days 00:01:34.266000,HARD,29.0,1,1
470,11,186.9919444450643,29.0,0 days 00:01:34.189000,HARD,30.0,1,1
471,11,214.77916666748933,30.0,0 days 00:01:34.074000,HARD,31.0,1,1
472,11,222.60555555630708,31.0,0 days 00:01:34.159000,HARD,32.0,1,1
473,63,270.4513888906804,32.0,0 days 00:01:33.911000,HARD,33.0,1,1
474,63,263.36277777981013,33.0,0 days 00:01:33.937000,HARD,34.0,1,1
475,63,258.5483333353477,34.0,0 days 00:01:33.746000,HARD,35.0,1,1
476,63,265.59416666894685,35.0,0 days 00:01:34.144000,HARD,36.0,1,1
477,63,281.74333333567483,36.0,0 days 00:01:33.790000,HARD,37.0,1,1
478,63,289.16277778040967,37.0,0 days 00:01:38.059000,HARD,38.0,1,2
479,63,408.44388889099355,38.0,0 days 00:02:00.592000,HARD,39.0,1,26
480,63,385.40138889141963,39.0,0 days 00:02:06.598000,HARD,40.0,1,6
481,63,391.0238888915628,40.0,0 days 00:02:03.425000,HARD,41.0,1,67
482,63,666.7702777800732,41.0,0 days 00:01:53.062000,MEDIUM,1.0,2,1
483,4,146.12666666912264,42.0,0 days 00:01:33.982000,MEDIUM,2.0,2,1
484,4,162.78500000247732,43.0,0 days 00:01:33.945000,MEDIUM,3.0,2,1
485,4,195.58194444706896,44.0,0 days 00:01:35.048000,MEDIUM,4.0,2,1
486,10,292.3875000010594,45.0,0 days 00:01:33.379000,MEDIUM,5.0,2,1
487,10,289.45694444532273,46.0,0 days 00:01:33.289000,MEDIUM,6.0,2,1
488,10,279.0386111110565,47.0,0 days 00:01:32.997000,MEDIUM,7.0,2,1
489,10,241.25666666624602,48.0,0 days 00:01:33.185000,MEDIUM,8.0,2,2
490,10,207.89972222136566,49.0,0 days 00:01:35.663000,MEDIUM,9.0,2,2
491,10,221.72416666644858,50.0,0 days 00:01:35.855000,MEDIUM,10.0,2,2
492,6,35.946666666669444,2.0,0 days 00:01:38.663000,MEDIUM,2.0,1,1
493,27,23.1580555555538,3.0,0 days 00:01:37.564000,MEDIUM,3.0,1,1
494,23,94.5724999999984,4.0,0 days 00:01:37.639000,MEDIUM,4.0,1,1
495,23,36.89527777774856,5.0,0 days 00:01:38.409000,MEDIUM,5.0,1,1
496,3,189.24416666667457,6.0,0 days 00:01:37.275000,MEDIUM,6.0,1,1
497,3,198.02222222233104,7.0,0 days 00:01:36.823000,MEDIUM,7.0,1,1
498,3,159.31972222232434,8.0,0 days 00:01:36.730000,MEDIUM,8.0,1,1
499,18,207.63250000005064,9.0,0 days 00:01:36.899000,MEDIUM,9.0,1,1
500,18,133.11222222220385,10.0,0 days 00:01:37.149000,MEDIUM,10.0,1,1
501,18,50.74027777776064,11.0,0 days 00:01:37.067000,MEDIUM,11.0,1,1
502,4,158.51416666674777,12.0,0 days 00:01:36.926000,MEDIUM,12.0,1,1
503,4,121.64805555564817,13.0,0 days 00:01:36.251000,MEDIUM,13.0,1,1
504,4,25.67194444462075,14.0,0 days 00:01:36.783000,MEDIUM,14.0,1,1
505,4,3.992777777981246,15.0,0 days 00:01:36.659000,MEDIUM,15.0,1,1
506,10,2.7291666668170365,16.0,0 days 00:02:02.305000,MEDIUM,16.0,1,264
507,31,80.04277777792595,17.0,,HARD,1.0,2,4
508,10,324.27750000034575,18.0,,HARD,2.0,2,4
509,10,100.1886111114145,19.0,,HARD,3.0,2,4
510,10,163.1119444448559,20.0,0 days 00:02:20.595000,HARD,4.0,2,4
511,18,7.425277777889278,21.0,0 days 00:01:38.710000,HARD,5.0,2,1
512,10,29.819166667060927,22.0,0 days 00:01:37.364000,HARD,6.0,2,1
513,10,39.304722222324926,23.0,0 days 00:01:35.874000,HARD,7.0,2,1
514,10,28.065833333530463,24.0,0 days 00:01:36.323000,HARD,8.0,2,1
515,3,67.14555555483093,25.0,0 days 00:01:36.023000,HARD,9.0,2,1
516,3,30.401944444165565,26.0,0 days 00:01:36.310000,HARD,10.0,2,1
517,10,58.44027777778683,27.0,0 days 00:01:38.660000,HARD,11.0,2,1
518,18,113.469722221751,28.0,0 days 00:01:48.451000,HARD,12.0,3,1
519,23,338.32916666555684,29.0,0 days 00:01:35.172000,HARD,13.0,3,1
520,23,284.9772222210886,30.0,0 days 00:01:34.518000,HARD,14.0,3,1
521,23,230.7641666655254,31.0,0 days 00:01:34.780000,HARD,15.0,3,1
522,23,187.82027777683106,32.0,0 days 00:01:34.576000,HARD,16.0,3,1
523,23,169.16694444377208,33.0,0 days 00:01:34.590000,HARD,17.0,3,1
524,23,119.65277777699521,34.0,0 days 00:01:34.729000,HARD,18.0,3,1
525,23,71.56333333259681,35.0,0 days 00:01:34.528000,HARD,19.0,3,1
526,23,23.70499999957974,36.0,0 days 00:01:34.770000,HARD,20.0,3,1
527,23,7.168055555230239,37.0,0 days 00:01:34.836000,HARD,21.0,3,26
528,27,154.43500000136555,38.0,0 days 00:02:07.464000,HARD,22.0,3,6
529,18,458.21527777821757,39.0,0 days 00:02:07.122000,HARD,23.0,3,6
530,18,496.47500000032596,40.0,0 days 00:01:47.991000,HARD,24.0,3,67
531,18,529.0602777781605,41.0,0 days 00:01:34.523000,HARD,25.0,3,1
532,23,2.495277778391028,42.0,0 days 00:01:34.116000,HARD,26.0,3,1
533,18,513.5766666667769,43.0,0 days 00:01:33.987000,HARD,27.0,3,1
534,18,469.2727777780674,44.0,0 days 00:01:34.064000,HARD,28.0,3,1
535,18,399.1330555550521,45.0,0 days 00:01:33.924000,HARD,29.0,3,1
536,18,290.92249999940395,46.0,0 days 00:01:34.344000,HARD,30.0,3,1
537,18,278.6041666659876,47.0,0 days 00:01:34.372000,HARD,31.0,3,1
538,18,276.70444444328314,48.0,0 days 00:01:36.051000,HARD,32.0,3,2
539,44,914.1844444426824,49.0,0 days 00:01:35.540000,HARD,33.0,3,2
540,44,900.8202777752304,50.0,0 days 00:01:34.701000,HARD,34.0,3,2
541,23,72.57055555555326,2.0,0 days 00:01:39.035000,HARD,3.0,1,1
542,23,82.99250000001484,3.0,0 days 00:01:38.064000,HARD,4.0,1,1
543,24,13.60694444445835,4.0,0 days 00:01:38.357000,HARD,5.0,1,1
544,24,78.77361111111531,5.0,0 days 00:01:38.504000,HARD,6.0,1,1
545,23,69.87749999999505,6.0,0 days 00:01:38.057000,HARD,7.0,1,1
546,23,51.09249999994063,7.0,0 days 00:01:37.487000,HARD,8.0,1,1
547,24,187.16000000001804,8.0,0 days 00:01:37.277000,HARD,9.0,1,1
548,24,224.652222222212,9.0,0 days 00:01:37.034000,HARD,10.0,1,1
549,24,242.22222222224082,10.0,0 days 00:01:37.821000,HARD,11.0,1,1
550,24,315.46527777782467,11.0,0 days 00:01:36.884000,HARD,12.0,1,1
551,18,149.09305555565516,12.0,0 days 00:01:36.594000,HARD,13.0,1,1
552,18,4.9938888888427755,13.0,0 days 00:01:36.690000,HARD,14.0,1,1
553,24,257.97555555557483,14.0,0 days 00:01:36.966000,HARD,15.0,1,1
554,4,243.45027777797077,15.0,0 days 00:01:36.582000,HARD,16.0,1,1
555,4,185.6166666669451,16.0,0 days 00:02:00.614000,HARD,17.0,1,264
556,14,29.874444444663823,17.0,0 days 00:02:16.808000,HARD,18.0,1,4
557,63,279.69305555609753,18.0,,HARD,19.0,1,4
558,63,312.3363888893946,19.0,,HARD,20.0,1,4
559,11,379.0713888891041,20.0,,HARD,21.0,1,4
560,63,75.54944444481225,21.0,0 days 00:01:38.039000,HARD,22.0,1,1
561,11,182.8652777779207,22.0,0 days 00:01:36.740000,HARD,23.0,1,1
562,11,325.5625000001455,23.0,0 days 00:01:36.427000,HARD,24.0,1,1
563,31,7.9844444445334375,24.0,0 days 00:01:36.981000,HARD,25.0,1,1
564,31,58.2058333333116,25.0,0 days 00:01:37.389000,HARD,26.0,1,1
565,31,221.98333333357004,26.0,0 days 00:01:36.065000,HARD,27.0,1,1
566,31,274.3819444446126,27.0,0 days 00:01:35.897000,HARD,28.0,1,1
567,3,18.16583333426388,28.0,0 days 00:01:36.686000,HARD,29.0,1,1
568,3,134.9533333342115,29.0,0 days 00:01:36.467000,HARD,30.0,1,1
569,4,62.66305555697181,30.0,0 days 00:01:35.890000,HARD,31.0,1,1
570,4,131.3072222234041,31.0,0 days 00:01:35.572000,HARD,32.0,1,1
571,4,173.05416666800738,32.0,0 days 00:01:35.881000,HARD,33.0,1,1
572,4,229.25000000096043,33.0,0 days 00:01:35.176000,HARD,34.0,1,1
573,4,253.9436111120449,34.0,0 days 00:01:35.319000,HARD,35.0,1,1
574,4,261.0188888896373,35.0,0 days 00:01:35.613000,HARD,36.0,1,1
575,4,285.74555555623374,36.0,0 days 00:01:35.096000,HARD,37.0,1,1
576,4,291.28250000067055,37.0,0 days 00:01:40.236000,HARD,38.0,1,2
577,18,160.98333333287155,38.0,0 days 00:02:24.318000,MEDIUM,2.0,2,26
578,23,331.9519444432226,39.0,0 days 00:02:05.562000,MEDIUM,3.0,2,6
579,23,244.04027777633746,40.0,0 days 00:01:45.042000,MEDIUM,4.0,2,67
580,23,227.48388888768386,41.0,0 days 00:01:34.734000,MEDIUM,5.0,2,1
581,23,216.50472222128883,42.0,0 days 00:01:34.060000,MEDIUM,6.0,2,1
582,23,124.56972222140757,43.0,0 days 00:01:34.205000,MEDIUM,7.0,2,1
583,23,46.10555555429892,44.0,0 days 00:01:34.590000,MEDIUM,8.0,2,1
584,23,28.793055554153398,45.0,0 days 00:01:34.309000,MEDIUM,9.0,2,1
585,24,407.9180555549101,46.0,0 days 00:01:33.996000,MEDIUM,10.0,2,1
586,24,394.8711111105513,47.0,0 days 00:01:33.651000,MEDIUM,11.0,2,2
587,24,346.2027777772746,48.0,0 days 00:01:35.203000,MEDIUM,12.0,2,2
588,24,339.69555555528495,49.0,0 days 00:01:35.568000,MEDIUM,13.0,2,2
589,24,336.2272222225438,50.0,0 days 00:01:35.820000,MEDIUM,14.0,2,2
590,,,1.0,,MEDIUM,2.0,1,1
591,4,29.65333333333274,2.0,0 days 00:01:38.731000,MEDIUM,3.0,1,1
592,10,32.3036111110996,3.0,0 days 00:01:37.586000,MEDIUM,4.0,1,1
593,10,72.61749999998574,4.0,0 days 00:01:37.575000,MEDIUM,5.0,1,1
594,4,34.60527777782045,5.0,0 days 00:01:37.870000,MEDIUM,6.0,1,1
595,10,114.6186111111856,6.0,0 days 00:01:37.422000,MEDIUM,7.0,1,1
596,44,0.005555555653700139,7.0,0 days 00:01:37.278000,MEDIUM,8.0,1,1
597,44,18.11666666680685,8.0,0 days 00:01:37.282000,MEDIUM,9.0,1,1
598,4,32.063888889002556,9.0,0 days 00:01:37.799000,MEDIUM,10.0,1,1
599,4,67.83861111128499,10.0,0 days 00:01:38.223000,MEDIUM,11.0,1,1
600,4,143.86333333343646,11.0,0 days 00:01:39.149000,MEDIUM,12.0,1,1
601,24,104.21833333323593,12.0,0 days 00:01:38.365000,MEDIUM,13.0,1,1
602,24,224.95305555556843,13.0,0 days 00:01:41.859000,MEDIUM,14.0,1,1
603,27,443.0250000000815,14.0,0 days 00:01:56.297000,HARD,2.0,2,1
604,3,759.0602777779131,15.0,0 days 00:01:37.836000,HARD,3.0,2,2
605,10,478.338611111365,16.0,0 days 00:02:06.144000,HARD,4.0,2,264
606,24,203.37472222214274,17.0,0 days 00:02:06.975000,HARD,5.0,2,4
607,24,297.8155555555568,18.0,,HARD,6.0,2,4
608,24,20.91694444438326,19.0,,HARD,7.0,2,4
609,24,48.7966666665161,20.0,0 days 00:02:19.202000,HARD,8.0,2,4
610,10,25.403888889282825,21.0,0 days 00:01:38.809000,HARD,9.0,2,1
611,24,13.181666666656383,22.0,0 days 00:01:37.787000,HARD,10.0,2,1
612,4,24.550000000424916,23.0,0 days 00:01:36.685000,HARD,11.0,2,1
613,4,96.80277777806623,24.0,0 days 00:01:36.241000,HARD,12.0,2,1
614,4,111.70972222249839,25.0,0 days 00:01:36.287000,HARD,13.0,2,1
615,4,113.07805555636878,26.0,0 days 00:01:36.385000,HARD,14.0,2,1
616,4,136.9469444451097,27.0,0 days 00:01:36.195000,HARD,15.0,2,1
617,4,179.01555555633968,28.0,0 days 00:01:36.209000,HARD,16.0,2,1
618,4,232.79638888977934,29.0,0 days 00:01:36.024000,HARD,17.0,2,1
619,27,239.94166666606907,30.0,0 days 00:01:35.839000,HARD,18.0,2,1
620,27,234.0169444437488,31.0,0 days 00:01:35.449000,HARD,19.0,2,1
621,27,240.5566666656523,32.0,0 days 00:01:35.431000,HARD,20.0,2,1
622,27,215.9372222215461,33.0,0 days 00:01:35.663000,HARD,21.0,2,1
623,27,259.0241666661459,34.0,0 days 00:01:35.161000,HARD,22.0,2,1
624,27,254.26083333313,35.0,0 days 00:01:35.153000,HARD,23.0,2,1
625,27,224.77138888882473,36.0,0 days 00:01:35.315000,HARD,24.0,2,1
626,27,255.96555555565283,37.0,0 days 00:01:35.486000,HARD,25.0,2,2
627,4,462.07444444546127,38.0,0 days 00:02:04.891000,HARD,26.0,2,26
628,20,268.55972222224227,39.0,0 days 00:02:06.480000,HARD,27.0,2,6
629,20,246.58861111148144,40.0,0 days 00:01:49.721000,HARD,28.0,2,67
630,20,256.9747222228034,41.0,0 days 00:01:34.680000,HARD,29.0,2,1
631,44,64.93499999892083,42.0,0 days 00:01:34.810000,HARD,30.0,2,1
632,44,134.1658333328087,43.0,0 days 00:01:35.320000,HARD,31.0,2,1
633,44,257.66805555450264,44.0,0 days 00:01:35.205000,HARD,32.0,2,1
634,44,261.1022222210304,45.0,0 days 00:01:35.191000,HARD,33.0,2,1
635,44,409.95305555470986,46.0,0 days 00:01:34.446000,HARD,34.0,2,1
636,44,510.0130555553478,47.0,0 days 00:01:34.484000,HARD,35.0,2,1
637,44,638.4675000000279,48.0,0 days 00:02:02.768000,HARD,36.0,2,2
638,27,920.4441666690982,49.0,0 days 00:01:38.205000,HARD,37.0,2,2
639,44,31.763055555554274,2.0,0 days 00:01:39.129000,MEDIUM,2.0,1,1
640,3,45.53972222222001,3.0,0 days 00:01:37.860000,MEDIUM,3.0,1,1
641,3,79.33972222223383,4.0,0 days 00:01:38.264000,MEDIUM,4.0,1,1
642,3,131.48388888890258,5.0,0 days 00:01:39.143000,MEDIUM,5.0,1,1
643,24,11.381944444459805,6.0,0 days 00:01:38.125000,MEDIUM,6.0,1,1
644,24,77.59611111108825,7.0,0 days 00:01:39.088000,MEDIUM,7.0,1,1
645,27,103.44805555554922,8.0,0 days 00:01:38.257000,MEDIUM,8.0,1,1
646,3,6.351944444439141,9.0,0 days 00:01:38.028000,MEDIUM,9.0,1,1
647,27,282.1911111110676,10.0,0 days 00:01:37.668000,MEDIUM,10.0,1,1
648,27,287.20749999992404,11.0,0 days 00:01:37.851000,MEDIUM,11.0,1,1
649,27,392.76361111094593,12.0,0 days 00:01:38.253000,MEDIUM,12.0,1,1
650,27,504.56333333313523,13.0,0 days 00:01:41.186000,MEDIUM,13.0,1,1
651,3,14.658055555453757,14.0,0 days 00:01:55.413000,HARD,1.0,2,1
652,18,412.2319444441091,15.0,0 days 00:01:37.345000,HARD,2.0,2,2
653,18,397.66138888876594,16.0,0 days 00:02:04.816000,HARD,3.0,2,264
654,18,293.2930555553321,17.0,0 days 00:02:08.940000,HARD,4.0,2,4
655,18,458.77083333324117,18.0,0 days 00:02:27.510000,HARD,5.0,2,4
656,18,264.5319444445777,19.0,,HARD,6.0,2,4
657,18,320.99083333366434,20.0,0 days 00:02:17.388000,HARD,7.0,2,4
658,4,151.28361111166305,21.0,0 days 00:01:38.940000,HARD,8.0,2,1
659,4,183.53000000033353,22.0,0 days 00:01:37.769000,HARD,9.0,2,1
660,18,224.61611111124512,23.0,0 days 00:01:36.664000,HARD,10.0,2,1
661,18,236.2527777783689,24.0,0 days 00:01:36.251000,HARD,11.0,2,1
662,18,253.85888888928457,25.0,0 days 00:01:36.938000,HARD,12.0,2,1
663,18,335.4536111114139,26.0,0 days 00:01:36.445000,HARD,13.0,2,1
664,18,357.6108333338343,27.0,0 days 00:01:36.411000,HARD,14.0,2,1
665,24,220.9838888901577,28.0,0 days 00:01:36.424000,HARD,15.0,2,1
666,18,437.1975000006787,29.0,0 days 00:01:36.059000,HARD,16.0,2,1
667,18,459.4544444451167,30.0,0 days 00:01:35.898000,HARD,17.0,2,1
668,18,479.7666666674195,31.0,0 days 00:01:35.700000,HARD,18.0,2,1
669,18,529.7283333343512,32.0,0 days 00:01:35.423000,HARD,19.0,2,1
670,18,537.7897222230677,33.0,0 days 00:01:35.568000,HARD,20.0,2,1
671,18,544.1755555566342,34.0,0 days 00:01:35.334000,HARD,21.0,2,1
672,18,581.7652777787007,35.0,0 days 00:01:35.121000,HARD,22.0,2,1
673,24,4.007222222688142,36.0,0 days 00:01:34.889000,HARD,23.0,2,1
674,24,22.999722222535638,37.0,0 days 00:01:35.310000,HARD,24.0,2,2
675,24,67.72833333309973,38.0,0 days 00:02:04.829000,HARD,25.0,2,26
676,18,525.7100000002538,39.0,0 days 00:02:07.305000,HARD,26.0,2,6
677,18,559.0994444444077,40.0,0 days 00:01:48.944000,HARD,27.0,2,67
678,24,14.40416666623787,41.0,0 days 00:01:34.493000,HARD,28.0,2,1
679,24,15.134444443916436,42.0,0 days 00:01:35.035000,HARD,29.0,2,1
680,24,89.74444444390247,43.0,0 days 00:01:35.371000,HARD,30.0,2,1
681,24,202.54138888881425,44.0,0 days 00:01:34.441000,HARD,31.0,2,1
682,24,240.30638888984686,45.0,0 days 00:01:34.788000,HARD,32.0,2,1
683,24,331.1969444458955,46.0,0 days 00:01:34.368000,HARD,33.0,2,1
684,27,9.608611113333609,47.0,0 days 00:01:34.606000,HARD,34.0,2,1
685,14,22.497777777781266,2.0,0 days 00:01:37.201000,MEDIUM,2.0,1,1
686,14,9.713888888882138,3.0,0 days 00:01:36.290000,MEDIUM,3.0,1,1
687,31,134.26194444446446,4.0,0 days 00:01:36.674000,MEDIUM,4.0,1,1
688,14,14.570555555535975,5.0,0 days 00:01:37.613000,MEDIUM,5.0,1,1
689,14,124.61583333336239,6.0,0 days 00:01:35.993000,MEDIUM,6.0,1,1
690,14,107.35527777785319,7.0,0 days 00:01:36.416000,MEDIUM,7.0,1,1
691,31,43.12277777781128,8.0,0 days 00:01:38,MEDIUM,8.0,1,1
692,31,8.25138888884976,9.0,0 days 00:01:37.190000,MEDIUM,9.0,1,1
693,14,9.093055555487808,10.0,0 days 00:01:37.055000,MEDIUM,10.0,1,1
694,14,73.07527777763607,11.0,0 days 00:01:36.416000,MEDIUM,11.0,1,1
695,20,20.354444444412366,12.0,0 days 00:01:36.453000,MEDIUM,12.0,1,1
696,14,75.1180555553874,13.0,0 days 00:01:35.967000,MEDIUM,13.0,1,1
697,14,38.13250000006519,14.0,0 days 00:01:36.398000,MEDIUM,14.0,1,1
698,14,43.77416666671343,15.0,0 days 00:01:36.774000,MEDIUM,15.0,1,1
699,20,4.588888889338705,16.0,0 days 00:02:00.798000,MEDIUM,16.0,1,264
700,63,397.2491666672431,17.0,,HARD,1.0,2,4
701,14,33.61527777793526,18.0,,HARD,2.0,2,4
702,14,6.701944444779656,19.0,,HARD,3.0,2,4
703,14,88.27555555598519,20.0,,HARD,4.0,2,4
704,27,27.130277777978336,21.0,0 days 00:01:38.084000,HARD,5.0,2,1
705,27,0.9944444446009584,22.0,0 days 00:01:37.061000,HARD,6.0,2,1
706,27,8.252777777961455,23.0,0 days 00:01:35.816000,HARD,7.0,2,1
707,11,340.55166666687,24.0,0 days 00:01:35.292000,HARD,8.0,2,1
708,11,367.87805555560044,25.0,0 days 00:01:34.639000,HARD,9.0,2,1
709,11,380.1536111111054,26.0,0 days 00:01:34.735000,HARD,10.0,2,1
710,20,335.796944444417,27.0,0 days 00:01:35.516000,HARD,11.0,2,1
711,20,403.32444444447174,28.0,0 days 00:01:35.096000,HARD,12.0,2,1
712,20,441.14749999999185,29.0,0 days 00:01:34.498000,HARD,13.0,2,1
713,20,405.78694444466964,30.0,0 days 00:01:34.499000,HARD,14.0,2,1
714,20,419.82083333315677,31.0,0 days 00:01:33.979000,HARD,15.0,2,1
715,20,387.7200000004377,32.0,0 days 00:01:35.173000,HARD,16.0,2,1
716,20,458.49694444501074,33.0,0 days 00:01:35.069000,HARD,17.0,2,1
717,14,14.20611111211474,34.0,0 days 00:01:34.060000,HARD,18.0,2,1
718,20,489.79277777910465,35.0,0 days 00:01:37.908000,HARD,19.0,2,1
719,31,34.446388890064554,36.0,0 days 00:02:15.831000,MEDIUM,1.0,3,1
720,63,107.0841666666629,2.0,0 days 00:01:37.232000,MEDIUM,2.0,1,1
721,63,184.17611111112092,3.0,0 days 00:01:36.574000,MEDIUM,3.0,1,1
722,77,30.477777777752635,4.0,0 days 00:01:36.113000,MEDIUM,4.0,1,1
723,31,61.72805555559535,5.0,0 days 00:01:36.191000,MEDIUM,5.0,1,1
724,31,77.79000000000087,6.0,0 days 00:01:36.083000,MEDIUM,6.0,1,1
725,31,86.91194444440771,7.0,0 days 00:01:37.759000,MEDIUM,7.0,1,1
726,77,7.49972222217184,8.0,0 days 00:01:38.308000,MEDIUM,8.0,1,1
727,77,33.25138888899528,9.0,0 days 00:01:36.617000,MEDIUM,9.0,1,1
728,31,30.66333333329385,10.0,0 days 00:01:36.341000,MEDIUM,10.0,1,1
729,31,22.336388888856163,11.0,0 days 00:01:36.502000,MEDIUM,11.0,1,1
730,31,25.03583333331335,12.0,0 days 00:01:36.315000,MEDIUM,12.0,1,1
731,31,2.757222222368,13.0,0 days 00:01:36.431000,MEDIUM,13.0,1,1
732,63,643.9791666667297,14.0,0 days 00:01:36.486000,MEDIUM,14.0,1,1
733,63,662.0222222223674,15.0,0 days 00:01:36.792000,MEDIUM,15.0,1,1
734,11,638.4597222222656,16.0,0 days 00:01:58.830000,MEDIUM,16.0,1,264
735,77,7.074722221877892,17.0,,HARD,1.0,2,4
736,27,125.23055555547762,18.0,,HARD,2.0,2,4
737,27,121.83333333315386,19.0,0 days 00:02:29.932000,HARD,3.0,2,4
738,27,35.9527777776093,20.0,,HARD,4.0,2,4
739,31,38.74861111078644,21.0,0 days 00:01:37.877000,HARD,5.0,2,1
740,31,14.575555555260507,22.0,0 days 00:01:36.705000,HARD,6.0,2,1
741,77,33.02888888842426,23.0,0 days 00:01:35.666000,HARD,7.0,2,1
742,77,22.359166666370584,24.0,,HARD,8.0,2,1
743,77,66.07777777782758,25.0,0 days 00:01:35.361000,HARD,9.0,2,1
744,77,131.58055555570172,26.0,0 days 00:01:34.831000,HARD,10.0,2,1
745,77,151.58916666684672,27.0,0 days 00:01:34.594000,HARD,11.0,2,1
746,77,93.16138888895512,28.0,0 days 00:01:34.943000,HARD,12.0,2,1
747,77,85.49027777771698,29.0,0 days 00:01:35.385000,HARD,13.0,2,1
748,77,168.99749999973574,30.0,0 days 00:01:34.404000,HARD,14.0,2,1
749,77,158.6383333329868,31.0,0 days 00:01:34.202000,HARD,15.0,2,1
750,77,188.3844444435963,32.0,0 days 00:01:33.953000,HARD,16.0,2,1
751,77,94.44361111035687,33.0,0 days 00:01:33.831000,HARD,17.0,2,1
752,77,13.116111110110069,34.0,0 days 00:01:34.671000,HARD,18.0,2,1
753,77,69.61111110987258,35.0,0 days 00:01:34.509000,HARD,19.0,2,1
754,18,31.314444444439687,2.0,0 days 00:01:38.749000,MEDIUM,2.0,1,1
755,44,24.760277777779265,3.0,0 days 00:01:37.376000,MEDIUM,3.0,1,1
756,44,35.37472222222277,4.0,0 days 00:01:37.675000,MEDIUM,4.0,1,1
757,44,45.186388888931106,5.0,0 days 00:01:38.130000,MEDIUM,5.0,1,1
758,4,76.12027777787807,6.0,0 days 00:01:37.311000,MEDIUM,6.0,1,1
759,44,96.46305555558502,7.0,0 days 00:01:37.139000,MEDIUM,7.0,1,1
760,18,99.56777777765092,8.0,0 days 00:01:40.276000,MEDIUM,8.0,1,1
761,24,176.4630555554977,9.0,0 days 00:01:54.148000,HARD,1.0,2,1
762,6,534.1930555555446,10.0,0 days 00:01:36.037000,HARD,2.0,2,1
763,6,458.1952777778133,11.0,0 days 00:01:36.035000,HARD,3.0,2,1
764,6,378.92861111120146,12.0,0 days 00:01:35.716000,HARD,4.0,2,1
765,6,245.69472222214972,13.0,0 days 00:01:35.955000,HARD,5.0,2,1
766,6,57.636666666541714,14.0,0 days 00:01:35.681000,HARD,6.0,2,1
767,27,578.7694444443914,15.0,0 days 00:01:35.907000,HARD,7.0,2,2
768,4,580.2875000000204,16.0,0 days 00:02:02.470000,HARD,8.0,2,264
769,4,53.66694444438326,17.0,0 days 00:02:10.632000,HARD,9.0,2,4
770,31,121.99944444453286,18.0,,HARD,10.0,2,4
771,31,117.13805555566796,19.0,,HARD,11.0,2,4
772,31,320.6619444445969,20.0,0 days 00:02:27.176000,HARD,12.0,2,4
773,14,80.39333333379182,21.0,0 days 00:01:38.412000,HARD,13.0,2,1
774,14,125.47527777824143,22.0,0 days 00:01:37.130000,HARD,14.0,2,1
775,31,151.98222222243203,23.0,0 days 00:01:35.817000,HARD,15.0,2,1
776,27,164.8822222224553,24.0,0 days 00:01:36.211000,HARD,16.0,2,1
777,10,9.851944445079425,25.0,0 days 00:01:36.439000,HARD,17.0,2,1
778,10,23.375833333906485,26.0,0 days 00:01:35.511000,HARD,18.0,2,1
779,27,32.21055555503699,27.0,0 days 00:01:35.255000,HARD,19.0,2,1
780,31,323.41388888820074,28.0,0 days 00:01:35.135000,HARD,20.0,2,1
781,31,320.6419444436615,29.0,0 days 00:01:34.982000,HARD,21.0,2,1
782,31,346.0097222212353,30.0,0 days 00:01:35.042000,HARD,22.0,2,1
783,31,367.1241666659189,31.0,0 days 00:01:35.044000,HARD,23.0,2,1
784,31,414.07388888832065,32.0,0 days 00:01:34.793000,HARD,24.0,2,1
785,31,467.8877777772432,33.0,0 days 00:01:34.701000,HARD,25.0,2,1
786,14,501.5683333330089,34.0,0 days 00:01:34.487000,HARD,26.0,2,1
787,14,503.84027777734445,35.0,0 days 00:01:34.618000,HARD,27.0,2,1
788,77,279.77611110926955,36.0,,HARD,28.0,2,26
789,27,33.80527777777934,2.0,0 days 00:01:40.289000,MEDIUM,2.0,1,1
790,24,110.67388888888854,3.0,0 days 00:01:38.121000,MEDIUM,3.0,1,1
791,27,161.2955555555527,4.0,0 days 00:01:38.161000,MEDIUM,4.0,1,1
792,27,139.67111111112536,5.0,0 days 00:01:38.662000,MEDIUM,5.0,1,1
793,27,170.32611111106598,6.0,0 days 00:01:38.507000,MEDIUM,6.0,1,1
794,27,230.25305555555678,7.0,0 days 00:01:38.018000,MEDIUM,7.0,1,1
795,23,197.58416666663106,8.0,0 days 00:01:38.093000,MEDIUM,8.0,1,1
796,3,122.86083333330316,9.0,0 days 00:01:37.530000,MEDIUM,9.0,1,1
797,23,160.26166666667268,10.0,0 days 00:01:37.558000,MEDIUM,10.0,1,1
798,23,162.35416666665697,11.0,0 days 00:01:37.736000,MEDIUM,11.0,1,1
799,23,157.26666666663368,12.0,0 days 00:01:38.597000,MEDIUM,12.0,1,1
800,23,202.47361111122882,13.0,0 days 00:01:38.208000,MEDIUM,13.0,1,1
801,23,64.72638888913207,14.0,0 days 00:01:38.409000,MEDIUM,14.0,1,1
