LapNumber,LapTime,Compound,TyreLife,TrackStatus,Stint,DistanceToDriverAhead,DriverAhead
1.0,,MEDIUM,1.0,1,1,,
2.0,0 days 00:01:35.275000,MEDIUM,2.0,1,1,76.57749999999396,16
3.0,0 days 00:01:34.890000,MEDIUM,3.0,1,1,116.2524999999896,16
4.0,0 days 00:01:34.700000,MEDIUM,4.0,1,1,148.8616666666312,16
5.0,0 days 00:01:34.809000,MEDIUM,5.0,1,1,160.0861111110935,16
6.0,0 days 00:01:34.840000,MEDIUM,6.0,1,1,135.11555555547966,16
7.0,0 days 00:01:34.634000,MEDIUM,7.0,1,1,165.38305555547413,16
8.0,0 days 00:01:34.821000,MEDIUM,8.0,1,1,181.053611111005,16
9.0,0 days 00:01:34.832000,MEDIUM,9.0,1,1,228.35111111105653,16
10.0,0 days 00:01:35.252000,MEDIUM,10.0,1,1,227.9313888887773,16
11.0,0 days 00:01:34.959000,MEDIUM,11.0,1,1,284.54694444431516,16
12.0,0 days 00:01:35.191000,MEDIUM,12.0,1,1,301.1266666665324,16
13.0,0 days 00:01:34.982000,MEDIUM,13.0,1,1,331.3524999998772,16
14.0,0 days 00:01:35.093000,MEDIUM,14.0,1,1,369.299722221971,16
15.0,0 days 00:01:35.370000,MEDIUM,15.0,1,1,362.1502777774149,16
16.0,0 days 00:01:44.577000,MEDIUM,16.0,264,1,58.55861111058039,11
17.0,,HARD,1.0,4,2,243.3408333328989,16
18.0,,HARD,2.0,4,2,12.502499999667634,20
19.0,0 days 00:02:29.635000,HARD,3.0,4,2,240.78638888822752,16
20.0,,HARD,4.0,4,2,281.20388888816524,16
21.0,0 days 00:01:35.227000,HARD,5.0,1,2,122.11138888822461,44
22.0,0 days 00:01:34.167000,HARD,6.0,1,2,9.854444444004912,20
23.0,0 days 00:01:33.688000,HARD,7.0,1,2,108.46972222145996,55
24.0,0 days 00:01:33.445000,HARD,8.0,1,2,107.08333333258634,55
25.0,0 days 00:01:33.301000,HARD,9.0,1,2,97.99388888839167,55
26.0,0 days 00:01:33.304000,HARD,10.0,1,2,98.45527777765528,55
27.0,0 days 00:01:33.059000,HARD,11.0,1,2,113.27055555558763,55
28.0,0 days 00:01:33.030000,HARD,12.0,1,2,78.42749999999069,55
29.0,0 days 00:01:32.930000,HARD,13.0,1,2,92.26499999995576,55
30.0,0 days 00:01:32.778000,HARD,14.0,1,2,52.718055555509636,55
31.0,0 days 00:01:32.897000,HARD,15.0,1,2,55.1622222221049,55
32.0,0 days 00:01:32.887000,HARD,16.0,1,2,51.4036111109308,55
33.0,0 days 00:01:32.855000,HARD,17.0,1,2,59.188888888806105,55
34.0,0 days 00:01:32.827000,HARD,18.0,1,2,71.57388888887363,55
35.0,0 days 00:01:32.474000,HARD,19.0,1,2,82.27277777786367,55
36.0,0 days 00:01:32.543000,HARD,20.0,1,2,48.31305555574363,55
37.0,0 days 00:01:33.124000,HARD,21.0,2,2,23.281944444519468,55
38.0,0 days 00:01:48.873000,HARD,22.0,26,2,70.40833333364571,55
39.0,0 days 00:02:07.594000,HARD,23.0,6,2,624.9366666662681,16
40.0,0 days 00:02:03.699000,HARD,24.0,6,2,92.3061111109273,55
41.0,0 days 00:01:34.945000,HARD,25.0,67,2,568.329166665877,16
42.0,0 days 00:01:32.755000,HARD,26.0,1,2,521.8788888879062,16
43.0,0 days 00:01:34.644000,HARD,27.0,1,2,492.30277777669835,16
44.0,0 days 00:01:32.302000,HARD,28.0,1,2,89.61749999967287,55
45.0,0 days 00:01:32.063000,HARD,29.0,1,2,105.60861111059785,55
46.0,0 days 00:01:32.737000,HARD,30.0,1,2,100.94638888799818,55
47.0,0 days 00:01:31.779000,HARD,31.0,1,2,142.57194444333436,55
48.0,0 days 00:01:31.861000,HARD,32.0,2,2,131.64222222118406,55
49.0,0 days 00:01:32.079000,HARD,33.0,2,2,144.04166666587116,55
50.0,0 days 00:01:31.772000,HARD,34.0,2,2,161.77694444387453,55
1.0,,MEDIUM,1.0,1,1,,
2.0,0 days 00:01:34.943000,MEDIUM,2.0,1,1,62.62694444444878,11
3.0,0 days 00:01:34.794000,MEDIUM,3.0,1,1,81.67583333333823,11
4.0,0 days 00:01:34.651000,MEDIUM,4.0,1,1,83.28500000002896,11
5.0,0 days 00:01:35.156000,MEDIUM,5.0,1,1,92.96666666671445,11
6.0,0 days 00:01:34.585000,MEDIUM,6.0,1,1,155.58583333338902,11
7.0,0 days 00:01:34.702000,MEDIUM,7.0,1,1,157.45500000009633,11
8.0,0 days 00:01:34.569000,MEDIUM,8.0,1,1,146.23361111115082,11
9.0,0 days 00:01:34.967000,MEDIUM,9.0,1,1,131.27861111103994,11
10.0,0 days 00:01:34.679000,MEDIUM,10.0,1,1,134.75333333325398,11
11.0,0 days 00:01:34.781000,MEDIUM,11.0,1,1,100.28305555546103,11
12.0,0 days 00:01:34.915000,MEDIUM,12.0,1,1,113.39361111097969,11
13.0,0 days 00:01:34.777000,MEDIUM,13.0,1,1,130.20972222201817,11
14.0,0 days 00:01:35.214000,MEDIUM,14.0,1,1,91.32055555535771,11
15.0,0 days 00:01:35.237000,MEDIUM,15.0,1,1,72.57583333308867,11
16.0,0 days 00:01:43.840000,MEDIUM,16.0,264,1,,
17.0,,HARD,1.0,4,2,,
18.0,,HARD,2.0,4,2,,
19.0,0 days 00:02:29.002000,HARD,3.0,4,2,,
20.0,,HARD,4.0,4,2,,
21.0,0 days 00:01:34.636000,HARD,5.0,1,2,,
22.0,0 days 00:01:34.075000,HARD,6.0,1,2,,
23.0,0 days 00:01:33.459000,HARD,7.0,1,2,,
24.0,0 days 00:01:33.521000,HARD,8.0,1,2,,
25.0,0 days 00:01:33.324000,HARD,9.0,1,2,,
26.0,0 days 00:01:33.182000,HARD,10.0,1,2,,
27.0,0 days 00:01:33.184000,HARD,11.0,1,2,,
28.0,0 days 00:01:32.711000,HARD,12.0,1,2,,
29.0,0 days 00:01:32.942000,HARD,13.0,1,2,,
30.0,0 days 00:01:32.752000,HARD,14.0,1,2,,
31.0,0 days 00:01:33.079000,HARD,15.0,1,2,,
32.0,0 days 00:01:32.683000,HARD,16.0,1,2,,
33.0,0 days 00:01:32.878000,HARD,17.0,1,2,,
34.0,0 days 00:01:32.680000,HARD,18.0,1,2,,
35.0,0 days 00:01:32.481000,HARD,19.0,1,2,,
36.0,0 days 00:01:32.640000,HARD,20.0,1,2,,
37.0,0 days 00:01:33.102000,HARD,21.0,2,2,,
38.0,0 days 00:01:47.212000,HARD,22.0,26,2,,
39.0,0 days 00:02:06.419000,HARD,23.0,6,2,,
40.0,0 days 00:02:06.461000,HARD,24.0,6,2,,
41.0,0 days 00:01:36.117000,HARD,25.0,67,2,,
42.0,0 days 00:01:33.281000,HARD,26.0,1,2,,
43.0,0 days 00:01:33.818000,HARD,27.0,1,2,,
44.0,0 days 00:01:32.170000,HARD,28.0,1,2,,
45.0,0 days 00:01:32.259000,HARD,29.0,1,2,,
46.0,0 days 00:01:33.470000,HARD,30.0,1,2,,
47.0,0 days 00:01:32.587000,HARD,31.0,1,2,,
48.0,0 days 00:01:31.634000,HARD,32.0,2,2,,
49.0,0 days 00:01:32.102000,HARD,33.0,2,2,,
50.0,0 days 00:01:31.703000,HARD,34.0,2,2,,
1.0,,MEDIUM,1.0,1,1,,
2.0,0 days 00:01:35.499000,MEDIUM,2.0,1,1,44.73861111111455,1
3.0,0 days 00:01:35.460000,MEDIUM,3.0,1,1,61.43194444444089,1
4.0,0 days 00:01:35.321000,MEDIUM,4.0,1,1,96.15305555556552,1
5.0,0 days 00:01:35.124000,MEDIUM,5.0,1,1,146.73722222222204,1
6.0,0 days 00:01:35.165000,MEDIUM,6.0,1,1,162.10444444450695,1
7.0,0 days 00:01:35.058000,MEDIUM,7.0,1,1,177.7000000001135,1
8.0,0 days 00:01:34.921000,MEDIUM,8.0,1,1,204.9247222223712,1
9.0,0 days 00:01:34.729000,MEDIUM,9.0,1,1,194.76972222243785,1
10.0,0 days 00:01:35.133000,MEDIUM,10.0,1,1,187.75527777804382,1
11.0,0 days 00:01:34.977000,MEDIUM,11.0,1,1,163.85750000029657,1
12.0,0 days 00:01:35.082000,MEDIUM,12.0,1,1,147.89000000037777,1
13.0,0 days 00:01:35.101000,MEDIUM,13.0,1,1,132.53222222266777,1
14.0,0 days 00:01:35.275000,MEDIUM,14.0,1,1,116.72361111172359,1
15.0,0 days 00:01:35.421000,MEDIUM,15.0,1,1,122.67555555640138,1
16.0,0 days 00:01:46.940000,MEDIUM,16.0,264,1,119.90305555643863,1
17.0,,HARD,1.0,4,2,,
18.0,,HARD,2.0,4,2,229.1619444444077,16
19.0,0 days 00:02:29.065000,HARD,3.0,4,2,42.25694444522378,1
20.0,,HARD,4.0,4,2,47.570000000850996,1
21.0,0 days 00:01:35.949000,HARD,5.0,1,2,42.025000000197906,20
22.0,0 days 00:01:34.295000,HARD,6.0,1,2,182.1649999999936,16
23.0,0 days 00:01:33.857000,HARD,7.0,1,2,195.11055555570056,16
24.0,0 days 00:01:33.636000,HARD,8.0,1,2,220.92972222247045,16
25.0,0 days 00:01:33.575000,HARD,9.0,1,2,232.40916666662088,16
26.0,0 days 00:01:33.181000,HARD,10.0,1,2,246.9758333330392,16
27.0,0 days 00:01:33.705000,HARD,11.0,1,2,259.2836111107317,16
28.0,0 days 00:01:33.231000,HARD,12.0,1,2,301.30305555535597,16
29.0,0 days 00:01:33.582000,HARD,13.0,1,2,319.648333332967,16
30.0,0 days 00:01:33.004000,HARD,14.0,1,2,352.81027777749114,16
31.0,0 days 00:01:33.041000,HARD,15.0,1,2,341.3333333331393,16
32.0,0 days 00:01:32.904000,HARD,16.0,1,2,350.33722222194774,16
33.0,0 days 00:01:33.007000,HARD,17.0,1,2,366.2424999998475,16
34.0,0 days 00:01:33.006000,HARD,18.0,1,2,371.0127777776506,16
35.0,0 days 00:01:33.201000,HARD,19.0,1,2,366.5458333330171,16
36.0,0 days 00:01:33.099000,HARD,20.0,1,2,408.77222222212004,16
37.0,0 days 00:01:32.795000,HARD,21.0,2,2,412.93611111081555,16
38.0,0 days 00:01:53.588000,HARD,22.0,26,2,412.08999999947264,16
39.0,0 days 00:02:05.071000,HARD,23.0,6,2,47.06888888881076,1
40.0,0 days 00:02:05.576000,HARD,24.0,67,2,487.01027777726995,16
41.0,0 days 00:01:35.353000,HARD,25.0,7,2,449.5224999994098,16
42.0,0 days 00:01:32.272000,HARD,26.0,1,2,1.2947222228394821,1
43.0,0 days 00:01:32.436000,HARD,27.0,1,2,468.74805555518833,16
44.0,0 days 00:01:32.270000,HARD,28.0,1,2,426.118055554718,16
45.0,0 days 00:01:32.242000,HARD,29.0,1,2,434.9941666655941,16
46.0,0 days 00:01:32.384000,HARD,30.0,1,2,423.8566666657571,16
47.0,0 days 00:01:32.271000,HARD,31.0,1,2,409.0355555548449,16
48.0,0 days 00:01:31.905000,HARD,32.0,2,2,385.9722222214914,16
49.0,0 days 00:01:32.008000,HARD,33.0,1,2,380.7680555548286,16
50.0,0 days 00:01:32.665000,HARD,34.0,2,2,382.9391666658921,16
1.0,,MEDIUM,1.0,1,1,,
2.0,0 days 00:01:34.722000,MEDIUM,2.0,1,1,,
3.0,0 days 00:01:34.596000,MEDIUM,3.0,1,1,,
4.0,0 days 00:01:34.440000,MEDIUM,4.0,1,1,,
5.0,0 days 00:01:34.496000,MEDIUM,5.0,1,1,,
6.0,0 days 00:01:34.481000,MEDIUM,6.0,1,1,,
7.0,0 days 00:01:34.821000,MEDIUM,7.0,1,1,,
8.0,0 days 00:01:34.619000,MEDIUM,8.0,1,1,,
9.0,0 days 00:01:34.825000,MEDIUM,9.0,1,1,,
10.0,0 days 00:01:34.836000,MEDIUM,10.0,1,1,,
11.0,0 days 00:01:34.545000,MEDIUM,11.0,1,1,,
12.0,0 days 00:01:34.671000,MEDIUM,12.0,1,1,,
13.0,0 days 00:01:35.214000,MEDIUM,13.0,1,1,,
14.0,0 days 00:01:35.316000,MEDIUM,14.0,1,1,,
15.0,0 days 00:01:38.591000,MEDIUM,15.0,1,1,,
16.0,0 days 00:02:08.106000,HARD,1.0,264,2,211.69138888889574,16
17.0,,HARD,2.0,4,2,28.54166666684614,63
18.0,,HARD,3.0,4,2,209.3263888885267,16
19.0,0 days 00:02:28.779000,HARD,4.0,4,2,13.556388889119262,20
20.0,,HARD,5.0,4,2,53.08138888851681,55
21.0,0 days 00:01:36.967000,HARD,6.0,1,2,25.236111111487844,1
22.0,0 days 00:01:34.659000,HARD,7.0,1,2,11.379444444784895,63
23.0,0 days 00:01:33.699000,HARD,8.0,1,2,43.32444444482098,63
24.0,0 days 00:01:33.815000,HARD,9.0,1,2,5.5966666667955,44
25.0,0 days 00:01:33.697000,HARD,10.0,1,2,253.6047222231573,1
26.0,0 days 00:01:33.608000,HARD,11.0,1,2,276.2616666671529,1
27.0,0 days 00:01:33.547000,HARD,12.0,1,2,300.43777777813375,1
28.0,0 days 00:01:33.407000,HARD,13.0,1,2,330.4247222224658,1
29.0,0 days 00:01:33.313000,HARD,14.0,1,2,356.4858333336597,1
30.0,0 days 00:01:33.647000,HARD,15.0,1,2,390.49444444463006,1
31.0,0 days 00:01:33.102000,HARD,16.0,1,2,425.3077777780127,1
32.0,0 days 00:01:33.151000,HARD,17.0,1,2,450.02694444468943,1
33.0,0 days 00:01:33.122000,HARD,18.0,1,2,458.50694444437977,1
34.0,0 days 00:01:32.935000,HARD,19.0,1,2,442.91277777787764,1
35.0,0 days 00:01:33.529000,HARD,20.0,1,2,430.72277777738054,1
36.0,0 days 00:01:32.878000,HARD,21.0,1,2,462.07999999981257,1
37.0,0 days 00:01:33.008000,HARD,22.0,2,2,465.81749999985914,1
38.0,0 days 00:01:53.761000,HARD,23.0,26,2,466.97999999977765,1
39.0,0 days 00:02:06.256000,HARD,24.0,6,2,533.5872222224425,1
40.0,0 days 00:02:04.945000,HARD,25.0,67,2,484.683055555739,1
41.0,0 days 00:01:33.974000,HARD,26.0,7,2,491.18666666708305,1
42.0,0 days 00:01:32.205000,HARD,27.0,1,2,548.6286111114314,1
43.0,0 days 00:01:32.410000,HARD,28.0,1,2,517.5005555558892,1
44.0,0 days 00:01:32.044000,HARD,29.0,1,2,450.53861111111473,1
45.0,0 days 00:01:32.093000,HARD,30.0,1,2,447.61555555660743,1
46.0,0 days 00:01:32.042000,HARD,31.0,1,2,439.46000000141794,1
47.0,0 days 00:01:32.260000,HARD,32.0,1,2,430.56166666798526,1
48.0,0 days 00:01:32.333000,HARD,33.0,2,2,427.52138889033813,1
49.0,0 days 00:01:32.485000,HARD,34.0,1,2,428.5161111126072,1
50.0,0 days 00:01:33.160000,HARD,35.0,2,2,452.30833333492046,1
1.0,,MEDIUM,1.0,1,1,,
2.0,0 days 00:01:36.466000,MEDIUM,2.0,1,1,19.684444444448673,31
3.0,0 days 00:01:36.513000,MEDIUM,3.0,1,1,21.105555555579485,31
4.0,0 days 00:01:36.341000,MEDIUM,4.0,1,1,276.2330555555927,55
5.0,0 days 00:01:36.096000,MEDIUM,5.0,1,1,363.57833333336384,55
6.0,0 days 00:01:36.246000,MEDIUM,6.0,1,1,416.8969444444847,55
7.0,0 days 00:01:36.111000,MEDIUM,7.0,1,1,454.63833333337243,55
8.0,0 days 00:01:35.722000,MEDIUM,8.0,1,1,495.1444444445515,55
9.0,0 days 00:01:35.906000,MEDIUM,9.0,1,1,519.8394444444639,55
10.0,0 days 00:01:35.593000,MEDIUM,10.0,1,1,505.4766666667347,55
11.0,0 days 00:01:35.384000,MEDIUM,11.0,1,1,566.4633333333113,55
12.0,0 days 00:01:35.741000,MEDIUM,12.0,1,1,581.1930555554427,55
13.0,0 days 00:01:35.681000,MEDIUM,13.0,1,1,603.9077777774946,55
14.0,0 days 00:01:35.476000,MEDIUM,14.0,1,1,653.0636111106578,55
15.0,0 days 00:01:35.453000,MEDIUM,15.0,1,1,674.0588888883794,55
16.0,0 days 00:01:51.651000,MEDIUM,16.0,264,1,170.63833333314687,11
17.0,,HARD,1.0,4,2,7.158333333150949,11
18.0,,HARD,2.0,4,2,88.35472222160024,44
19.0,0 days 00:02:29.081000,HARD,3.0,4,2,44.156388888310175,44
20.0,,HARD,4.0,4,2,117.53444444434717,20
21.0,0 days 00:01:37.115000,HARD,5.0,1,2,10.883055555386818,11
22.0,0 days 00:01:34.801000,HARD,6.0,1,2,112.29138888849411,44
23.0,0 days 00:01:34.184000,HARD,7.0,1,2,15.0063888883451,44
24.0,0 days 00:01:34.890000,HARD,8.0,1,2,200.7158333332918,1
25.0,0 days 00:01:34.288000,HARD,9.0,1,2,65.24194444349268,11
26.0,0 days 00:01:33.968000,HARD,10.0,1,2,118.55555555480532,11
27.0,0 days 00:01:34.044000,HARD,11.0,1,2,134.16944444339606,11
28.0,0 days 00:01:34.083000,HARD,12.0,1,2,178.0113888878841,11
29.0,0 days 00:01:34.072000,HARD,13.0,1,2,214.04527777660405,11
30.0,0 days 00:01:34.004000,HARD,14.0,1,2,218.23944444349036,11
31.0,0 days 00:01:34.002000,HARD,15.0,1,2,223.80361110996455,11
32.0,0 days 00:01:33.951000,HARD,16.0,1,2,238.42833333226736,11
33.0,0 days 00:01:33.742000,HARD,17.0,1,2,253.42583333226503,11
34.0,0 days 00:01:33.690000,HARD,18.0,1,2,267.91249999863794,11
35.0,0 days 00:01:33.375000,HARD,19.0,1,2,291.9761111099506,11
36.0,0 days 00:01:33.434000,HARD,20.0,1,2,264.65138888711226,11
37.0,0 days 00:01:33.986000,HARD,21.0,2,2,263.9455555535096,11
38.0,0 days 00:01:57.192000,HARD,22.0,26,2,279.10388888727175,11
39.0,0 days 00:02:05.560000,HARD,23.0,6,2,322.16333333126386,11
40.0,0 days 00:02:04.186000,HARD,24.0,67,2,285.70999999786727,11
41.0,0 days 00:01:33.387000,HARD,25.0,1,2,305.45916666457197,11
42.0,0 days 00:01:33.668000,HARD,26.0,1,2,327.9683333316352,11
43.0,0 days 00:01:32.821000,HARD,27.0,1,2,372.55805555393454,11
44.0,0 days 00:01:33.035000,HARD,28.0,1,2,398.87055555387633,11
45.0,0 days 00:01:32.931000,HARD,29.0,1,2,459.97916666435776,11
46.0,0 days 00:01:33.236000,HARD,30.0,1,2,492.5236111082486,11
47.0,0 days 00:01:33.048000,HARD,31.0,1,2,549.8788888861891,11
48.0,0 days 00:01:33.345000,HARD,32.0,2,2,589.7527777749347,11
49.0,0 days 00:01:33.917000,HARD,33.0,1,2,626.1269444416394,11
50.0,0 days 00:01:35.208000,HARD,34.0,2,2,684.4124999975902,11
1.0,,MEDIUM,1.0,1,1,,
2.0,0 days 00:01:36.476000,MEDIUM,2.0,1,1,100.48222222222194,55
3.0,0 days 00:01:37.306000,MEDIUM,3.0,1,1,169.5733333333228,55
4.0,0 days 00:01:37.375000,MEDIUM,4.0,1,1,35.387222222198034,63
5.0,0 days 00:01:36.156000,MEDIUM,5.0,1,1,117.73111111107573,63
6.0,0 days 00:01:36.203000,MEDIUM,6.0,1,1,115.79611111106715,63
7.0,0 days 00:01:38.257000,MEDIUM,7.0,1,1,108.78972222212906,63
8.0,0 days 00:01:38.419000,MEDIUM,8.0,1,1,278.40694444428664,63
9.0,0 days 00:01:36.745000,MEDIUM,9.0,1,1,64.96500000008382,20
10.0,0 days 00:01:36.378000,MEDIUM,10.0,1,1,28.700000000135333,20
11.0,0 days 00:01:36.404000,MEDIUM,11.0,1,1,8.530555555720639,20
12.0,0 days 00:01:36.516000,MEDIUM,12.0,1,1,539.0669444444502,63
13.0,0 days 00:01:37.103000,MEDIUM,13.0,1,1,586.447222222152,63
14.0,0 days 00:01:37.502000,MEDIUM,14.0,1,1,9.336666666626115,77
15.0,0 days 00:01:37.257000,MEDIUM,15.0,1,1,30.84777777804993,20
16.0,0 days 00:02:06.558000,MEDIUM,16.0,264,1,76.54222222216777,44
17.0,0 days 00:02:25.977000,HARD,1.0,4,2,172.51805555527972,77
18.0,,HARD,2.0,4,2,82.5886111108266,77
19.0,,HARD,3.0,4,2,124.77638888890215,14
20.0,,HARD,4.0,4,2,98.58555555524072,77
21.0,0 days 00:01:38.207000,HARD,5.0,1,2,27.031944444272085,77
22.0,0 days 00:01:37.099000,HARD,6.0,1,2,46.90444444429886,77
23.0,0 days 00:01:35.673000,HARD,7.0,1,2,24.476111111289356,14
24.0,0 days 00:01:36.421000,HARD,8.0,1,2,24.570555555343162,14
25.0,0 days 00:01:35.232000,HARD,9.0,1,2,86.99083333308226,14
26.0,0 days 00:01:35.180000,HARD,10.0,1,2,77.54777777733398,14
27.0,0 days 00:01:35.292000,HARD,11.0,1,2,99.33944444410736,14
28.0,0 days 00:01:35.109000,HARD,12.0,1,2,132.57194444426568,14
29.0,0 days 00:01:34.816000,HARD,13.0,1,2,141.8688888886245,14
30.0,0 days 00:01:34.767000,HARD,14.0,1,2,89.93249999993714,14
31.0,0 days 00:01:34.551000,HARD,15.0,1,2,121.1252777777845,14
32.0,0 days 00:01:34.190000,HARD,16.0,1,2,157.18750000014552,14
33.0,0 days 00:01:34.336000,HARD,17.0,1,2,178.71388888871297,14
34.0,0 days 00:01:34.524000,HARD,18.0,1,2,212.86138888809364,77
35.0,0 days 00:01:34.530000,HARD,19.0,1,2,206.43000000025495,14
36.0,0 days 00:01:34.639000,HARD,20.0,1,2,29.57916666546953,77
37.0,0 days 00:01:35.250000,HARD,21.0,2,2,770.8636111114174,20
38.0,0 days 00:02:04.541000,HARD,22.0,26,2,365.7997222227568,20
39.0,0 days 00:02:06.573000,HARD,23.0,6,2,834.4616666659422,44
40.0,0 days 00:01:54.968000,HARD,24.0,67,2,795.482222221588,44
41.0,0 days 00:01:33.862000,HARD,25.0,1,2,1097.1291666681354,63
42.0,0 days 00:01:33.575000,HARD,26.0,1,2,1136.2202777794446,63
43.0,0 days 00:01:33.470000,HARD,27.0,1,2,1161.9286111125257,63
44.0,0 days 00:01:33.156000,HARD,28.0,1,2,1207.2069444457884,63
45.0,0 days 00:01:33.489000,HARD,29.0,1,2,1202.0605555567308,63
46.0,0 days 00:01:33.103000,HARD,30.0,1,2,1223.5011111132335,63
47.0,0 days 00:01:33.424000,HARD,31.0,1,2,1218.6950000023353,63
48.0,0 days 00:01:34.216000,HARD,32.0,2,2,1240.4608333350043,63
49.0,0 days 00:01:35.218000,HARD,33.0,2,2,1319.2252777788672,63
50.0,0 days 00:01:34.439000,HARD,34.0,2,2,1398.7177777780453,63
1.0,,MEDIUM,1.0,1,1,,
2.0,0 days 00:01:38.030000,MEDIUM,2.0,1,1,13.827222222226737,10
3.0,0 days 00:01:37.080000,MEDIUM,3.0,1,1,107.15916666666817,20
4.0,0 days 00:01:38.326000,MEDIUM,4.0,1,1,145.9327777777471,20
5.0,0 days 00:01:38.312000,MEDIUM,5.0,1,1,14.20749999995678,10
6.0,0 days 00:01:36.917000,MEDIUM,6.0,1,1,7.371944444388646,44
7.0,0 days 00:01:36.899000,MEDIUM,7.0,1,1,156.59861111103965,10
8.0,0 days 00:01:37.220000,MEDIUM,8.0,1,1,188.78333333326736,10
9.0,0 days 00:01:37.169000,MEDIUM,9.0,1,1,12.20194444443041,44
10.0,0 days 00:01:37.055000,MEDIUM,10.0,1,1,72.56333333331713,44
11.0,0 days 00:01:37.750000,MEDIUM,11.0,1,1,198.14138888892194,44
12.0,0 days 00:01:37.266000,MEDIUM,12.0,1,1,260.8294444444473,44
13.0,0 days 00:01:37.270000,MEDIUM,13.0,1,1,360.00305555562954,10
14.0,0 days 00:01:37.076000,MEDIUM,14.0,1,1,381.76000000002387,10
15.0,0 days 00:01:37.115000,MEDIUM,15.0,1,1,297.81722222224926,10
16.0,0 days 00:02:01.650000,MEDIUM,16.0,264,1,37.20555555541068,24
17.0,0 days 00:02:28.586000,HARD,1.0,4,2,62.29527777754993,24
18.0,,HARD,2.0,4,2,389.8358333332435,3
19.0,,HARD,3.0,4,2,275.0008333329897,3
20.0,0 days 00:02:24.586000,HARD,4.0,4,2,299.6072222216899,3
21.0,0 days 00:01:38.619000,HARD,5.0,1,2,43.94638888852205,24
22.0,0 days 00:01:37.203000,HARD,6.0,1,2,32.755277777512674,18
23.0,0 days 00:01:35.949000,HARD,7.0,1,2,30.318055555369938,24
24.0,0 days 00:01:36.081000,HARD,8.0,1,2,32.78555555519415,24
25.0,0 days 00:01:36.266000,HARD,9.0,1,2,14.13055555545725,24
26.0,0 days 00:01:36.292000,HARD,10.0,1,2,28.14249999949243,24
27.0,0 days 00:01:35.606000,HARD,11.0,1,2,14.045555555145256,24
28.0,0 days 00:01:35.293000,HARD,12.0,1,2,69.97888888820307,10
29.0,0 days 00:01:35.152000,HARD,13.0,1,2,14.215555555041647,10
30.0,0 days 00:01:34.910000,HARD,14.0,1,2,15.908611110615311,10
31.0,0 days 00:01:34.908000,HARD,15.0,1,2,33.1202777774015,10
32.0,0 days 00:01:34.721000,HARD,16.0,1,2,52.7741666661168,10
33.0,0 days 00:01:34.340000,HARD,17.0,1,2,61.79555555497063,10
34.0,0 days 00:01:34.233000,HARD,18.0,1,2,18.45388888794696,10
35.0,0 days 00:01:34.046000,HARD,19.0,1,2,107.71499999941443,3
36.0,0 days 00:01:34.374000,HARD,20.0,1,2,77.70861111034174,3
37.0,0 days 00:01:34.729000,HARD,21.0,2,2,568.9433333316119,31
38.0,0 days 00:02:04.912000,HARD,22.0,26,2,528.3052777758276,31
39.0,0 days 00:02:06.332000,HARD,23.0,6,2,528.7658333310683,31
40.0,0 days 00:01:53.383000,HARD,24.0,67,2,511.47111110930564,31
41.0,0 days 00:01:33.635000,HARD,25.0,1,2,29.721666665922385,20
42.0,0 days 00:01:33.247000,HARD,26.0,1,2,86.42333333287388,20
43.0,0 days 00:01:33.026000,HARD,27.0,1,2,64.590277776937,20
44.0,0 days 00:01:33.295000,HARD,28.0,1,2,75.89555555509287,20
45.0,0 days 00:01:32.951000,HARD,29.0,1,2,101.11555555532686,20
46.0,0 days 00:01:32.753000,HARD,30.0,1,2,116.57722222217126,20
47.0,0 days 00:01:33.244000,HARD,31.0,1,2,93.92555555555737,20
48.0,0 days 00:01:33.786000,HARD,32.0,2,2,123.88500000059139,20
49.0,0 days 00:01:35.129000,HARD,33.0,2,2,208.00027777830837,20
50.0,0 days 00:01:34.754000,HARD,34.0,2,2,244.92888888920425,20
1.0,,MEDIUM,1.0,1,1,,
2.0,0 days 00:01:38.899000,MEDIUM,2.0,1,1,36.29416666666384,20
3.0,0 days 00:01:36.881000,MEDIUM,3.0,1,1,56.495833333350674,4
4.0,0 days 00:01:37.746000,MEDIUM,4.0,1,1,38.73472222225246,4
5.0,0 days 00:01:36.984000,MEDIUM,5.0,1,1,280.17944444445675,20
6.0,0 days 00:01:36.819000,MEDIUM,6.0,1,1,291.3344444443683,77
7.0,0 days 00:01:36.468000,MEDIUM,7.0,1,1,290.31722222209646,20
8.0,0 days 00:01:36.775000,MEDIUM,8.0,1,1,286.5533333332496,20
9.0,0 days 00:01:37.433000,MEDIUM,9.0,1,1,223.25888888875488,14
10.0,0 days 00:01:36.590000,MEDIUM,10.0,1,1,276.3744444443146,14
11.0,0 days 00:01:36.998000,MEDIUM,11.0,1,1,242.0716666666849,77
12.0,0 days 00:01:37.073000,MEDIUM,12.0,1,1,267.1597222221317,77
13.0,0 days 00:01:37.094000,MEDIUM,13.0,1,1,45.03499999997439,44
14.0,0 days 00:01:38.153000,MEDIUM,14.0,1,1,187.29388888871472,44
15.0,0 days 00:01:39.580000,MEDIUM,15.0,1,1,401.07694444424124,44
16.0,0 days 00:02:23.731000,HARD,1.0,264,2,489.0858333332144,31
17.0,0 days 00:02:09.023000,HARD,2.0,4,2,277.2822222221148,4
18.0,,HARD,3.0,4,2,45.77583333318762,4
19.0,,HARD,4.0,4,2,92.9824999999546,4
20.0,0 days 00:02:22.362000,HARD,5.0,4,2,79.07055555553234,4
21.0,0 days 00:01:38.668000,HARD,6.0,1,2,15.988611110355123,3
22.0,0 days 00:01:37.267000,HARD,7.0,1,2,25.919166666004458,3
23.0,0 days 00:01:36.028000,HARD,8.0,1,2,20.709722221712582,3
24.0,0 days 00:01:35.922000,HARD,9.0,1,2,34.842777777055744,3
25.0,0 days 00:01:36.303000,HARD,10.0,1,2,95.40138888821821,27
26.0,0 days 00:01:36.294000,HARD,11.0,1,2,29.599722221231787,27
27.0,0 days 00:01:35.547000,HARD,12.0,1,2,33.454444444098044,3
28.0,0 days 00:01:36.143000,HARD,13.0,1,2,52.881388887995854,27
29.0,0 days 00:01:35.394000,HARD,14.0,1,2,11.18083333229879,27
30.0,0 days 00:01:34.798000,HARD,15.0,1,2,164.8577777777391,3
31.0,0 days 00:01:34.845000,HARD,16.0,1,2,142.8030555555888,3
32.0,0 days 00:01:34.626000,HARD,17.0,1,2,107.17388888885034,3
33.0,0 days 00:01:34.785000,HARD,18.0,1,2,91.32055555586703,3
34.0,0 days 00:01:34.665000,HARD,19.0,1,2,100.45416666686651,3
35.0,0 days 00:01:34.367000,HARD,20.0,1,2,20.206944445351837,4
36.0,0 days 00:01:35.593000,HARD,21.0,1,2,43.55888889016933,4
37.0,0 days 00:01:35.058000,HARD,22.0,2,2,114.0308333345456,4
38.0,0 days 00:02:05.640000,HARD,23.0,26,2,135.19083333469462,4
39.0,0 days 00:02:05.424000,HARD,24.0,6,2,130.8733333350974,4
40.0,0 days 00:01:53.144000,HARD,25.0,67,2,55.65750000139815,4
41.0,0 days 00:01:33.666000,HARD,26.0,1,2,73.1158333348867,4
42.0,0 days 00:01:33.468000,HARD,27.0,1,2,60.6330555571476,4
43.0,0 days 00:01:33.550000,HARD,28.0,1,2,58.30750000185799,4
44.0,0 days 00:01:33.677000,HARD,29.0,1,2,82.36416666855803,4
45.0,0 days 00:01:33.616000,HARD,30.0,1,2,101.66527777980082,4
46.0,0 days 00:01:33.779000,HARD,31.0,1,2,45.38972222380107,20
47.0,0 days 00:01:33.961000,HARD,32.0,1,2,82.11722222389653,20
48.0,0 days 00:01:34.331000,HARD,33.0,2,2,150.51833333523246,20
49.0,0 days 00:01:34.711000,HARD,34.0,2,2,199.5388888909947,4
50.0,0 days 00:01:34.192000,HARD,35.0,2,2,175.64444444642868,4
1.0,,HARD,3.0,1,1,,
2.0,0 days 00:01:37.501000,HARD,4.0,1,1,25.232777777774572,77
3.0,0 days 00:01:36.830000,HARD,5.0,1,1,37.960277777759984,77
4.0,0 days 00:01:36.837000,HARD,6.0,1,1,39.31027777779673,14
5.0,0 days 00:01:36.968000,HARD,7.0,1,1,69.32361111109276,77
6.0,0 days 00:01:36.843000,HARD,8.0,1,1,3.5652777777504525,77
7.0,0 days 00:01:36.708000,HARD,9.0,1,1,59.38388888895133,77
8.0,0 days 00:01:36.481000,HARD,10.0,1,1,62.819166666704405,14
9.0,0 days 00:01:37.306000,HARD,11.0,1,1,336.89638888869376,63
10.0,0 days 00:01:36.743000,HARD,12.0,1,1,381.5702777775223,63
11.0,0 days 00:01:37.700000,HARD,13.0,1,1,408.29694444422057,63
12.0,0 days 00:01:37.029000,HARD,14.0,1,1,52.30722222215263,14
13.0,0 days 00:01:36.700000,HARD,15.0,1,1,10.946944444411201,77
14.0,0 days 00:01:36.567000,HARD,16.0,1,1,49.015833333236515,31
15.0,0 days 00:01:36.103000,HARD,17.0,1,1,54.616666666348465,77
16.0,0 days 00:02:02.811000,HARD,18.0,264,1,32.728888888741494,14
17.0,0 days 00:02:20.945000,HARD,19.0,4,1,305.72638888895744,63
18.0,,HARD,20.0,4,1,31.104722222531564,1
19.0,0 days 00:02:29.807000,HARD,21.0,4,1,20.95972222238197,1
20.0,,HARD,22.0,4,1,81.68611111103382,11
21.0,0 days 00:01:37.631000,HARD,23.0,1,1,32.78861111092556,16
22.0,0 days 00:01:35.639000,HARD,24.0,1,1,11.369166667049285,1
23.0,0 days 00:01:35.742000,HARD,25.0,1,1,95.44611111195991,1
24.0,0 days 00:01:35.393000,HARD,26.0,1,1,11.964722222357523,44
25.0,0 days 00:01:35.750000,HARD,27.0,1,1,81.0413888899493,63
26.0,0 days 00:01:35.509000,HARD,28.0,1,1,38.5124999997206,44
27.0,0 days 00:01:34.796000,HARD,29.0,1,1,105.21111111046048,44
28.0,0 days 00:01:34.837000,HARD,30.0,1,1,114.35722222158802,44
29.0,0 days 00:01:34.836000,HARD,31.0,1,1,141.89444444386754,44
30.0,0 days 00:01:34.572000,HARD,32.0,1,1,178.47027777702897,44
31.0,0 days 00:01:34.462000,HARD,33.0,1,1,219.00222222160664,44
32.0,0 days 00:01:34.569000,HARD,34.0,1,1,227.8388888881018,44
33.0,0 days 00:01:34.144000,HARD,35.0,1,1,276.10638888794347,44
34.0,0 days 00:01:34.834000,HARD,36.0,1,1,277.68555555446073,44
35.0,0 days 00:01:35.166000,HARD,37.0,1,1,330.4427777764213,44
36.0,0 days 00:01:34.194000,HARD,38.0,1,1,344.3580555545923,44
37.0,0 days 00:01:39.989000,HARD,39.0,2,1,352.4077777765633,44
38.0,0 days 00:02:23.719000,MEDIUM,3.0,26,2,419.87527777656214,44
39.0,0 days 00:02:07.206000,MEDIUM,4.0,6,2,0.05722222363692708,4
40.0,0 days 00:01:49.251000,MEDIUM,5.0,67,2,58.32333333304268,10
41.0,0 days 00:01:33.188000,MEDIUM,6.0,1,2,31.123333332390757,10
42.0,0 days 00:01:33.927000,MEDIUM,7.0,1,2,294.9216666656721,31
43.0,0 days 00:01:33.238000,MEDIUM,8.0,1,2,20.200277776748408,10
44.0,0 days 00:01:33.175000,MEDIUM,9.0,1,2,8.123611109593185,10
45.0,0 days 00:01:33.110000,MEDIUM,10.0,1,2,284.6658333322266,31
46.0,0 days 00:01:33.452000,MEDIUM,11.0,1,2,254.25777777668554,31
47.0,0 days 00:01:32.968000,MEDIUM,12.0,1,2,266.68166666617617,31
48.0,0 days 00:01:32.779000,MEDIUM,13.0,2,2,204.49722222151468,31
49.0,0 days 00:01:33.600000,MEDIUM,14.0,2,2,131.03249999921536,31
50.0,0 days 00:01:32.829000,MEDIUM,15.0,2,2,69.52444444422144,31
1.0,,HARD,2.0,1,1,,
2.0,0 days 00:01:38.649000,HARD,3.0,1,1,2.0850000000018554,3
3.0,0 days 00:01:37.618000,HARD,4.0,1,1,12.38638888888272,18
4.0,0 days 00:01:37.706000,HARD,5.0,1,1,4.853888888890651,18
5.0,0 days 00:01:37.984000,HARD,6.0,1,1,11.51083333330098,18
6.0,0 days 00:01:37.275000,HARD,7.0,1,1,13.376944444386027,18
7.0,0 days 00:01:37.204000,HARD,8.0,1,1,1.049999999893771,18
8.0,0 days 00:01:37.073000,HARD,9.0,1,1,8.337777777858719,4
9.0,0 days 00:01:36.698000,HARD,10.0,1,1,226.78888888889924,10
10.0,0 days 00:01:35.812000,HARD,11.0,1,1,162.1977777778011,10
11.0,0 days 00:01:36.957000,HARD,12.0,1,1,76.40083333329676,10
12.0,0 days 00:01:35.788000,HARD,13.0,1,1,78.86111111115315,10
13.0,0 days 00:01:35.507000,HARD,14.0,1,1,193.66611111089878,14
14.0,0 days 00:01:35.648000,HARD,15.0,1,1,163.81361111113802,14
15.0,0 days 00:01:35.875000,HARD,16.0,1,1,80.53416666657722,31
16.0,0 days 00:02:04.362000,HARD,17.0,264,1,52.87666666651785,77
17.0,0 days 00:02:19.823000,HARD,18.0,4,1,188.81361111145816,20
18.0,,HARD,19.0,4,1,60.786944445222616,1
19.0,0 days 00:02:29.683000,HARD,20.0,4,1,87.78444444474007,11
20.0,,HARD,21.0,4,1,57.56444444479712,63
21.0,0 days 00:01:37.339000,HARD,22.0,1,1,12.104166666729725,55
22.0,0 days 00:01:35.996000,HARD,23.0,1,1,41.013611111280625,20
23.0,0 days 00:01:34.928000,HARD,24.0,1,1,45.93833333335351,20
24.0,0 days 00:01:35.876000,HARD,25.0,1,1,29.302222222904675,63
25.0,0 days 00:01:34.820000,HARD,26.0,1,1,30.153055555565516,20
26.0,0 days 00:01:34.544000,HARD,27.0,1,1,120.66083333356073,11
27.0,0 days 00:01:34.699000,HARD,28.0,1,1,143.73805555622675,11
28.0,0 days 00:01:34.266000,HARD,29.0,1,1,158.98805555613944,11
29.0,0 days 00:01:34.189000,HARD,30.0,1,1,186.9919444450643,11
30.0,0 days 00:01:34.074000,HARD,31.0,1,1,214.77916666748933,11
31.0,0 days 00:01:34.159000,HARD,32.0,1,1,222.60555555630708,11
32.0,0 days 00:01:33.911000,HARD,33.0,1,1,270.4513888906804,63
33.0,0 days 00:01:33.937000,HARD,34.0,1,1,263.36277777981013,63
34.0,0 days 00:01:33.746000,HARD,35.0,1,1,258.5483333353477,63
35.0,0 days 00:01:34.144000,HARD,36.0,1,1,265.59416666894685,63
36.0,0 days 00:01:33.790000,HARD,37.0,1,1,281.74333333567483,63
37.0,0 days 00:01:38.059000,HARD,38.0,2,1,289.16277778040967,63
38.0,0 days 00:02:00.592000,HARD,39.0,26,1,408.44388889099355,63
39.0,0 days 00:02:06.598000,HARD,40.0,6,1,385.40138889141963,63
40.0,0 days 00:02:03.425000,HARD,41.0,67,1,391.0238888915628,63
41.0,0 days 00:01:53.062000,MEDIUM,1.0,1,2,666.7702777800732,63
42.0,0 days 00:01:33.982000,MEDIUM,2.0,1,2,146.12666666912264,4
43.0,0 days 00:01:33.945000,MEDIUM,3.0,1,2,162.78500000247732,4
44.0,0 days 00:01:35.048000,MEDIUM,4.0,1,2,195.58194444706896,4
45.0,0 days 00:01:33.379000,MEDIUM,5.0,1,2,292.3875000010594,10
46.0,0 days 00:01:33.289000,MEDIUM,6.0,1,2,289.45694444532273,10
47.0,0 days 00:01:32.997000,MEDIUM,7.0,1,2,279.0386111110565,10
48.0,0 days 00:01:33.185000,MEDIUM,8.0,2,2,241.25666666624602,10
49.0,0 days 00:01:35.663000,MEDIUM,9.0,2,2,207.89972222136566,10
50.0,0 days 00:01:35.855000,MEDIUM,10.0,2,2,221.72416666644858,10
1.0,,MEDIUM,1.0,1,1,,
2.0,0 days 00:01:38.663000,MEDIUM,2.0,1,1,35.946666666669444,6
3.0,0 days 00:01:37.564000,MEDIUM,3.0,1,1,23.1580555555538,27
4.0,0 days 00:01:37.639000,MEDIUM,4.0,1,1,94.5724999999984,23
5.0,0 days 00:01:38.409000,MEDIUM,5.0,1,1,36.89527777774856,23
6.0,0 days 00:01:37.275000,MEDIUM,6.0,1,1,189.24416666667457,3
7.0,0 days 00:01:36.823000,MEDIUM,7.0,1,1,198.02222222233104,3
8.0,0 days 00:01:36.730000,MEDIUM,8.0,1,1,159.31972222232434,3
9.0,0 days 00:01:36.899000,MEDIUM,9.0,1,1,207.63250000005064,18
10.0,0 days 00:01:37.149000,MEDIUM,10.0,1,1,133.11222222220385,18
11.0,0 days 00:01:37.067000,MEDIUM,11.0,1,1,50.74027777776064,18
12.0,0 days 00:01:36.926000,MEDIUM,12.0,1,1,158.51416666674777,4
13.0,0 days 00:01:36.251000,MEDIUM,13.0,1,1,121.64805555564817,4
14.0,0 days 00:01:36.783000,MEDIUM,14.0,1,1,25.67194444462075,4
15.0,0 days 00:01:36.659000,MEDIUM,15.0,1,1,3.992777777981246,4
16.0,0 days 00:02:02.305000,MEDIUM,16.0,264,1,2.7291666668170365,10
17.0,,HARD,1.0,4,2,80.04277777792595,31
18.0,,HARD,2.0,4,2,324.27750000034575,10
19.0,,HARD,3.0,4,2,100.1886111114145,10
20.0,0 days 00:02:20.595000,HARD,4.0,4,2,163.1119444448559,10
21.0,0 days 00:01:38.710000,HARD,5.0,1,2,7.425277777889278,18
22.0,0 days 00:01:37.364000,HARD,6.0,1,2,29.819166667060927,10
23.0,0 days 00:01:35.874000,HARD,7.0,1,2,39.304722222324926,10
24.0,0 days 00:01:36.323000,HARD,8.0,1,2,28.065833333530463,10
25.0,0 days 00:01:36.023000,HARD,9.0,1,2,67.14555555483093,3
26.0,0 days 00:01:36.310000,HARD,10.0,1,2,30.401944444165565,3
27.0,0 days 00:01:38.660000,HARD,11.0,1,2,58.44027777778683,10
28.0,0 days 00:01:48.451000,HARD,12.0,1,3,113.469722221751,18
29.0,0 days 00:01:35.172000,HARD,13.0,1,3,338.32916666555684,23
30.0,0 days 00:01:34.518000,HARD,14.0,1,3,284.9772222210886,23
31.0,0 days 00:01:34.780000,HARD,15.0,1,3,230.7641666655254,23
32.0,0 days 00:01:34.576000,HARD,16.0,1,3,187.82027777683106,23
33.0,0 days 00:01:34.590000,HARD,17.0,1,3,169.16694444377208,23
34.0,0 days 00:01:34.729000,HARD,18.0,1,3,119.65277777699521,23
35.0,0 days 00:01:34.528000,HARD,19.0,1,3,71.56333333259681,23
36.0,0 days 00:01:34.770000,HARD,20.0,1,3,23.70499999957974,23
37.0,0 days 00:01:34.836000,HARD,21.0,26,3,7.168055555230239,23
38.0,0 days 00:02:07.464000,HARD,22.0,6,3,154.43500000136555,27
39.0,0 days 00:02:07.122000,HARD,23.0,6,3,458.21527777821757,18
40.0,0 days 00:01:47.991000,HARD,24.0,67,3,496.47500000032596,18
41.0,0 days 00:01:34.523000,HARD,25.0,1,3,529.0602777781605,18
42.0,0 days 00:01:34.116000,HARD,26.0,1,3,2.495277778391028,23
43.0,0 days 00:01:33.987000,HARD,27.0,1,3,513.5766666667769,18
44.0,0 days 00:01:34.064000,HARD,28.0,1,3,469.2727777780674,18
45.0,0 days 00:01:33.924000,HARD,29.0,1,3,399.1330555550521,18
46.0,0 days 00:01:34.344000,HARD,30.0,1,3,290.92249999940395,18
47.0,0 days 00:01:34.372000,HARD,31.0,1,3,278.6041666659876,18
48.0,0 days 00:01:36.051000,HARD,32.0,2,3,276.70444444328314,18
49.0,0 days 00:01:35.540000,HARD,33.0,2,3,914.1844444426824,44
50.0,0 days 00:01:34.701000,HARD,34.0,2,3,900.8202777752304,44
1.0,,HARD,2.0,1,1,,
2.0,0 days 00:01:39.035000,HARD,3.0,1,1,72.57055555555326,23
3.0,0 days 00:01:38.064000,HARD,4.0,1,1,82.99250000001484,23
4.0,0 days 00:01:38.357000,HARD,5.0,1,1,13.60694444445835,24
5.0,0 days 00:01:38.504000,HARD,6.0,1,1,78.77361111111531,24
6.0,0 days 00:01:38.057000,HARD,7.0,1,1,69.87749999999505,23
7.0,0 days 00:01:37.487000,HARD,8.0,1,1,51.09249999994063,23
8.0,0 days 00:01:37.277000,HARD,9.0,1,1,187.16000000001804,24
9.0,0 days 00:01:37.034000,HARD,10.0,1,1,224.652222222212,24
10.0,0 days 00:01:37.821000,HARD,11.0,1,1,242.22222222224082,24
11.0,0 days 00:01:36.884000,HARD,12.0,1,1,315.46527777782467,24
12.0,0 days 00:01:36.594000,HARD,13.0,1,1,149.09305555565516,18
13.0,0 days 00:01:36.690000,HARD,14.0,1,1,4.9938888888427755,18
14.0,0 days 00:01:36.966000,HARD,15.0,1,1,257.97555555557483,24
15.0,0 days 00:01:36.582000,HARD,16.0,1,1,243.45027777797077,4
16.0,0 days 00:02:00.614000,HARD,17.0,264,1,185.6166666669451,4
17.0,0 days 00:02:16.808000,HARD,18.0,4,1,29.874444444663823,14
18.0,,HARD,19.0,4,1,279.69305555609753,63
19.0,,HARD,20.0,4,1,312.3363888893946,63
20.0,,HARD,21.0,4,1,379.0713888891041,11
21.0,0 days 00:01:38.039000,HARD,22.0,1,1,75.54944444481225,63
22.0,0 days 00:01:36.740000,HARD,23.0,1,1,182.8652777779207,11
23.0,0 days 00:01:36.427000,HARD,24.0,1,1,325.5625000001455,11
24.0,0 days 00:01:36.981000,HARD,25.0,1,1,7.9844444445334375,31
25.0,0 days 00:01:37.389000,HARD,26.0,1,1,58.2058333333116,31
26.0,0 days 00:01:36.065000,HARD,27.0,1,1,221.98333333357004,31
27.0,0 days 00:01:35.897000,HARD,28.0,1,1,274.3819444446126,31
28.0,0 days 00:01:36.686000,HARD,29.0,1,1,18.16583333426388,3
29.0,0 days 00:01:36.467000,HARD,30.0,1,1,134.9533333342115,3
30.0,0 days 00:01:35.890000,HARD,31.0,1,1,62.66305555697181,4
31.0,0 days 00:01:35.572000,HARD,32.0,1,1,131.3072222234041,4
32.0,0 days 00:01:35.881000,HARD,33.0,1,1,173.05416666800738,4
33.0,0 days 00:01:35.176000,HARD,34.0,1,1,229.25000000096043,4
34.0,0 days 00:01:35.319000,HARD,35.0,1,1,253.9436111120449,4
35.0,0 days 00:01:35.613000,HARD,36.0,1,1,261.0188888896373,4
36.0,0 days 00:01:35.096000,HARD,37.0,1,1,285.74555555623374,4
37.0,0 days 00:01:40.236000,HARD,38.0,2,1,291.28250000067055,4
38.0,0 days 00:02:24.318000,MEDIUM,2.0,26,2,160.98333333287155,18
39.0,0 days 00:02:05.562000,MEDIUM,3.0,6,2,331.9519444432226,23
40.0,0 days 00:01:45.042000,MEDIUM,4.0,67,2,244.04027777633746,23
41.0,0 days 00:01:34.734000,MEDIUM,5.0,1,2,227.48388888768386,23
42.0,0 days 00:01:34.060000,MEDIUM,6.0,1,2,216.50472222128883,23
43.0,0 days 00:01:34.205000,MEDIUM,7.0,1,2,124.56972222140757,23
44.0,0 days 00:01:34.590000,MEDIUM,8.0,1,2,46.10555555429892,23
45.0,0 days 00:01:34.309000,MEDIUM,9.0,1,2,28.793055554153398,23
46.0,0 days 00:01:33.996000,MEDIUM,10.0,1,2,407.9180555549101,24
47.0,0 days 00:01:33.651000,MEDIUM,11.0,2,2,394.8711111105513,24
48.0,0 days 00:01:35.203000,MEDIUM,12.0,2,2,346.2027777772746,24
49.0,0 days 00:01:35.568000,MEDIUM,13.0,2,2,339.69555555528495,24
50.0,0 days 00:01:35.820000,MEDIUM,14.0,2,2,336.2272222225438,24
1.0,,MEDIUM,2.0,1,1,,
2.0,0 days 00:01:38.731000,MEDIUM,3.0,1,1,29.65333333333274,4
3.0,0 days 00:01:37.586000,MEDIUM,4.0,1,1,32.3036111110996,10
4.0,0 days 00:01:37.575000,MEDIUM,5.0,1,1,72.61749999998574,10
5.0,0 days 00:01:37.870000,MEDIUM,6.0,1,1,34.60527777782045,4
6.0,0 days 00:01:37.422000,MEDIUM,7.0,1,1,114.6186111111856,10
7.0,0 days 00:01:37.278000,MEDIUM,8.0,1,1,0.005555555653700139,44
8.0,0 days 00:01:37.282000,MEDIUM,9.0,1,1,18.11666666680685,44
9.0,0 days 00:01:37.799000,MEDIUM,10.0,1,1,32.063888889002556,4
10.0,0 days 00:01:38.223000,MEDIUM,11.0,1,1,67.83861111128499,4
11.0,0 days 00:01:39.149000,MEDIUM,12.0,1,1,143.86333333343646,4
12.0,0 days 00:01:38.365000,MEDIUM,13.0,1,1,104.21833333323593,24
13.0,0 days 00:01:41.859000,MEDIUM,14.0,1,1,224.95305555556843,24
14.0,0 days 00:01:56.297000,HARD,2.0,1,2,443.0250000000815,27
15.0,0 days 00:01:37.836000,HARD,3.0,2,2,759.0602777779131,3
16.0,0 days 00:02:06.144000,HARD,4.0,264,2,478.338611111365,10
17.0,0 days 00:02:06.975000,HARD,5.0,4,2,203.37472222214274,24
18.0,,HARD,6.0,4,2,297.8155555555568,24
19.0,,HARD,7.0,4,2,20.91694444438326,24
20.0,0 days 00:02:19.202000,HARD,8.0,4,2,48.7966666665161,24
21.0,0 days 00:01:38.809000,HARD,9.0,1,2,25.403888889282825,10
22.0,0 days 00:01:37.787000,HARD,10.0,1,2,13.181666666656383,24
23.0,0 days 00:01:36.685000,HARD,11.0,1,2,24.550000000424916,4
24.0,0 days 00:01:36.241000,HARD,12.0,1,2,96.80277777806623,4
25.0,0 days 00:01:36.287000,HARD,13.0,1,2,111.70972222249839,4
26.0,0 days 00:01:36.385000,HARD,14.0,1,2,113.07805555636878,4
27.0,0 days 00:01:36.195000,HARD,15.0,1,2,136.9469444451097,4
28.0,0 days 00:01:36.209000,HARD,16.0,1,2,179.01555555633968,4
29.0,0 days 00:01:36.024000,HARD,17.0,1,2,232.79638888977934,4
30.0,0 days 00:01:35.839000,HARD,18.0,1,2,239.94166666606907,27
31.0,0 days 00:01:35.449000,HARD,19.0,1,2,234.0169444437488,27
32.0,0 days 00:01:35.431000,HARD,20.0,1,2,240.5566666656523,27
33.0,0 days 00:01:35.663000,HARD,21.0,1,2,215.9372222215461,27
34.0,0 days 00:01:35.161000,HARD,22.0,1,2,259.0241666661459,27
35.0,0 days 00:01:35.153000,HARD,23.0,1,2,254.26083333313,27
36.0,0 days 00:01:35.315000,HARD,24.0,1,2,224.77138888882473,27
37.0,0 days 00:01:35.486000,HARD,25.0,2,2,255.96555555565283,27
38.0,0 days 00:02:04.891000,HARD,26.0,26,2,462.07444444546127,4
39.0,0 days 00:02:06.480000,HARD,27.0,6,2,268.55972222224227,20
40.0,0 days 00:01:49.721000,HARD,28.0,67,2,246.58861111148144,20
41.0,0 days 00:01:34.680000,HARD,29.0,1,2,256.9747222228034,20
42.0,0 days 00:01:34.810000,HARD,30.0,1,2,64.93499999892083,44
43.0,0 days 00:01:35.320000,HARD,31.0,1,2,134.1658333328087,44
44.0,0 days 00:01:35.205000,HARD,32.0,1,2,257.66805555450264,44
45.0,0 days 00:01:35.191000,HARD,33.0,1,2,261.1022222210304,44
46.0,0 days 00:01:34.446000,HARD,34.0,1,2,409.95305555470986,44
47.0,0 days 00:01:34.484000,HARD,35.0,1,2,510.0130555553478,44
48.0,0 days 00:02:02.768000,HARD,36.0,2,2,638.4675000000279,44
49.0,0 days 00:01:38.205000,HARD,37.0,2,2,920.4441666690982,27
1.0,,MEDIUM,1.0,1,1,,
2.0,0 days 00:01:39.129000,MEDIUM,2.0,1,1,31.763055555554274,44
3.0,0 days 00:01:37.860000,MEDIUM,3.0,1,1,45.53972222222001,3
4.0,0 days 00:01:38.264000,MEDIUM,4.0,1,1,79.33972222223383,3
5.0,0 days 00:01:39.143000,MEDIUM,5.0,1,1,131.48388888890258,3
6.0,0 days 00:01:38.125000,MEDIUM,6.0,1,1,11.381944444459805,24
7.0,0 days 00:01:39.088000,MEDIUM,7.0,1,1,77.59611111108825,24
8.0,0 days 00:01:38.257000,MEDIUM,8.0,1,1,103.44805555554922,27
9.0,0 days 00:01:38.028000,MEDIUM,9.0,1,1,6.351944444439141,3
10.0,0 days 00:01:37.668000,MEDIUM,10.0,1,1,282.1911111110676,27
11.0,0 days 00:01:37.851000,MEDIUM,11.0,1,1,287.20749999992404,27
12.0,0 days 00:01:38.253000,MEDIUM,12.0,1,1,392.76361111094593,27
13.0,0 days 00:01:41.186000,MEDIUM,13.0,1,1,504.56333333313523,27
14.0,0 days 00:01:55.413000,HARD,1.0,1,2,14.658055555453757,3
15.0,0 days 00:01:37.345000,HARD,2.0,2,2,412.2319444441091,18
16.0,0 days 00:02:04.816000,HARD,3.0,264,2,397.66138888876594,18
17.0,0 days 00:02:08.940000,HARD,4.0,4,2,293.2930555553321,18
18.0,0 days 00:02:27.510000,HARD,5.0,4,2,458.77083333324117,18
19.0,,HARD,6.0,4,2,264.5319444445777,18
20.0,0 days 00:02:17.388000,HARD,7.0,4,2,320.99083333366434,18
21.0,0 days 00:01:38.940000,HARD,8.0,1,2,151.28361111166305,4
22.0,0 days 00:01:37.769000,HARD,9.0,1,2,183.53000000033353,4
23.0,0 days 00:01:36.664000,HARD,10.0,1,2,224.61611111124512,18
24.0,0 days 00:01:36.251000,HARD,11.0,1,2,236.2527777783689,18
25.0,0 days 00:01:36.938000,HARD,12.0,1,2,253.85888888928457,18
26.0,0 days 00:01:36.445000,HARD,13.0,1,2,335.4536111114139,18
27.0,0 days 00:01:36.411000,HARD,14.0,1,2,357.6108333338343,18
28.0,0 days 00:01:36.424000,HARD,15.0,1,2,220.9838888901577,24
29.0,0 days 00:01:36.059000,HARD,16.0,1,2,437.1975000006787,18
30.0,0 days 00:01:35.898000,HARD,17.0,1,2,459.4544444451167,18
31.0,0 days 00:01:35.700000,HARD,18.0,1,2,479.7666666674195,18
32.0,0 days 00:01:35.423000,HARD,19.0,1,2,529.7283333343512,18
33.0,0 days 00:01:35.568000,HARD,20.0,1,2,537.7897222230677,18
34.0,0 days 00:01:35.334000,HARD,21.0,1,2,544.1755555566342,18
35.0,0 days 00:01:35.121000,HARD,22.0,1,2,581.7652777787007,18
36.0,0 days 00:01:34.889000,HARD,23.0,1,2,4.007222222688142,24
37.0,0 days 00:01:35.310000,HARD,24.0,2,2,22.999722222535638,24
38.0,0 days 00:02:04.829000,HARD,25.0,26,2,67.72833333309973,24
39.0,0 days 00:02:07.305000,HARD,26.0,6,2,525.7100000002538,18
40.0,0 days 00:01:48.944000,HARD,27.0,67,2,559.0994444444077,18
41.0,0 days 00:01:34.493000,HARD,28.0,1,2,14.40416666623787,24
42.0,0 days 00:01:35.035000,HARD,29.0,1,2,15.134444443916436,24
43.0,0 days 00:01:35.371000,HARD,30.0,1,2,89.74444444390247,24
44.0,0 days 00:01:34.441000,HARD,31.0,1,2,202.54138888881425,24
45.0,0 days 00:01:34.788000,HARD,32.0,1,2,240.30638888984686,24
46.0,0 days 00:01:34.368000,HARD,33.0,1,2,331.1969444458955,24
47.0,0 days 00:01:34.606000,HARD,34.0,1,2,9.608611113333609,27
1.0,,MEDIUM,1.0,1,1,,
2.0,0 days 00:01:37.201000,MEDIUM,2.0,1,1,22.497777777781266,14
3.0,0 days 00:01:36.290000,MEDIUM,3.0,1,1,9.713888888882138,14
4.0,0 days 00:01:36.674000,MEDIUM,4.0,1,1,134.26194444446446,31
5.0,0 days 00:01:37.613000,MEDIUM,5.0,1,1,14.570555555535975,14
6.0,0 days 00:01:35.993000,MEDIUM,6.0,1,1,124.61583333336239,14
7.0,0 days 00:01:36.416000,MEDIUM,7.0,1,1,107.35527777785319,14
8.0,0 days 00:01:38,MEDIUM,8.0,1,1,43.12277777781128,31
9.0,0 days 00:01:37.190000,MEDIUM,9.0,1,1,8.25138888884976,31
10.0,0 days 00:01:37.055000,MEDIUM,10.0,1,1,9.093055555487808,14
11.0,0 days 00:01:36.416000,MEDIUM,11.0,1,1,73.07527777763607,14
12.0,0 days 00:01:36.453000,MEDIUM,12.0,1,1,20.354444444412366,20
13.0,0 days 00:01:35.967000,MEDIUM,13.0,1,1,75.1180555553874,14
14.0,0 days 00:01:36.398000,MEDIUM,14.0,1,1,38.13250000006519,14
15.0,0 days 00:01:36.774000,MEDIUM,15.0,1,1,43.77416666671343,14
16.0,0 days 00:02:00.798000,MEDIUM,16.0,264,1,4.588888889338705,20
17.0,,HARD,1.0,4,2,397.2491666672431,63
18.0,,HARD,2.0,4,2,33.61527777793526,14
19.0,,HARD,3.0,4,2,6.701944444779656,14
20.0,,HARD,4.0,4,2,88.27555555598519,14
21.0,0 days 00:01:38.084000,HARD,5.0,1,2,27.130277777978336,27
22.0,0 days 00:01:37.061000,HARD,6.0,1,2,0.9944444446009584,27
23.0,0 days 00:01:35.816000,HARD,7.0,1,2,8.252777777961455,27
24.0,0 days 00:01:35.292000,HARD,8.0,1,2,340.55166666687,11
25.0,0 days 00:01:34.639000,HARD,9.0,1,2,367.87805555560044,11
26.0,0 days 00:01:34.735000,HARD,10.0,1,2,380.1536111111054,11
27.0,0 days 00:01:35.516000,HARD,11.0,1,2,335.796944444417,20
28.0,0 days 00:01:35.096000,HARD,12.0,1,2,403.32444444447174,20
29.0,0 days 00:01:34.498000,HARD,13.0,1,2,441.14749999999185,20
30.0,0 days 00:01:34.499000,HARD,14.0,1,2,405.78694444466964,20
31.0,0 days 00:01:33.979000,HARD,15.0,1,2,419.82083333315677,20
32.0,0 days 00:01:35.173000,HARD,16.0,1,2,387.7200000004377,20
33.0,0 days 00:01:35.069000,HARD,17.0,1,2,458.49694444501074,20
34.0,0 days 00:01:34.060000,HARD,18.0,1,2,14.20611111211474,14
35.0,0 days 00:01:37.908000,HARD,19.0,1,2,489.79277777910465,20
36.0,0 days 00:02:15.831000,MEDIUM,1.0,1,3,34.446388890064554,31
1.0,,MEDIUM,1.0,1,1,,
2.0,0 days 00:01:37.232000,MEDIUM,2.0,1,1,107.0841666666629,63
3.0,0 days 00:01:36.574000,MEDIUM,3.0,1,1,184.17611111112092,63
4.0,0 days 00:01:36.113000,MEDIUM,4.0,1,1,30.477777777752635,77
5.0,0 days 00:01:36.191000,MEDIUM,5.0,1,1,61.72805555559535,31
6.0,0 days 00:01:36.083000,MEDIUM,6.0,1,1,77.79000000000087,31
7.0,0 days 00:01:37.759000,MEDIUM,7.0,1,1,86.91194444440771,31
8.0,0 days 00:01:38.308000,MEDIUM,8.0,1,1,7.49972222217184,77
9.0,0 days 00:01:36.617000,MEDIUM,9.0,1,1,33.25138888899528,77
10.0,0 days 00:01:36.341000,MEDIUM,10.0,1,1,30.66333333329385,31
11.0,0 days 00:01:36.502000,MEDIUM,11.0,1,1,22.336388888856163,31
12.0,0 days 00:01:36.315000,MEDIUM,12.0,1,1,25.03583333331335,31
13.0,0 days 00:01:36.431000,MEDIUM,13.0,1,1,2.757222222368,31
14.0,0 days 00:01:36.486000,MEDIUM,14.0,1,1,643.9791666667297,63
15.0,0 days 00:01:36.792000,MEDIUM,15.0,1,1,662.0222222223674,63
16.0,0 days 00:01:58.830000,MEDIUM,16.0,264,1,638.4597222222656,11
17.0,,HARD,1.0,4,2,7.074722221877892,77
18.0,,HARD,2.0,4,2,125.23055555547762,27
19.0,0 days 00:02:29.932000,HARD,3.0,4,2,121.83333333315386,27
20.0,,HARD,4.0,4,2,35.9527777776093,27
21.0,0 days 00:01:37.877000,HARD,5.0,1,2,38.74861111078644,31
22.0,0 days 00:01:36.705000,HARD,6.0,1,2,14.575555555260507,31
23.0,0 days 00:01:35.666000,HARD,7.0,1,2,33.02888888842426,77
24.0,,HARD,8.0,1,2,22.359166666370584,77
25.0,0 days 00:01:35.361000,HARD,9.0,1,2,66.07777777782758,77
26.0,0 days 00:01:34.831000,HARD,10.0,1,2,131.58055555570172,77
27.0,0 days 00:01:34.594000,HARD,11.0,1,2,151.58916666684672,77
28.0,0 days 00:01:34.943000,HARD,12.0,1,2,93.16138888895512,77
29.0,0 days 00:01:35.385000,HARD,13.0,1,2,85.49027777771698,77
30.0,0 days 00:01:34.404000,HARD,14.0,1,2,168.99749999973574,77
31.0,0 days 00:01:34.202000,HARD,15.0,1,2,158.6383333329868,77
32.0,0 days 00:01:33.953000,HARD,16.0,1,2,188.3844444435963,77
33.0,0 days 00:01:33.831000,HARD,17.0,1,2,94.44361111035687,77
34.0,0 days 00:01:34.671000,HARD,18.0,1,2,13.116111110110069,77
35.0,0 days 00:01:34.509000,HARD,19.0,1,2,69.61111110987258,77
1.0,,MEDIUM,1.0,1,1,,
2.0,0 days 00:01:38.749000,MEDIUM,2.0,1,1,31.314444444439687,18
3.0,0 days 00:01:37.376000,MEDIUM,3.0,1,1,24.760277777779265,44
4.0,0 days 00:01:37.675000,MEDIUM,4.0,1,1,35.37472222222277,44
5.0,0 days 00:01:38.130000,MEDIUM,5.0,1,1,45.186388888931106,44
6.0,0 days 00:01:37.311000,MEDIUM,6.0,1,1,76.12027777787807,4
7.0,0 days 00:01:37.139000,MEDIUM,7.0,1,1,96.46305555558502,44
8.0,0 days 00:01:40.276000,MEDIUM,8.0,1,1,99.56777777765092,18
9.0,0 days 00:01:54.148000,HARD,1.0,1,2,176.4630555554977,24
10.0,0 days 00:01:36.037000,HARD,2.0,1,2,534.1930555555446,6
11.0,0 days 00:01:36.035000,HARD,3.0,1,2,458.1952777778133,6
12.0,0 days 00:01:35.716000,HARD,4.0,1,2,378.92861111120146,6
13.0,0 days 00:01:35.955000,HARD,5.0,1,2,245.69472222214972,6
14.0,0 days 00:01:35.681000,HARD,6.0,1,2,57.636666666541714,6
15.0,0 days 00:01:35.907000,HARD,7.0,2,2,578.7694444443914,27
16.0,0 days 00:02:02.470000,HARD,8.0,264,2,580.2875000000204,4
17.0,0 days 00:02:10.632000,HARD,9.0,4,2,53.66694444438326,4
18.0,,HARD,10.0,4,2,121.99944444453286,31
19.0,,HARD,11.0,4,2,117.13805555566796,31
20.0,0 days 00:02:27.176000,HARD,12.0,4,2,320.6619444445969,31
21.0,0 days 00:01:38.412000,HARD,13.0,1,2,80.39333333379182,14
22.0,0 days 00:01:37.130000,HARD,14.0,1,2,125.47527777824143,14
23.0,0 days 00:01:35.817000,HARD,15.0,1,2,151.98222222243203,31
24.0,0 days 00:01:36.211000,HARD,16.0,1,2,164.8822222224553,27
25.0,0 days 00:01:36.439000,HARD,17.0,1,2,9.851944445079425,10
26.0,0 days 00:01:35.511000,HARD,18.0,1,2,23.375833333906485,10
27.0,0 days 00:01:35.255000,HARD,19.0,1,2,32.21055555503699,27
28.0,0 days 00:01:35.135000,HARD,20.0,1,2,323.41388888820074,31
29.0,0 days 00:01:34.982000,HARD,21.0,1,2,320.6419444436615,31
30.0,0 days 00:01:35.042000,HARD,22.0,1,2,346.0097222212353,31
31.0,0 days 00:01:35.044000,HARD,23.0,1,2,367.1241666659189,31
32.0,0 days 00:01:34.793000,HARD,24.0,1,2,414.07388888832065,31
33.0,0 days 00:01:34.701000,HARD,25.0,1,2,467.8877777772432,31
34.0,0 days 00:01:34.487000,HARD,26.0,1,2,501.5683333330089,14
35.0,0 days 00:01:34.618000,HARD,27.0,1,2,503.84027777734445,14
36.0,,HARD,28.0,26,2,279.77611110926955,77
1.0,,MEDIUM,1.0,1,1,,
2.0,0 days 00:01:40.289000,MEDIUM,2.0,1,1,33.80527777777934,27
3.0,0 days 00:01:38.121000,MEDIUM,3.0,1,1,110.67388888888854,24
4.0,0 days 00:01:38.161000,MEDIUM,4.0,1,1,161.2955555555527,27
5.0,0 days 00:01:38.662000,MEDIUM,5.0,1,1,139.67111111112536,27
6.0,0 days 00:01:38.507000,MEDIUM,6.0,1,1,170.32611111106598,27
7.0,0 days 00:01:38.018000,MEDIUM,7.0,1,1,230.25305555555678,27
8.0,0 days 00:01:38.093000,MEDIUM,8.0,1,1,197.58416666663106,23
9.0,0 days 00:01:37.530000,MEDIUM,9.0,1,1,122.86083333330316,3
10.0,0 days 00:01:37.558000,MEDIUM,10.0,1,1,160.26166666667268,23
11.0,0 days 00:01:37.736000,MEDIUM,11.0,1,1,162.35416666665697,23
12.0,0 days 00:01:38.597000,MEDIUM,12.0,1,1,157.26666666663368,23
13.0,0 days 00:01:38.208000,MEDIUM,13.0,1,1,202.47361111122882,23
14.0,0 days 00:01:38.409000,MEDIUM,14.0,1,1,64.72638888913207,23
